# Blender 5.1.1
# www.blender.org
mtllib mureta.mtl
o Cube
v 0.880001 -1.477951 15.000000
v 0.880001 -1.357951 15.120000
v 1.000001 -1.477951 15.120000
v 0.880001 -2.237951 15.000000
v 1.000001 -2.237951 15.120000
v 1.000001 -1.477951 18.879999
v 0.880001 -1.357951 18.879999
v 0.880001 -1.477951 19.000000
v 1.000001 -2.237951 18.879999
v 0.880001 -2.237951 19.000000
v -0.879999 -1.477951 15.000000
v -0.999999 -1.477951 15.120000
v -0.879999 -1.357951 15.120000
v -0.999999 -2.237951 15.120000
v -0.879999 -2.237951 15.000000
v -0.999999 -1.477951 18.879999
v -0.879999 -1.477951 19.000000
v -0.879999 -1.357951 18.879999
v -0.879999 -2.237951 19.000000
v -0.999999 -2.237951 18.879999
v 0.880001 -1.477951 11.000000
v 0.880001 -1.357951 11.120001
v 1.000001 -1.477951 11.120001
v 0.880001 -2.237951 11.000000
v 1.000001 -2.237951 11.120001
v 1.000001 -1.477951 14.880001
v 0.880001 -1.357951 14.880001
v 0.880001 -1.477951 15.000000
v 1.000001 -2.237951 14.880001
v 0.880001 -2.237951 15.000000
v -0.879999 -1.477951 11.000000
v -0.999999 -1.477951 11.120001
v -0.879999 -1.357951 11.120001
v -0.999999 -2.237951 11.120001
v -0.879999 -2.237951 11.000000
v -0.999999 -1.477951 14.880001
v -0.879999 -1.477951 15.000000
v -0.879999 -1.357951 14.880001
v -0.879999 -2.237951 15.000000
v -0.999999 -2.237951 14.880001
v 0.880001 -1.477951 7.000001
v 0.880001 -1.357951 7.120001
v 1.000001 -1.477951 7.120001
v 0.880001 -2.237951 7.000001
v 1.000001 -2.237951 7.120001
v 1.000001 -1.477951 10.880001
v 0.880001 -1.357951 10.880001
v 0.880001 -1.477951 11.000001
v 1.000001 -2.237951 10.880001
v 0.880001 -2.237951 11.000001
v -0.879999 -1.477951 7.000001
v -0.999999 -1.477951 7.120001
v -0.879999 -1.357951 7.120001
v -0.999999 -2.237951 7.120001
v -0.879999 -2.237951 7.000001
v -0.999999 -1.477951 10.880001
v -0.879999 -1.477951 11.000001
v -0.879999 -1.357951 10.880001
v -0.879999 -2.237951 11.000001
v -0.999999 -2.237951 10.880001
v 0.880001 -1.477951 3.000002
v 0.880001 -1.357951 3.120002
v 1.000001 -1.477951 3.120002
v 0.880001 -2.237951 3.000002
v 1.000001 -2.237951 3.120002
v 1.000001 -1.477951 6.880002
v 0.880001 -1.357951 6.880002
v 0.880001 -1.477951 7.000002
v 1.000001 -2.237951 6.880002
v 0.880001 -2.237951 7.000002
v -0.879999 -1.477951 3.000002
v -0.999999 -1.477951 3.120002
v -0.879999 -1.357951 3.120002
v -0.999999 -2.237951 3.120002
v -0.879999 -2.237951 3.000002
v -0.999999 -1.477951 6.880002
v -0.879999 -1.477951 7.000002
v -0.879999 -1.357951 6.880002
v -0.879999 -2.237951 7.000002
v -0.999999 -2.237951 6.880002
v 0.880001 -1.477951 -0.999998
v 0.880001 -1.357951 -0.879997
v 1.000001 -1.477951 -0.879997
v 0.880001 -2.237951 -0.999998
v 1.000001 -2.237951 -0.879997
v 1.000001 -1.477951 2.880001
v 0.880001 -1.357951 2.880001
v 0.880001 -1.477951 3.000002
v 1.000001 -2.237951 2.880001
v 0.880001 -2.237951 3.000002
v -0.879999 -1.477951 -0.999998
v -0.999999 -1.477951 -0.879997
v -0.879999 -1.357951 -0.879997
v -0.999999 -2.237951 -0.879997
v -0.879999 -2.237951 -0.999998
v -0.999999 -1.477951 2.880001
v -0.879999 -1.477951 3.000002
v -0.879999 -1.357951 2.880001
v -0.879999 -2.237951 3.000002
v -0.999999 -2.237951 2.880001
v 0.880001 -1.477951 -4.999998
v 0.880001 -1.357951 -4.879997
v 1.000001 -1.477951 -4.879997
v 0.880001 -2.237951 -4.999998
v 1.000001 -2.237951 -4.879997
v 1.000001 -1.477951 -1.119999
v 0.880001 -1.357951 -1.119999
v 0.880001 -1.477951 -0.999998
v 1.000001 -2.237951 -1.119999
v 0.880001 -2.237951 -0.999998
v -0.879999 -1.477951 -4.999998
v -0.999999 -1.477951 -4.879997
v -0.879999 -1.357951 -4.879997
v -0.999999 -2.237951 -4.879997
v -0.879999 -2.237951 -4.999998
v -0.999999 -1.477951 -1.119999
v -0.879999 -1.477951 -0.999998
v -0.879999 -1.357951 -1.119999
v -0.879999 -2.237951 -0.999998
v -0.999999 -2.237951 -1.119999
v 0.880001 -1.477951 -8.999996
v 0.880001 -1.357951 -8.879995
v 1.000001 -1.477951 -8.879995
v 0.880001 -2.237951 -8.999996
v 1.000001 -2.237951 -8.879995
v 1.000001 -1.477951 -5.119997
v 0.880001 -1.357951 -5.119997
v 0.880001 -1.477951 -4.999996
v 1.000001 -2.237951 -5.119997
v 0.880001 -2.237951 -4.999996
v -0.879999 -1.477951 -8.999996
v -0.999999 -1.477951 -8.879995
v -0.879999 -1.357951 -8.879995
v -0.999999 -2.237951 -8.879995
v -0.879999 -2.237951 -8.999996
v -0.999999 -1.477951 -5.119997
v -0.879999 -1.477951 -4.999996
v -0.879999 -1.357951 -5.119997
v -0.879999 -2.237951 -4.999996
v -0.999999 -2.237951 -5.119997
v 0.880001 -1.477951 -12.999996
v 0.880001 -1.357951 -12.879995
v 1.000001 -1.477951 -12.879995
v 0.880001 -2.237951 -12.999996
v 1.000001 -2.237951 -12.879995
v 1.000001 -1.477951 -9.119997
v 0.880001 -1.357951 -9.119997
v 0.880001 -1.477951 -8.999996
v 1.000001 -2.237951 -9.119997
v 0.880001 -2.237951 -8.999996
v -0.879999 -1.477951 -12.999996
v -0.999999 -1.477951 -12.879995
v -0.879999 -1.357951 -12.879995
v -0.999999 -2.237951 -12.879995
v -0.879999 -2.237951 -12.999996
v -0.999999 -1.477951 -9.119997
v -0.879999 -1.477951 -8.999996
v -0.879999 -1.357951 -9.119997
v -0.879999 -2.237951 -8.999996
v -0.999999 -2.237951 -9.119997
v 0.880001 -1.477951 -16.999996
v 0.880001 -1.357951 -16.879997
v 1.000001 -1.477951 -16.879997
v 0.880001 -2.237951 -16.999996
v 1.000001 -2.237951 -16.879997
v 1.000001 -1.477951 -13.119995
v 0.880001 -1.357951 -13.119995
v 0.880001 -1.477951 -12.999996
v 1.000001 -2.237951 -13.119995
v 0.880001 -2.237951 -12.999996
v -0.879999 -1.477951 -16.999996
v -0.999999 -1.477951 -16.879997
v -0.879999 -1.357951 -16.879997
v -0.999999 -2.237951 -16.879997
v -0.879999 -2.237951 -16.999996
v -0.999999 -1.477951 -13.119995
v -0.879999 -1.477951 -12.999996
v -0.879999 -1.357951 -13.119995
v -0.879999 -2.237951 -12.999996
v -0.999999 -2.237951 -13.119995
v 1.000001 -1.477951 -17.119995
v 0.880001 -1.357951 -17.119995
v 0.880001 -1.477951 -16.999996
v 1.000001 -2.237951 -17.119995
v 0.880001 -2.237951 -16.999996
v -0.999999 -1.477951 -17.119995
v -0.879999 -1.477951 -16.999996
v -0.879999 -1.357951 -17.119995
v -0.879999 -2.237951 -16.999996
v -0.999999 -2.237951 -17.119995
v 1.000001 -0.477951 17.120001
v 0.880001 -0.477951 17.000000
v 0.880001 -0.357951 17.120001
v 0.880001 -1.357951 17.120001
v 0.880001 -1.237951 17.000000
v 1.000001 -1.237951 17.120001
v -0.879999 -0.477951 17.000000
v -0.999999 -0.477951 17.120001
v -0.879999 -0.357951 17.120001
v -0.879999 -1.357951 17.120001
v -0.999999 -1.237951 17.120001
v -0.879999 -1.237951 17.000000
v 0.880001 -0.477951 13.000000
v 0.880001 -0.357951 13.120001
v 1.000001 -0.477951 13.120001
v 0.880001 -1.357951 13.120001
v 0.880001 -1.237951 13.000000
v 1.000001 -1.237951 13.120001
v 1.000001 -0.477951 16.880001
v 0.880001 -0.357951 16.880001
v 0.880001 -0.477951 17.000000
v 1.000001 -1.237951 16.880001
v 0.880001 -1.237951 17.000000
v 0.880001 -1.357951 16.880001
v -0.879999 -0.477951 13.000000
v -0.999999 -0.477951 13.120001
v -0.879999 -0.357951 13.120001
v -0.999999 -1.237951 13.120001
v -0.879999 -1.237951 13.000000
v -0.879999 -1.357951 13.120001
v -0.999999 -0.477951 16.880001
v -0.879999 -0.477951 17.000000
v -0.879999 -0.357951 16.880001
v -0.879999 -1.357951 16.880001
v -0.879999 -1.237951 17.000000
v -0.999999 -1.237951 16.880001
v 0.880001 -0.477951 9.000001
v 0.880001 -0.357951 9.120001
v 1.000001 -0.477951 9.120001
v 0.880001 -1.357951 9.120001
v 0.880001 -1.237951 9.000001
v 1.000001 -1.237951 9.120001
v 1.000001 -0.477951 12.880001
v 0.880001 -0.357951 12.880001
v 0.880001 -0.477951 13.000001
v 1.000001 -1.237951 12.880001
v 0.880001 -1.237951 13.000001
v 0.880001 -1.357951 12.880001
v -0.879999 -0.477951 9.000001
v -0.999999 -0.477951 9.120001
v -0.879999 -0.357951 9.120001
v -0.999999 -1.237951 9.120001
v -0.879999 -1.237951 9.000001
v -0.879999 -1.357951 9.120001
v -0.999999 -0.477951 12.880001
v -0.879999 -0.477951 13.000001
v -0.879999 -0.357951 12.880001
v -0.879999 -1.357951 12.880001
v -0.879999 -1.237951 13.000001
v -0.999999 -1.237951 12.880001
v 0.880001 -0.477951 5.000002
v 0.880001 -0.357951 5.120002
v 1.000001 -0.477951 5.120002
v 0.880001 -1.357951 5.120002
v 0.880001 -1.237951 5.000002
v 1.000001 -1.237951 5.120002
v 1.000001 -0.477951 8.880002
v 0.880001 -0.357951 8.880002
v 0.880001 -0.477951 9.000002
v 1.000001 -1.237951 8.880002
v 0.880001 -1.237951 9.000002
v 0.880001 -1.357951 8.880002
v -0.879999 -0.477951 5.000002
v -0.999999 -0.477951 5.120002
v -0.879999 -0.357951 5.120002
v -0.999999 -1.237951 5.120002
v -0.879999 -1.237951 5.000002
v -0.879999 -1.357951 5.120002
v -0.999999 -0.477951 8.880002
v -0.879999 -0.477951 9.000002
v -0.879999 -0.357951 8.880002
v -0.879999 -1.357951 8.880002
v -0.879999 -1.237951 9.000002
v -0.999999 -1.237951 8.880002
v 0.880001 -0.477951 1.000002
v 0.880001 -0.357951 1.120003
v 1.000001 -0.477951 1.120003
v 0.880001 -1.357951 1.120003
v 0.880001 -1.237951 1.000002
v 1.000001 -1.237951 1.120003
v 1.000001 -0.477951 4.880002
v 0.880001 -0.357951 4.880002
v 0.880001 -0.477951 5.000002
v 1.000001 -1.237951 4.880002
v 0.880001 -1.237951 5.000002
v 0.880001 -1.357951 4.880002
v -0.879999 -0.477951 1.000002
v -0.999999 -0.477951 1.120003
v -0.879999 -0.357951 1.120003
v -0.999999 -1.237951 1.120003
v -0.879999 -1.237951 1.000002
v -0.879999 -1.357951 1.120003
v -0.999999 -0.477951 4.880002
v -0.879999 -0.477951 5.000002
v -0.879999 -0.357951 4.880002
v -0.879999 -1.357951 4.880002
v -0.879999 -1.237951 5.000002
v -0.999999 -1.237951 4.880002
v 0.880001 -0.477951 -2.999998
v 0.880001 -0.357951 -2.879997
v 1.000001 -0.477951 -2.879997
v 0.880001 -1.357951 -2.879997
v 0.880001 -1.237951 -2.999998
v 1.000001 -1.237951 -2.879997
v 1.000001 -0.477951 0.880001
v 0.880001 -0.357951 0.880001
v 0.880001 -0.477951 1.000002
v 1.000001 -1.237951 0.880001
v 0.880001 -1.237951 1.000002
v 0.880001 -1.357951 0.880001
v -0.879999 -0.477951 -2.999998
v -0.999999 -0.477951 -2.879997
v -0.879999 -0.357951 -2.879997
v -0.999999 -1.237951 -2.879997
v -0.879999 -1.237951 -2.999998
v -0.879999 -1.357951 -2.879997
v -0.999999 -0.477951 0.880001
v -0.879999 -0.477951 1.000002
v -0.879999 -0.357951 0.880001
v -0.879999 -1.357951 0.880001
v -0.879999 -1.237951 1.000002
v -0.999999 -1.237951 0.880001
v 0.880001 -0.477951 -6.999996
v 0.880001 -0.357951 -6.879995
v 1.000001 -0.477951 -6.879995
v 0.880001 -1.357951 -6.879995
v 0.880001 -1.237951 -6.999996
v 1.000001 -1.237951 -6.879995
v 1.000001 -0.477951 -3.119997
v 0.880001 -0.357951 -3.119997
v 0.880001 -0.477951 -2.999996
v 1.000001 -1.237951 -3.119997
v 0.880001 -1.237951 -2.999996
v 0.880001 -1.357951 -3.119997
v -0.879999 -0.477951 -6.999996
v -0.999999 -0.477951 -6.879995
v -0.879999 -0.357951 -6.879995
v -0.999999 -1.237951 -6.879995
v -0.879999 -1.237951 -6.999996
v -0.879999 -1.357951 -6.879995
v -0.999999 -0.477951 -3.119997
v -0.879999 -0.477951 -2.999996
v -0.879999 -0.357951 -3.119997
v -0.879999 -1.357951 -3.119997
v -0.879999 -1.237951 -2.999996
v -0.999999 -1.237951 -3.119997
v 0.880001 -0.477951 -10.999996
v 0.880001 -0.357951 -10.879995
v 1.000001 -0.477951 -10.879995
v 0.880001 -1.357951 -10.879995
v 0.880001 -1.237951 -10.999996
v 1.000001 -1.237951 -10.879995
v 1.000001 -0.477951 -7.119997
v 0.880001 -0.357951 -7.119997
v 0.880001 -0.477951 -6.999996
v 1.000001 -1.237951 -7.119997
v 0.880001 -1.237951 -6.999996
v 0.880001 -1.357951 -7.119997
v -0.879999 -0.477951 -10.999996
v -0.999999 -0.477951 -10.879995
v -0.879999 -0.357951 -10.879995
v -0.999999 -1.237951 -10.879995
v -0.879999 -1.237951 -10.999996
v -0.879999 -1.357951 -10.879995
v -0.999999 -0.477951 -7.119997
v -0.879999 -0.477951 -6.999996
v -0.879999 -0.357951 -7.119997
v -0.879999 -1.357951 -7.119997
v -0.879999 -1.237951 -6.999996
v -0.999999 -1.237951 -7.119997
v 0.880001 -0.477951 -14.999996
v 0.880001 -0.357951 -14.879997
v 1.000001 -0.477951 -14.879997
v 0.880001 -1.357951 -14.879997
v 0.880001 -1.237951 -14.999996
v 1.000001 -1.237951 -14.879997
v 1.000001 -0.477951 -11.119997
v 0.880001 -0.357951 -11.119997
v 0.880001 -0.477951 -10.999996
v 1.000001 -1.237951 -11.119997
v 0.880001 -1.237951 -10.999996
v 0.880001 -1.357951 -11.119997
v -0.879999 -0.477951 -14.999996
v -0.999999 -0.477951 -14.879997
v -0.879999 -0.357951 -14.879997
v -0.999999 -1.237951 -14.879997
v -0.879999 -1.237951 -14.999996
v -0.879999 -1.357951 -14.879997
v -0.999999 -0.477951 -11.119997
v -0.879999 -0.477951 -10.999996
v -0.879999 -0.357951 -11.119997
v -0.879999 -1.357951 -11.119997
v -0.879999 -1.237951 -10.999996
v -0.999999 -1.237951 -11.119997
v 0.880001 -0.477951 -18.999996
v 0.880001 -0.357951 -18.879997
v 1.000001 -0.477951 -18.879997
v 0.880001 -1.357951 -18.879997
v 0.880001 -1.237951 -18.999996
v 1.000001 -1.237951 -18.879997
v 1.000001 -0.477951 -15.119995
v 0.880001 -0.357951 -15.119995
v 0.880001 -0.477951 -14.999996
v 1.000001 -1.237951 -15.119995
v 0.880001 -1.237951 -14.999996
v 0.880001 -1.357951 -15.119995
v -0.879999 -0.477951 -18.999996
v -0.999999 -0.477951 -18.879997
v -0.879999 -0.357951 -18.879997
v -0.999999 -1.237951 -18.879997
v -0.879999 -1.237951 -18.999996
v -0.879999 -1.357951 -18.879997
v -0.999999 -0.477951 -15.119995
v -0.879999 -0.477951 -14.999996
v -0.879999 -0.357951 -15.119995
v -0.879999 -1.357951 -15.119995
v -0.879999 -1.237951 -14.999996
v -0.999999 -1.237951 -15.119995
v 0.880001 0.522049 15.000000
v 0.880001 0.642050 15.120000
v 1.000001 0.522049 15.120000
v 0.880001 -0.357951 15.120000
v 0.880001 -0.237951 15.000000
v 1.000001 -0.237951 15.120000
v 1.000001 0.522049 18.879999
v 0.880001 0.642050 18.879999
v 0.880001 0.522049 19.000000
v 1.000001 -0.237951 18.879999
v 0.880001 -0.237951 19.000000
v 0.880001 -0.357951 18.879999
v -0.879999 0.522049 15.000000
v -0.999999 0.522049 15.120000
v -0.879999 0.642050 15.120000
v -0.999999 -0.237951 15.120000
v -0.879999 -0.237951 15.000000
v -0.879999 -0.357951 15.120000
v -0.999999 0.522049 18.879999
v -0.879999 0.522049 19.000000
v -0.879999 0.642050 18.879999
v -0.879999 -0.357951 18.879999
v -0.879999 -0.237951 19.000000
v -0.999999 -0.237951 18.879999
v 0.880001 0.522049 11.000000
v 0.880001 0.642050 11.120001
v 1.000001 0.522049 11.120001
v 0.880001 -0.357951 11.120001
v 0.880001 -0.237951 11.000000
v 1.000001 -0.237951 11.120001
v 1.000001 0.522049 14.880001
v 0.880001 0.642050 14.880001
v 0.880001 0.522049 15.000000
v 1.000001 -0.237951 14.880001
v 0.880001 -0.237951 15.000000
v 0.880001 -0.357951 14.880001
v -0.879999 0.522049 11.000000
v -0.999999 0.522049 11.120001
v -0.879999 0.642050 11.120001
v -0.999999 -0.237951 11.120001
v -0.879999 -0.237951 11.000000
v -0.879999 -0.357951 11.120001
v -0.999999 0.522049 14.880001
v -0.879999 0.522049 15.000000
v -0.879999 0.642050 14.880001
v -0.879999 -0.357951 14.880001
v -0.879999 -0.237951 15.000000
v -0.999999 -0.237951 14.880001
v 0.880001 0.522049 7.000001
v 0.880001 0.642050 7.120001
v 1.000001 0.522049 7.120001
v 0.880001 -0.357951 7.120001
v 0.880001 -0.237951 7.000001
v 1.000001 -0.237951 7.120001
v 1.000001 0.522049 10.880001
v 0.880001 0.642050 10.880001
v 0.880001 0.522049 11.000001
v 1.000001 -0.237951 10.880001
v 0.880001 -0.237951 11.000001
v 0.880001 -0.357951 10.880001
v -0.879999 0.522049 7.000001
v -0.999999 0.522049 7.120001
v -0.879999 0.642050 7.120001
v -0.999999 -0.237951 7.120001
v -0.879999 -0.237951 7.000001
v -0.879999 -0.357951 7.120001
v -0.999999 0.522049 10.880001
v -0.879999 0.522049 11.000001
v -0.879999 0.642050 10.880001
v -0.879999 -0.357951 10.880001
v -0.879999 -0.237951 11.000001
v -0.999999 -0.237951 10.880001
v 0.880001 0.522049 3.000002
v 0.880001 0.642050 3.120002
v 1.000001 0.522049 3.120002
v 0.880001 -0.357951 3.120002
v 0.880001 -0.237951 3.000002
v 1.000001 -0.237951 3.120002
v 1.000001 0.522049 6.880002
v 0.880001 0.642050 6.880002
v 0.880001 0.522049 7.000002
v 1.000001 -0.237951 6.880002
v 0.880001 -0.237951 7.000002
v 0.880001 -0.357951 6.880002
v -0.879999 0.522049 3.000002
v -0.999999 0.522049 3.120002
v -0.879999 0.642050 3.120002
v -0.999999 -0.237951 3.120002
v -0.879999 -0.237951 3.000002
v -0.879999 -0.357951 3.120002
v -0.999999 0.522049 6.880002
v -0.879999 0.522049 7.000002
v -0.879999 0.642050 6.880002
v -0.879999 -0.357951 6.880002
v -0.879999 -0.237951 7.000002
v -0.999999 -0.237951 6.880002
v 0.880001 0.522049 -0.999998
v 0.880001 0.642050 -0.879997
v 1.000001 0.522049 -0.879997
v 0.880001 -0.357951 -0.879997
v 0.880001 -0.237951 -0.999998
v 1.000001 -0.237951 -0.879997
v 1.000001 0.522049 2.880001
v 0.880001 0.642050 2.880001
v 0.880001 0.522049 3.000002
v 1.000001 -0.237951 2.880001
v 0.880001 -0.237951 3.000002
v 0.880001 -0.357951 2.880001
v -0.879999 0.522049 -0.999998
v -0.999999 0.522049 -0.879997
v -0.879999 0.642050 -0.879997
v -0.999999 -0.237951 -0.879997
v -0.879999 -0.237951 -0.999998
v -0.879999 -0.357951 -0.879997
v -0.999999 0.522049 2.880001
v -0.879999 0.522049 3.000002
v -0.879999 0.642050 2.880001
v -0.879999 -0.357951 2.880001
v -0.879999 -0.237951 3.000002
v -0.999999 -0.237951 2.880001
v 0.880001 0.522049 -4.999998
v 0.880001 0.642050 -4.879997
v 1.000001 0.522049 -4.879997
v 0.880001 -0.357951 -4.879997
v 0.880001 -0.237951 -4.999998
v 1.000001 -0.237951 -4.879997
v 1.000001 0.522049 -1.119999
v 0.880001 0.642050 -1.119999
v 0.880001 0.522049 -0.999998
v 1.000001 -0.237951 -1.119999
v 0.880001 -0.237951 -0.999998
v 0.880001 -0.357951 -1.119999
v -0.879999 0.522049 -4.999998
v -0.999999 0.522049 -4.879997
v -0.879999 0.642050 -4.879997
v -0.999999 -0.237951 -4.879997
v -0.879999 -0.237951 -4.999998
v -0.879999 -0.357951 -4.879997
v -0.999999 0.522049 -1.119999
v -0.879999 0.522049 -0.999998
v -0.879999 0.642050 -1.119999
v -0.879999 -0.357951 -1.119999
v -0.879999 -0.237951 -0.999998
v -0.999999 -0.237951 -1.119999
v 0.880001 0.522049 -8.999996
v 0.880001 0.642050 -8.879995
v 1.000001 0.522049 -8.879995
v 0.880001 -0.357951 -8.879995
v 0.880001 -0.237951 -8.999996
v 1.000001 -0.237951 -8.879995
v 1.000001 0.522049 -5.119997
v 0.880001 0.642050 -5.119997
v 0.880001 0.522049 -4.999996
v 1.000001 -0.237951 -5.119997
v 0.880001 -0.237951 -4.999996
v 0.880001 -0.357951 -5.119997
v -0.879999 0.522049 -8.999996
v -0.999999 0.522049 -8.879995
v -0.879999 0.642050 -8.879995
v -0.999999 -0.237951 -8.879995
v -0.879999 -0.237951 -8.999996
v -0.879999 -0.357951 -8.879995
v -0.999999 0.522049 -5.119997
v -0.879999 0.522049 -4.999996
v -0.879999 0.642050 -5.119997
v -0.879999 -0.357951 -5.119997
v -0.879999 -0.237951 -4.999996
v -0.999999 -0.237951 -5.119997
v 0.880001 0.522049 -12.999996
v 0.880001 0.642050 -12.879995
v 1.000001 0.522049 -12.879995
v 0.880001 -0.357951 -12.879995
v 0.880001 -0.237951 -12.999996
v 1.000001 -0.237951 -12.879995
v 1.000001 0.522049 -9.119997
v 0.880001 0.642050 -9.119997
v 0.880001 0.522049 -8.999996
v 1.000001 -0.237951 -9.119997
v 0.880001 -0.237951 -8.999996
v 0.880001 -0.357951 -9.119997
v -0.879999 0.522049 -12.999996
v -0.999999 0.522049 -12.879995
v -0.879999 0.642050 -12.879995
v -0.999999 -0.237951 -12.879995
v -0.879999 -0.237951 -12.999996
v -0.879999 -0.357951 -12.879995
v -0.999999 0.522049 -9.119997
v -0.879999 0.522049 -8.999996
v -0.879999 0.642050 -9.119997
v -0.879999 -0.357951 -9.119997
v -0.879999 -0.237951 -8.999996
v -0.999999 -0.237951 -9.119997
v 0.880001 0.522049 -16.999996
v 0.880001 0.642050 -16.879997
v 1.000001 0.522049 -16.879997
v 0.880001 -0.357951 -16.879997
v 0.880001 -0.237951 -16.999996
v 1.000001 -0.237951 -16.879997
v 1.000001 0.522049 -13.119995
v 0.880001 0.642050 -13.119995
v 0.880001 0.522049 -12.999996
v 1.000001 -0.237951 -13.119995
v 0.880001 -0.237951 -12.999996
v 0.880001 -0.357951 -13.119995
v -0.879999 0.522049 -16.999996
v -0.999999 0.522049 -16.879997
v -0.879999 0.642050 -16.879997
v -0.999999 -0.237951 -16.879997
v -0.879999 -0.237951 -16.999996
v -0.879999 -0.357951 -16.879997
v -0.999999 0.522049 -13.119995
v -0.879999 0.522049 -12.999996
v -0.879999 0.642050 -13.119995
v -0.879999 -0.357951 -13.119995
v -0.879999 -0.237951 -12.999996
v -0.999999 -0.237951 -13.119995
v 1.000001 0.522049 -17.119995
v 0.880001 0.642050 -17.119995
v 0.880001 0.522049 -16.999996
v 1.000001 -0.237951 -17.119995
v 0.880001 -0.237951 -16.999996
v 0.880001 -0.357951 -17.119995
v -0.999999 0.522049 -17.119995
v -0.879999 0.522049 -16.999996
v -0.879999 0.642050 -17.119995
v -0.879999 -0.357951 -17.119995
v -0.879999 -0.237951 -16.999996
v -0.999999 -0.237951 -17.119995
v 1.000001 1.522047 17.120001
v 0.880001 1.522047 17.000000
v 0.880001 1.642048 17.120001
v 0.880001 0.642048 17.120001
v 0.880001 0.762049 17.000000
v 1.000001 0.762049 17.120001
v -0.879999 1.522047 17.000000
v -0.999999 1.522047 17.120001
v -0.879999 1.642048 17.120001
v -0.879999 0.642048 17.120001
v -0.999999 0.762049 17.120001
v -0.879999 0.762049 17.000000
v 0.880001 1.522047 13.000000
v 0.880001 1.642048 13.120001
v 1.000001 1.522047 13.120001
v 0.880001 0.642048 13.120001
v 0.880001 0.762049 13.000000
v 1.000001 0.762049 13.120001
v 1.000001 1.522047 16.880001
v 0.880001 1.642048 16.880001
v 0.880001 1.522047 17.000000
v 1.000001 0.762049 16.880001
v 0.880001 0.762049 17.000000
v 0.880001 0.642048 16.880001
v -0.879999 1.522047 13.000000
v -0.999999 1.522047 13.120001
v -0.879999 1.642048 13.120001
v -0.999999 0.762049 13.120001
v -0.879999 0.762049 13.000000
v -0.879999 0.642048 13.120001
v -0.999999 1.522047 16.880001
v -0.879999 1.522047 17.000000
v -0.879999 1.642048 16.880001
v -0.879999 0.642048 16.880001
v -0.879999 0.762049 17.000000
v -0.999999 0.762049 16.880001
v 0.880001 1.522047 9.000001
v 0.880001 1.642048 9.120001
v 1.000001 1.522047 9.120001
v 0.880001 0.642048 9.120001
v 0.880001 0.762049 9.000001
v 1.000001 0.762049 9.120001
v 1.000001 1.522047 12.880001
v 0.880001 1.642048 12.880001
v 0.880001 1.522047 13.000001
v 1.000001 0.762049 12.880001
v 0.880001 0.762049 13.000001
v 0.880001 0.642048 12.880001
v -0.879999 1.522047 9.000001
v -0.999999 1.522047 9.120001
v -0.879999 1.642048 9.120001
v -0.999999 0.762049 9.120001
v -0.879999 0.762049 9.000001
v -0.879999 0.642048 9.120001
v -0.999999 1.522047 12.880001
v -0.879999 1.522047 13.000001
v -0.879999 1.642048 12.880001
v -0.879999 0.642048 12.880001
v -0.879999 0.762049 13.000001
v -0.999999 0.762049 12.880001
v 0.880001 1.522047 5.000002
v 0.880001 1.642048 5.120002
v 1.000001 1.522047 5.120002
v 0.880001 0.642048 5.120002
v 0.880001 0.762049 5.000002
v 1.000001 0.762049 5.120002
v 1.000001 1.522047 8.880002
v 0.880001 1.642048 8.880002
v 0.880001 1.522047 9.000002
v 1.000001 0.762049 8.880002
v 0.880001 0.762049 9.000002
v 0.880001 0.642048 8.880002
v -0.879999 1.522047 5.000002
v -0.999999 1.522047 5.120002
v -0.879999 1.642048 5.120002
v -0.999999 0.762049 5.120002
v -0.879999 0.762049 5.000002
v -0.879999 0.642048 5.120002
v -0.999999 1.522047 8.880002
v -0.879999 1.522047 9.000002
v -0.879999 1.642048 8.880002
v -0.879999 0.642048 8.880002
v -0.879999 0.762049 9.000002
v -0.999999 0.762049 8.880002
v 0.880001 1.522047 1.000002
v 0.880001 1.642048 1.120003
v 1.000001 1.522047 1.120003
v 0.880001 0.642048 1.120003
v 0.880001 0.762049 1.000002
v 1.000001 0.762049 1.120003
v 1.000001 1.522047 4.880002
v 0.880001 1.642048 4.880002
v 0.880001 1.522047 5.000002
v 1.000001 0.762049 4.880002
v 0.880001 0.762049 5.000002
v 0.880001 0.642048 4.880002
v -0.879999 1.522047 1.000002
v -0.999999 1.522047 1.120003
v -0.879999 1.642048 1.120003
v -0.999999 0.762049 1.120003
v -0.879999 0.762049 1.000002
v -0.879999 0.642048 1.120003
v -0.999999 1.522047 4.880002
v -0.879999 1.522047 5.000002
v -0.879999 1.642048 4.880002
v -0.879999 0.642048 4.880002
v -0.879999 0.762049 5.000002
v -0.999999 0.762049 4.880002
v 0.880001 1.522047 -2.999998
v 0.880001 1.642048 -2.879997
v 1.000001 1.522047 -2.879997
v 0.880001 0.642048 -2.879997
v 0.880001 0.762049 -2.999998
v 1.000001 0.762049 -2.879997
v 1.000001 1.522047 0.880001
v 0.880001 1.642048 0.880001
v 0.880001 1.522047 1.000002
v 1.000001 0.762049 0.880001
v 0.880001 0.762049 1.000002
v 0.880001 0.642048 0.880001
v -0.879999 1.522047 -2.999998
v -0.999999 1.522047 -2.879997
v -0.879999 1.642048 -2.879997
v -0.999999 0.762049 -2.879997
v -0.879999 0.762049 -2.999998
v -0.879999 0.642048 -2.879997
v -0.999999 1.522047 0.880001
v -0.879999 1.522047 1.000002
v -0.879999 1.642048 0.880001
v -0.879999 0.642048 0.880001
v -0.879999 0.762049 1.000002
v -0.999999 0.762049 0.880001
v 0.880001 1.522047 -6.999996
v 0.880001 1.642048 -6.879995
v 1.000001 1.522047 -6.879995
v 0.880001 0.642048 -6.879995
v 0.880001 0.762049 -6.999996
v 1.000001 0.762049 -6.879995
v 1.000001 1.522047 -3.119997
v 0.880001 1.642048 -3.119997
v 0.880001 1.522047 -2.999996
v 1.000001 0.762049 -3.119997
v 0.880001 0.762049 -2.999996
v 0.880001 0.642048 -3.119997
v -0.879999 1.522047 -6.999996
v -0.999999 1.522047 -6.879995
v -0.879999 1.642048 -6.879995
v -0.999999 0.762049 -6.879995
v -0.879999 0.762049 -6.999996
v -0.879999 0.642048 -6.879995
v -0.999999 1.522047 -3.119997
v -0.879999 1.522047 -2.999996
v -0.879999 1.642048 -3.119997
v -0.879999 0.642048 -3.119997
v -0.879999 0.762049 -2.999996
v -0.999999 0.762049 -3.119997
v 0.880001 1.522047 -10.999996
v 0.880001 1.642048 -10.879995
v 1.000001 1.522047 -10.879995
v 0.880001 0.642048 -10.879995
v 0.880001 0.762049 -10.999996
v 1.000001 0.762049 -10.879995
v 1.000001 1.522047 -7.119997
v 0.880001 1.642048 -7.119997
v 0.880001 1.522047 -6.999996
v 1.000001 0.762049 -7.119997
v 0.880001 0.762049 -6.999996
v 0.880001 0.642048 -7.119997
v -0.879999 1.522047 -10.999996
v -0.999999 1.522047 -10.879995
v -0.879999 1.642048 -10.879995
v -0.999999 0.762049 -10.879995
v -0.879999 0.762049 -10.999996
v -0.879999 0.642048 -10.879995
v -0.999999 1.522047 -7.119997
v -0.879999 1.522047 -6.999996
v -0.879999 1.642048 -7.119997
v -0.879999 0.642048 -7.119997
v -0.879999 0.762049 -6.999996
v -0.999999 0.762049 -7.119997
v 0.880001 1.522047 -14.999996
v 0.880001 1.642048 -14.879997
v 1.000001 1.522047 -14.879997
v 0.880001 0.642048 -14.879997
v 0.880001 0.762049 -14.999996
v 1.000001 0.762049 -14.879997
v 1.000001 1.522047 -11.119997
v 0.880001 1.642048 -11.119997
v 0.880001 1.522047 -10.999996
v 1.000001 0.762049 -11.119997
v 0.880001 0.762049 -10.999996
v 0.880001 0.642048 -11.119997
v -0.879999 1.522047 -14.999996
v -0.999999 1.522047 -14.879997
v -0.879999 1.642048 -14.879997
v -0.999999 0.762049 -14.879997
v -0.879999 0.762049 -14.999996
v -0.879999 0.642048 -14.879997
v -0.999999 1.522047 -11.119997
v -0.879999 1.522047 -10.999996
v -0.879999 1.642048 -11.119997
v -0.879999 0.642048 -11.119997
v -0.879999 0.762049 -10.999996
v -0.999999 0.762049 -11.119997
v 0.880001 1.522047 -18.999996
v 0.880001 1.642048 -18.879997
v 1.000001 1.522047 -18.879997
v 0.880001 0.642048 -18.879997
v 0.880001 0.762049 -18.999996
v 1.000001 0.762049 -18.879997
v 1.000001 1.522047 -15.119995
v 0.880001 1.642048 -15.119995
v 0.880001 1.522047 -14.999996
v 1.000001 0.762049 -15.119995
v 0.880001 0.762049 -14.999996
v 0.880001 0.642048 -15.119995
v -0.879999 1.522047 -18.999996
v -0.999999 1.522047 -18.879997
v -0.879999 1.642048 -18.879997
v -0.999999 0.762049 -18.879997
v -0.879999 0.762049 -18.999996
v -0.879999 0.642048 -18.879997
v -0.999999 1.522047 -15.119995
v -0.879999 1.522047 -14.999996
v -0.879999 1.642048 -15.119995
v -0.879999 0.642048 -15.119995
v -0.879999 0.762049 -14.999996
v -0.999999 0.762049 -15.119995
v 0.880001 2.522047 15.000000
v 0.880001 2.642048 15.120000
v 1.000001 2.522047 15.120000
v 0.880001 1.642048 15.120000
v 0.880001 1.762049 15.000000
v 1.000001 1.762049 15.120000
v 1.000001 2.522047 18.879999
v 0.880001 2.642048 18.879999
v 0.880001 2.522047 19.000000
v 1.000001 1.762049 18.879999
v 0.880001 1.762049 19.000000
v 0.880001 1.642048 18.879999
v -0.879999 2.522047 15.000000
v -0.999999 2.522047 15.120000
v -0.879999 2.642048 15.120000
v -0.999999 1.762049 15.120000
v -0.879999 1.762049 15.000000
v -0.879999 1.642048 15.120000
v -0.999999 2.522047 18.879999
v -0.879999 2.522047 19.000000
v -0.879999 2.642048 18.879999
v -0.879999 1.642048 18.879999
v -0.879999 1.762049 19.000000
v -0.999999 1.762049 18.879999
v 0.880001 2.522047 11.000000
v 0.880001 2.642048 11.120001
v 1.000001 2.522047 11.120001
v 0.880001 1.642048 11.120001
v 0.880001 1.762049 11.000000
v 1.000001 1.762049 11.120001
v 1.000001 2.522047 14.880001
v 0.880001 2.642048 14.880001
v 0.880001 2.522047 15.000000
v 1.000001 1.762049 14.880001
v 0.880001 1.762049 15.000000
v 0.880001 1.642048 14.880001
v -0.879999 2.522047 11.000000
v -0.999999 2.522047 11.120001
v -0.879999 2.642048 11.120001
v -0.999999 1.762049 11.120001
v -0.879999 1.762049 11.000000
v -0.879999 1.642048 11.120001
v -0.999999 2.522047 14.880001
v -0.879999 2.522047 15.000000
v -0.879999 2.642048 14.880001
v -0.879999 1.642048 14.880001
v -0.879999 1.762049 15.000000
v -0.999999 1.762049 14.880001
v 0.880001 2.522047 7.000001
v 0.880001 2.642048 7.120001
v 1.000001 2.522047 7.120001
v 0.880001 1.642048 7.120001
v 0.880001 1.762049 7.000001
v 1.000001 1.762049 7.120001
v 1.000001 2.522047 10.880001
v 0.880001 2.642048 10.880001
v 0.880001 2.522047 11.000001
v 1.000001 1.762049 10.880001
v 0.880001 1.762049 11.000001
v 0.880001 1.642048 10.880001
v -0.879999 2.522047 7.000001
v -0.999999 2.522047 7.120001
v -0.879999 2.642048 7.120001
v -0.999999 1.762049 7.120001
v -0.879999 1.762049 7.000001
v -0.879999 1.642048 7.120001
v -0.999999 2.522047 10.880001
v -0.879999 2.522047 11.000001
v -0.879999 2.642048 10.880001
v -0.879999 1.642048 10.880001
v -0.879999 1.762049 11.000001
v -0.999999 1.762049 10.880001
v 0.880001 2.522047 3.000002
v 0.880001 2.642048 3.120002
v 1.000001 2.522047 3.120002
v 0.880001 1.642048 3.120002
v 0.880001 1.762049 3.000002
v 1.000001 1.762049 3.120002
v 1.000001 2.522047 6.880002
v 0.880001 2.642048 6.880002
v 0.880001 2.522047 7.000002
v 1.000001 1.762049 6.880002
v 0.880001 1.762049 7.000002
v 0.880001 1.642048 6.880002
v -0.879999 2.522047 3.000002
v -0.999999 2.522047 3.120002
v -0.879999 2.642048 3.120002
v -0.999999 1.762049 3.120002
v -0.879999 1.762049 3.000002
v -0.879999 1.642048 3.120002
v -0.999999 2.522047 6.880002
v -0.879999 2.522047 7.000002
v -0.879999 2.642048 6.880002
v -0.879999 1.642048 6.880002
v -0.879999 1.762049 7.000002
v -0.999999 1.762049 6.880002
v 0.880001 2.522047 -0.999998
v 0.880001 2.642048 -0.879997
v 1.000001 2.522047 -0.879997
v 0.880001 1.642048 -0.879997
v 0.880001 1.762049 -0.999998
v 1.000001 1.762049 -0.879997
v 1.000001 2.522047 2.880001
v 0.880001 2.642048 2.880001
v 0.880001 2.522047 3.000002
v 1.000001 1.762049 2.880001
v 0.880001 1.762049 3.000002
v 0.880001 1.642048 2.880001
v -0.879999 2.522047 -0.999998
v -0.999999 2.522047 -0.879997
v -0.879999 2.642048 -0.879997
v -0.999999 1.762049 -0.879997
v -0.879999 1.762049 -0.999998
v -0.879999 1.642048 -0.879997
v -0.999999 2.522047 2.880001
v -0.879999 2.522047 3.000002
v -0.879999 2.642048 2.880001
v -0.879999 1.642048 2.880001
v -0.879999 1.762049 3.000002
v -0.999999 1.762049 2.880001
v 0.880001 2.522047 -4.999998
v 0.880001 2.642048 -4.879997
v 1.000001 2.522047 -4.879997
v 0.880001 1.642048 -4.879997
v 0.880001 1.762049 -4.999998
v 1.000001 1.762049 -4.879997
v 1.000001 2.522047 -1.119999
v 0.880001 2.642048 -1.119999
v 0.880001 2.522047 -0.999998
v 1.000001 1.762049 -1.119999
v 0.880001 1.762049 -0.999998
v 0.880001 1.642048 -1.119999
v -0.879999 2.522047 -4.999998
v -0.999999 2.522047 -4.879997
v -0.879999 2.642048 -4.879997
v -0.999999 1.762049 -4.879997
v -0.879999 1.762049 -4.999998
v -0.879999 1.642048 -4.879997
v -0.999999 2.522047 -1.119999
v -0.879999 2.522047 -0.999998
v -0.879999 2.642048 -1.119999
v -0.879999 1.642048 -1.119999
v -0.879999 1.762049 -0.999998
v -0.999999 1.762049 -1.119999
v 0.880001 2.522047 -8.999996
v 0.880001 2.642048 -8.879995
v 1.000001 2.522047 -8.879995
v 0.880001 1.642048 -8.879995
v 0.880001 1.762049 -8.999996
v 1.000001 1.762049 -8.879995
v 1.000001 2.522047 -5.119997
v 0.880001 2.642048 -5.119997
v 0.880001 2.522047 -4.999996
v 1.000001 1.762049 -5.119997
v 0.880001 1.762049 -4.999996
v 0.880001 1.642048 -5.119997
v -0.879999 2.522047 -8.999996
v -0.999999 2.522047 -8.879995
v -0.879999 2.642048 -8.879995
v -0.999999 1.762049 -8.879995
v -0.879999 1.762049 -8.999996
v -0.879999 1.642048 -8.879995
v -0.999999 2.522047 -5.119997
v -0.879999 2.522047 -4.999996
v -0.879999 2.642048 -5.119997
v -0.879999 1.642048 -5.119997
v -0.879999 1.762049 -4.999996
v -0.999999 1.762049 -5.119997
v 0.880001 2.522047 -12.999996
v 0.880001 2.642048 -12.879995
v 1.000001 2.522047 -12.879995
v 0.880001 1.642048 -12.879995
v 0.880001 1.762049 -12.999996
v 1.000001 1.762049 -12.879995
v 1.000001 2.522047 -9.119997
v 0.880001 2.642048 -9.119997
v 0.880001 2.522047 -8.999996
v 1.000001 1.762049 -9.119997
v 0.880001 1.762049 -8.999996
v 0.880001 1.642048 -9.119997
v -0.879999 2.522047 -12.999996
v -0.999999 2.522047 -12.879995
v -0.879999 2.642048 -12.879995
v -0.999999 1.762049 -12.879995
v -0.879999 1.762049 -12.999996
v -0.879999 1.642048 -12.879995
v -0.999999 2.522047 -9.119997
v -0.879999 2.522047 -8.999996
v -0.879999 2.642048 -9.119997
v -0.879999 1.642048 -9.119997
v -0.879999 1.762049 -8.999996
v -0.999999 1.762049 -9.119997
v 0.880001 2.522047 -16.999996
v 0.880001 2.642048 -16.879997
v 1.000001 2.522047 -16.879997
v 0.880001 1.642048 -16.879997
v 0.880001 1.762049 -16.999996
v 1.000001 1.762049 -16.879997
v 1.000001 2.522047 -13.119995
v 0.880001 2.642048 -13.119995
v 0.880001 2.522047 -12.999996
v 1.000001 1.762049 -13.119995
v 0.880001 1.762049 -12.999996
v 0.880001 1.642048 -13.119995
v -0.879999 2.522047 -16.999996
v -0.999999 2.522047 -16.879997
v -0.879999 2.642048 -16.879997
v -0.999999 1.762049 -16.879997
v -0.879999 1.762049 -16.999996
v -0.879999 1.642048 -16.879997
v -0.999999 2.522047 -13.119995
v -0.879999 2.522047 -12.999996
v -0.879999 2.642048 -13.119995
v -0.879999 1.642048 -13.119995
v -0.879999 1.762049 -12.999996
v -0.999999 1.762049 -13.119995
v 1.000001 2.522047 -17.119995
v 0.880001 2.642048 -17.119995
v 0.880001 2.522047 -16.999996
v 1.000001 1.762049 -17.119995
v 0.880001 1.762049 -16.999996
v 0.880001 1.642048 -17.119995
v -0.999999 2.522047 -17.119995
v -0.879999 2.522047 -16.999996
v -0.879999 2.642048 -17.119995
v -0.879999 1.642048 -17.119995
v -0.879999 1.762049 -16.999996
v -0.999999 1.762049 -17.119995
v 1.000001 3.522047 17.120001
v 0.880001 3.522047 17.000000
v 0.880001 3.642048 17.120001
v 0.880001 2.642048 17.120001
v 0.880001 2.762049 17.000000
v 1.000001 2.762049 17.120001
v -0.879999 3.522047 17.000000
v -0.999999 3.522047 17.120001
v -0.879999 3.642048 17.120001
v -0.879999 2.642048 17.120001
v -0.999999 2.762049 17.120001
v -0.879999 2.762049 17.000000
v 0.880001 3.522047 13.000000
v 0.880001 3.642048 13.120001
v 1.000001 3.522047 13.120001
v 0.880001 2.642048 13.120001
v 0.880001 2.762049 13.000000
v 1.000001 2.762049 13.120001
v 1.000001 3.522047 16.880001
v 0.880001 3.642048 16.880001
v 0.880001 3.522047 17.000000
v 1.000001 2.762049 16.880001
v 0.880001 2.762049 17.000000
v 0.880001 2.642048 16.880001
v -0.879999 3.522047 13.000000
v -0.999999 3.522047 13.120001
v -0.879999 3.642048 13.120001
v -0.999999 2.762049 13.120001
v -0.879999 2.762049 13.000000
v -0.879999 2.642048 13.120001
v -0.999999 3.522047 16.880001
v -0.879999 3.522047 17.000000
v -0.879999 3.642048 16.880001
v -0.879999 2.642048 16.880001
v -0.879999 2.762049 17.000000
v -0.999999 2.762049 16.880001
v 0.880001 3.522047 9.000001
v 0.880001 3.642048 9.120001
v 1.000001 3.522047 9.120001
v 0.880001 2.642048 9.120001
v 0.880001 2.762049 9.000001
v 1.000001 2.762049 9.120001
v 1.000001 3.522047 12.880001
v 0.880001 3.642048 12.880001
v 0.880001 3.522047 13.000001
v 1.000001 2.762049 12.880001
v 0.880001 2.762049 13.000001
v 0.880001 2.642048 12.880001
v -0.879999 3.522047 9.000001
v -0.999999 3.522047 9.120001
v -0.879999 3.642048 9.120001
v -0.999999 2.762049 9.120001
v -0.879999 2.762049 9.000001
v -0.879999 2.642048 9.120001
v -0.999999 3.522047 12.880001
v -0.879999 3.522047 13.000001
v -0.879999 3.642048 12.880001
v -0.879999 2.642048 12.880001
v -0.879999 2.762049 13.000001
v -0.999999 2.762049 12.880001
v 0.880001 3.522047 5.000002
v 0.880001 3.642048 5.120002
v 1.000001 3.522047 5.120002
v 0.880001 2.642048 5.120002
v 0.880001 2.762049 5.000002
v 1.000001 2.762049 5.120002
v 1.000001 3.522047 8.880002
v 0.880001 3.642048 8.880002
v 0.880001 3.522047 9.000002
v 1.000001 2.762049 8.880002
v 0.880001 2.762049 9.000002
v 0.880001 2.642048 8.880002
v -0.879999 3.522047 5.000002
v -0.999999 3.522047 5.120002
v -0.879999 3.642048 5.120002
v -0.999999 2.762049 5.120002
v -0.879999 2.762049 5.000002
v -0.879999 2.642048 5.120002
v -0.999999 3.522047 8.880002
v -0.879999 3.522047 9.000002
v -0.879999 3.642048 8.880002
v -0.879999 2.642048 8.880002
v -0.879999 2.762049 9.000002
v -0.999999 2.762049 8.880002
v 0.880001 3.522047 1.000002
v 0.880001 3.642048 1.120003
v 1.000001 3.522047 1.120003
v 0.880001 2.642048 1.120003
v 0.880001 2.762049 1.000002
v 1.000001 2.762049 1.120003
v 1.000001 3.522047 4.880002
v 0.880001 3.642048 4.880002
v 0.880001 3.522047 5.000002
v 1.000001 2.762049 4.880002
v 0.880001 2.762049 5.000002
v 0.880001 2.642048 4.880002
v -0.879999 3.522047 1.000002
v -0.999999 3.522047 1.120003
v -0.879999 3.642048 1.120003
v -0.999999 2.762049 1.120003
v -0.879999 2.762049 1.000002
v -0.879999 2.642048 1.120003
v -0.999999 3.522047 4.880002
v -0.879999 3.522047 5.000002
v -0.879999 3.642048 4.880002
v -0.879999 2.642048 4.880002
v -0.879999 2.762049 5.000002
v -0.999999 2.762049 4.880002
v 0.880001 3.522047 -2.999998
v 0.880001 3.642048 -2.879997
v 1.000001 3.522047 -2.879997
v 0.880001 2.642048 -2.879997
v 0.880001 2.762049 -2.999998
v 1.000001 2.762049 -2.879997
v 1.000001 3.522047 0.880001
v 0.880001 3.642048 0.880001
v 0.880001 3.522047 1.000002
v 1.000001 2.762049 0.880001
v 0.880001 2.762049 1.000002
v 0.880001 2.642048 0.880001
v -0.879999 3.522047 -2.999998
v -0.999999 3.522047 -2.879997
v -0.879999 3.642048 -2.879997
v -0.999999 2.762049 -2.879997
v -0.879999 2.762049 -2.999998
v -0.879999 2.642048 -2.879997
v -0.999999 3.522047 0.880001
v -0.879999 3.522047 1.000002
v -0.879999 3.642048 0.880001
v -0.879999 2.642048 0.880001
v -0.879999 2.762049 1.000002
v -0.999999 2.762049 0.880001
v 0.880001 3.522047 -6.999996
v 0.880001 3.642048 -6.879995
v 1.000001 3.522047 -6.879995
v 0.880001 2.642048 -6.879995
v 0.880001 2.762049 -6.999996
v 1.000001 2.762049 -6.879995
v 1.000001 3.522047 -3.119997
v 0.880001 3.642048 -3.119997
v 0.880001 3.522047 -2.999996
v 1.000001 2.762049 -3.119997
v 0.880001 2.762049 -2.999996
v 0.880001 2.642048 -3.119997
v -0.879999 3.522047 -6.999996
v -0.999999 3.522047 -6.879995
v -0.879999 3.642048 -6.879995
v -0.999999 2.762049 -6.879995
v -0.879999 2.762049 -6.999996
v -0.879999 2.642048 -6.879995
v -0.999999 3.522047 -3.119997
v -0.879999 3.522047 -2.999996
v -0.879999 3.642048 -3.119997
v -0.879999 2.642048 -3.119997
v -0.879999 2.762049 -2.999996
v -0.999999 2.762049 -3.119997
v 0.880001 3.522047 -10.999996
v 0.880001 3.642048 -10.879995
v 1.000001 3.522047 -10.879995
v 0.880001 2.642048 -10.879995
v 0.880001 2.762049 -10.999996
v 1.000001 2.762049 -10.879995
v 1.000001 3.522047 -7.119997
v 0.880001 3.642048 -7.119997
v 0.880001 3.522047 -6.999996
v 1.000001 2.762049 -7.119997
v 0.880001 2.762049 -6.999996
v 0.880001 2.642048 -7.119997
v -0.879999 3.522047 -10.999996
v -0.999999 3.522047 -10.879995
v -0.879999 3.642048 -10.879995
v -0.999999 2.762049 -10.879995
v -0.879999 2.762049 -10.999996
v -0.879999 2.642048 -10.879995
v -0.999999 3.522047 -7.119997
v -0.879999 3.522047 -6.999996
v -0.879999 3.642048 -7.119997
v -0.879999 2.642048 -7.119997
v -0.879999 2.762049 -6.999996
v -0.999999 2.762049 -7.119997
v 0.880001 3.522047 -14.999996
v 0.880001 3.642048 -14.879997
v 1.000001 3.522047 -14.879997
v 0.880001 2.642048 -14.879997
v 0.880001 2.762049 -14.999996
v 1.000001 2.762049 -14.879997
v 1.000001 3.522047 -11.119997
v 0.880001 3.642048 -11.119997
v 0.880001 3.522047 -10.999996
v 1.000001 2.762049 -11.119997
v 0.880001 2.762049 -10.999996
v 0.880001 2.642048 -11.119997
v -0.879999 3.522047 -14.999996
v -0.999999 3.522047 -14.879997
v -0.879999 3.642048 -14.879997
v -0.999999 2.762049 -14.879997
v -0.879999 2.762049 -14.999996
v -0.879999 2.642048 -14.879997
v -0.999999 3.522047 -11.119997
v -0.879999 3.522047 -10.999996
v -0.879999 3.642048 -11.119997
v -0.879999 2.642048 -11.119997
v -0.879999 2.762049 -10.999996
v -0.999999 2.762049 -11.119997
v 0.880001 3.522047 -18.999996
v 0.880001 3.642048 -18.879997
v 1.000001 3.522047 -18.879997
v 0.880001 2.642048 -18.879997
v 0.880001 2.762049 -18.999996
v 1.000001 2.762049 -18.879997
v 1.000001 3.522047 -15.119995
v 0.880001 3.642048 -15.119995
v 0.880001 3.522047 -14.999996
v 1.000001 2.762049 -15.119995
v 0.880001 2.762049 -14.999996
v 0.880001 2.642048 -15.119995
v -0.879999 3.522047 -18.999996
v -0.999999 3.522047 -18.879997
v -0.879999 3.642048 -18.879997
v -0.999999 2.762049 -18.879997
v -0.879999 2.762049 -18.999996
v -0.879999 2.642048 -18.879997
v -0.999999 3.522047 -15.119995
v -0.879999 3.522047 -14.999996
v -0.879999 3.642048 -15.119995
v -0.879999 2.642048 -15.119995
v -0.879999 2.762049 -14.999996
v -0.999999 2.762049 -15.119995
v -0.999999 -2.237951 -18.999996
v 0.880001 -1.357951 -18.999996
v 1.000001 -1.477951 -18.999996
v -0.999999 -1.477951 -18.999996
v -0.879999 -1.357951 -18.999996
v 1.000001 -2.237951 -18.999996
v -0.879999 -0.357951 -18.999996
v -0.999999 -0.237951 -18.999996
v 0.880001 0.642050 -18.999996
v 1.000001 0.522049 -18.999996
v -0.999999 0.522049 -18.999996
v -0.879999 0.642050 -18.999996
v 1.000001 -0.237951 -18.999996
v 0.880001 -0.357951 -18.999996
v -0.879999 1.642048 -18.975605
v -0.999999 1.762049 -18.975605
v 0.880001 2.642048 -18.975605
v 1.000001 2.522047 -18.975605
v -0.999999 2.522047 -18.975605
v -0.879999 2.642048 -18.975605
v 1.000001 1.762049 -18.975605
v 0.880001 1.642048 -18.975605
v -0.999999 -1.237951 19.000000
v -0.879999 -1.357951 19.000000
v 1.000001 -0.477951 19.000000
v 0.880001 -0.357951 19.000000
v -0.879999 -0.357951 19.000000
v -0.999999 -0.477951 19.000000
v 0.880001 -1.357951 19.000000
v 1.000001 -1.237951 19.000000
v -0.999999 0.762049 19.000000
v -0.879999 0.642048 19.000000
v 1.000001 1.522047 19.000000
v 0.880001 1.642048 19.000000
v -0.879999 1.642048 19.000000
v -0.999999 1.522047 19.000000
v 0.880001 0.642048 19.000000
v 1.000001 0.762049 19.000000
v -0.999999 2.762049 19.000000
v -0.879999 2.642048 19.000000
v 1.000001 3.522047 19.000000
v 0.880001 3.642048 19.000000
v -0.879999 3.642048 19.000000
v -0.999999 3.522047 19.000000
v 0.880001 2.642048 19.000000
v 1.000001 2.762049 19.000000
vn 0.5774 0.5773 -0.5774
vn 0.5774 0.5774 0.5773
vn -0.5774 0.5773 -0.5774
vn -0.5774 0.5774 0.5773
vn 0.5774 0.5774 -0.5773
vn 0.5774 0.5773 0.5774
vn -0.5774 0.5774 -0.5773
vn -0.5774 0.5773 0.5774
vn 0.5773 0.5774 -0.5773
vn -0.5773 0.5774 -0.5773
vn 0.5773 0.5774 0.5773
vn -0.5773 0.5774 0.5773
vn 0.5774 -0.5774 -0.5773
vn -0.5774 -0.5774 -0.5773
vn 0.5774 -0.5773 0.5774
vn -0.5774 -0.5773 0.5774
vn 0.5774 -0.5774 0.5773
vn -0.5774 -0.5774 0.5773
vn 0.5773 -0.5774 -0.5773
vn -0.5773 -0.5774 -0.5773
vn 0.5774 -0.5773 -0.5774
vn -0.5774 -0.5773 -0.5774
vn 0.5773 0.5774 -0.5774
vn 0.5773 0.5774 0.5774
vn -0.5773 0.5774 -0.5774
vn -0.5773 0.5774 0.5774
vn 0.5773 0.5773 -0.5774
vn 0.5773 -0.5774 0.5773
vn -0.5773 0.5773 -0.5774
vn -0.5773 -0.5774 0.5773
vn 0.5773 0.5773 0.5774
vn -0.5773 0.5773 0.5774
vn 0.5774 -0.5773 -0.5773
vn -0.5774 -0.5773 -0.5773
vn 0.5773 -0.5773 -0.5774
vn 0.5773 -0.5773 0.5774
vn -0.5773 -0.5773 -0.5774
vn -0.5773 -0.5773 0.5774
vn 0.5774 0.5773 -0.5773
vn -0.5774 0.5773 -0.5773
vn 0.5774 0.5773 0.5773
vn 0.5774 -0.5773 0.5773
vn -0.5774 0.5773 0.5773
vn -0.5774 -0.5773 0.5773
vn 0.7071 -0.0000 -0.7071
vn -0.7071 -0.0000 0.7071
vn 0.7071 -0.0000 0.7071
vn -0.7071 -0.0000 -0.7071
vn -0.0000 0.7071 0.7071
vn 0.7071 0.7071 -0.0000
vn -0.7071 0.7071 -0.0000
vn -0.0000 0.7071 -0.7071
vn -0.0000 -0.7071 -0.7071
vn 0.7071 -0.7071 -0.0000
vn -0.7071 -0.7071 -0.0000
vn -0.0000 -0.7071 0.7071
vn -0.0000 -0.0000 -1.0000
vn 1.0000 -0.0000 -0.0000
vn -0.0000 1.0000 -0.0000
vn -0.0000 -0.0000 1.0000
vn -1.0000 -0.0000 -0.0000
vn -0.0000 -1.0000 -0.0000
vt 0.313333 0.666667
vt 0.313333 0.646667
vt 0.333333 0.646667
vt 0.333333 0.020000
vt 0.313333 0.020000
vt 0.313333 0.000000
vt 0.020000 0.666667
vt 0.000000 0.646667
vt 0.020000 0.646667
vt 0.000000 0.020000
vt 0.020000 0.000000
vt 0.020000 0.020000
vt 0.313333 0.020000
vt 0.020000 0.020000
vt 0.313333 0.666667
vt 0.313333 0.000000
vt 0.020000 0.666667
vt 0.020000 0.000000
vt 0.313333 0.646667
vt 0.333333 0.646667
vt 0.333333 0.020000
vt 0.313333 0.020000
vt 0.000000 0.646667
vt 0.020000 0.646667
vt 0.000000 0.020000
vt 0.020000 0.020000
vt 0.313333 0.646667
vt 0.333333 0.646667
vt 0.333333 0.020000
vt 0.313333 0.020000
vt 0.000000 0.646667
vt 0.020000 0.646667
vt 0.000000 0.020000
vt 0.020000 0.020000
vt 0.313333 0.020000
vt 0.020000 0.020000
vt 0.186667 0.666667
vt 0.186667 0.686667
vt 0.166667 0.686667
vt 0.340000 0.673333
vt 0.313333 0.686667
vt 0.686667 -0.000000
vt 0.686667 0.020000
vt 0.666667 0.020000
vt 0.833333 0.020000
vt 0.813333 0.020000
vt 0.813333 0.000000
vt 0.353333 0.646667
vt 0.340000 0.673333
vt 0.146667 1.000000
vt 0.146667 0.980000
vt 0.166667 0.980000
vt 0.813333 0.020000
vt 0.833333 0.020000
vt 0.166667 0.686667
vt 0.146667 0.686667
vt 0.146667 0.666667
vt 0.340000 0.673333
vt 0.166667 0.980000
vt 0.020000 0.666667
vt 0.020000 0.646667
vt 0.020000 0.000000
vt 0.353333 0.646667
vt 0.813333 0.020000
vt 0.833333 0.020000
vt 0.353333 0.646667
vt 0.813333 0.020000
vt 0.833333 0.020000
vt 0.146667 1.000000
vt 0.146667 0.980000
vt 0.813334 0.020000
vt 0.813333 0.000000
vt 0.146667 0.686667
vt 0.146667 0.666667
vt 0.813333 0.020000
vt 0.340000 0.673333
vt 0.340000 0.673333
vt 0.020000 0.000000
vt 0.020000 0.020000
vt 0.186667 0.666667
vt 0.186667 0.686667
vt 0.313333 0.686667
vt 0.313333 0.666667
vt 0.686667 -0.000000
vt 0.686667 0.020000
vt 0.813333 0.020000
vt 0.813333 0.000000
vt 0.340000 0.673333
vt 0.146667 1.000000
vt 0.146667 0.980000
vt 0.813333 0.020000
vt 0.146667 0.686667
vt 0.146667 0.666667
vt 0.340000 0.673333
vt 0.340000 0.673333
vt 0.813333 0.020000
vt 0.813333 0.020000
vt 0.020000 0.020000
vt 0.000000 0.020000
vt 0.853333 0.646667
vt 0.980000 0.646667
vt 0.980000 0.666667
vt 0.853333 0.666667
vt 0.020000 0.686667
vt 0.020000 0.666667
vt 0.020000 0.980000
vt 0.020000 1.000000
vt 0.686667 0.020000
vt 0.853333 0.646667
vt 0.980000 0.646667
vt 0.686667 0.020000
vt 0.853333 0.646667
vt 0.980000 0.646667
vt 0.686667 0.020000
vt 0.313333 0.333333
vt 0.333333 0.333333
vt 0.333333 0.980000
vt 0.313333 0.980000
vt 0.666667 0.333333
vt 0.686667 0.333333
vt 0.166667 0.980000
vt 0.186667 0.980000
vt 1.000000 0.333333
vt 1.000000 0.646667
vt 0.980000 0.646667
vt 0.980000 0.333333
vt 0.833333 0.646667
vt 0.813333 0.646667
vt 0.646667 0.646667
vt 0.646667 0.666667
vt 0.353333 0.020000
vt 0.020000 0.686667
vt 0.646667 0.646667
vt 0.646667 0.666667
vt 0.833333 0.646667
vt 0.813333 0.646667
vt 0.353333 0.020000
vt 0.646667 0.646667
vt 0.833333 0.646667
vt 0.813333 0.646667
vt 0.353333 0.020000
vt 0.813333 0.646667
vt 0.853333 0.646667
vt 0.853333 0.666667
vt 0.020000 0.686667
vt 0.020000 0.666667
vt 0.020000 0.980000
vt 0.020000 1.000000
vt 0.686667 -0.000000
vt 0.686667 0.020000
vt 0.353333 0.020000
vt 0.813333 0.646667
vt 0.853333 0.646667
vt 0.980000 0.646667
vt 0.686667 0.020000
vt 0.853333 0.646667
vt 0.980000 0.646667
vt 0.686667 0.020000
vt 0.646667 0.333333
vt 0.646667 0.020000
vt 0.666667 0.020000
vt 0.666667 0.333333
vt 0.313333 0.980000
vt 0.686667 0.333333
vt 0.186667 0.980000
vt 0.980000 0.646667
vt 0.980000 0.333333
vt 0.813333 0.646667
vt 0.980000 0.646667
vt 0.980000 0.666667
vt 0.853333 0.666667
vt 0.020000 0.686667
vt 0.020000 0.666667
vt 0.020000 0.980000
vt 0.020000 1.000000
vt 0.686667 0.020000
vt 0.853333 0.646667
vt 0.980000 0.646667
vt 0.686667 0.020000
vt 0.813333 0.646667
vt 0.853333 0.646667
vt 0.980000 0.646667
vt 0.686667 0.020000
vt 0.813333 0.646667
vt 0.813333 0.646667
vt 0.646667 0.329268
vt 0.646667 0.020000
vt 0.666667 0.329268
vt 0.313333 0.329268
vt 0.333333 0.329268
vt 0.020000 0.333333
vt 0.000000 0.333333
vt 0.353333 0.020000
vt 0.353333 0.333333
vt 0.020000 0.329268
vt 0.000000 0.329268
vt 0.353333 0.020000
vt 0.353333 0.329268
vt 0.333333 0.020000
vt 0.833333 0.333333
vt 0.813333 0.333333
vt 0.833333 0.646667
vt 0.853333 0.333333
vt 0.853333 0.646667
vt 0.813333 0.333333
vt 0.853334 0.333333
vt 0.853333 0.646667
vt 0.853333 0.020000
vt 0.980000 0.020000
vt 0.813333 0.646667
vt 0.686667 0.646667
vt 0.853333 0.020000
vt 0.980000 0.020000
vt 0.686667 0.646667
vt 0.853333 0.020000
vt 0.980000 0.020000
vt 0.686667 0.646667
vt 0.853333 0.020000
vt 0.980000 0.020000
vt 0.686667 0.646667
vt 0.980000 0.020000
vt 0.813333 0.646667
vt 0.646667 0.020000
vt 0.646667 0.020000
vt 0.646667 0.020000
vt 0.313333 0.980000
vt 0.186667 0.980000
vt 0.186667 0.686667
vt 0.853333 0.020000
vt 0.980000 0.020000
vt 0.646667 0.020000
vt 0.686667 0.646667
vt 0.853334 0.020000
vt 0.980000 0.020000
vt 0.686667 0.646667
vt 0.853333 0.020000
vt 0.980000 0.020000
vt 0.686667 0.646667
vt 0.853333 0.020000
vt 0.686667 0.646667
vt 0.853333 0.333333
vt 0.686667 0.646667
vt 0.686667 0.333333
vt 0.813333 0.333333
vt 0.853334 0.020000
vt 0.980000 0.020000
vt 0.853334 0.020000
vt 0.980000 0.020000
vt 0.686667 0.646667
vt 0.853333 0.020000
vt 0.980000 0.020000
vt 0.853334 0.020000
vt 0.980000 0.020000
vt 0.686667 0.646667
vt 0.980000 0.329268
vt 0.853334 0.329268
vt 0.853334 0.020000
vt 0.980000 0.020000
vt 0.813333 0.646667
vt 0.686667 0.337399
vt 0.813333 0.337399
s 0
usemtl Material
f 1/1/1 2/2/1 3/3/1
f 6/4/2 7/5/2 8/6/2
f 11/7/3 12/8/3 13/9/3
f 16/10/4 17/11/4 18/12/4
f 21/1/5 22/2/5 23/3/5
f 26/4/6 27/13/6 28/6/6
f 31/7/7 32/8/7 33/9/7
f 36/10/8 37/11/8 38/14/8
f 41/15/5 42/2/5 43/3/5
f 46/4/6 47/13/6 48/16/6
f 51/17/7 52/8/7 53/9/7
f 56/10/8 57/18/8 58/14/8
f 61/15/9 62/2/9 63/3/9
f 66/4/2 67/13/2 68/16/2
f 71/17/10 72/8/10 73/9/10
f 76/10/4 77/18/4 78/14/4
f 81/15/5 82/19/5 83/20/5
f 86/21/11 87/22/11 88/6/11
f 91/7/7 92/23/7 93/24/7
f 96/25/12 97/18/12 98/26/12
f 101/1/5 102/19/5 103/20/5
f 106/21/2 107/22/2 108/6/2
f 111/7/7 112/23/7 113/24/7
f 116/25/4 117/11/4 118/26/4
f 121/1/1 122/19/1 123/20/1
f 126/21/6 127/22/6 128/6/6
f 131/7/3 132/23/3 133/24/3
f 136/25/8 137/11/8 138/26/8
f 141/1/1 142/19/1 143/20/1
f 146/21/6 147/22/6 148/6/6
f 151/7/3 152/23/3 153/24/3
f 156/25/8 157/11/8 158/26/8
f 161/1/1 162/27/1 163/28/1
f 166/29/6 167/30/6 168/6/6
f 171/7/3 172/31/3 173/32/3
f 176/33/8 177/11/8 178/34/8
f 181/29/6 182/35/6 183/16/6
f 186/33/8 187/18/8 188/36/8
f 191/37/5 192/38/5 193/39/5
f 194/40/13 195/41/13 196/1/13
f 197/42/7 198/43/7 199/44/7
f 200/45/14 201/46/14 202/47/14
f 203/15/5 204/2/5 205/3/5
f 206/48/13 207/49/13 208/3/13
f 209/4/6 210/13/6 211/16/6
f 212/50/15 213/51/15 214/52/15
f 215/17/7 216/8/7 217/9/7
f 218/53/14 219/47/14 220/54/14
f 221/10/8 222/18/8 223/14/8
f 224/55/16 225/56/16 226/57/16
f 227/15/5 228/2/5 229/3/5
f 230/48/13 231/58/13 232/3/13
f 233/4/2 234/13/2 235/16/2
f 236/50/17 237/51/17 238/59/17
f 239/60/7 240/8/7 241/61/7
f 242/53/14 243/47/14 244/54/14
f 245/10/4 246/62/4 247/14/4
f 248/55/18 249/56/18 250/57/18
f 251/15/9 252/2/9 253/3/9
f 254/48/19 255/58/19 256/3/19
f 257/4/2 258/13/2 259/16/2
f 260/50/17 261/51/17 262/59/17
f 263/60/10 264/8/10 265/61/10
f 266/53/20 267/47/20 268/54/20
f 269/10/4 270/62/4 271/14/4
f 272/55/18 273/56/18 274/57/18
f 275/1/5 276/19/5 277/20/5
f 278/63/13 279/49/13 280/20/13
f 281/4/2 282/13/2 283/6/2
f 284/50/17 285/51/17 286/52/17
f 287/7/7 288/23/7 289/24/7
f 290/64/14 291/47/14 292/65/14
f 293/10/4 294/11/4 295/14/4
f 296/55/18 297/56/18 298/57/18
f 299/15/5 300/19/5 301/20/5
f 302/63/13 303/49/13 304/20/13
f 305/21/2 306/22/2 307/16/2
f 308/50/17 309/51/17 310/52/17
f 311/17/7 312/23/7 313/24/7
f 314/64/14 315/47/14 316/65/14
f 317/25/4 318/18/4 319/26/4
f 320/55/18 321/56/18 322/57/18
f 323/15/1 324/19/1 325/20/1
f 326/63/21 327/49/21 328/20/21
f 329/21/6 330/22/6 331/16/6
f 332/50/15 333/51/15 334/52/15
f 335/17/3 336/23/3 337/24/3
f 338/64/22 339/47/22 340/65/22
f 341/25/8 342/18/8 343/26/8
f 344/55/16 345/56/16 346/57/16
f 347/15/1 348/19/1 349/20/1
f 350/63/21 351/49/21 352/20/21
f 353/21/6 354/22/6 355/16/6
f 356/50/15 357/51/15 358/52/15
f 359/17/3 360/23/3 361/24/3
f 362/64/22 363/47/22 364/65/22
f 365/25/8 366/18/8 367/26/8
f 368/55/16 369/56/16 370/57/16
f 371/15/1 372/27/1 373/28/1
f 374/66/21 375/49/21 376/28/21
f 377/21/6 378/22/6 379/16/6
f 380/50/15 381/51/15 382/52/15
f 383/17/3 384/31/3 385/32/3
f 386/67/22 387/47/22 388/68/22
f 389/25/8 390/18/8 391/26/8
f 392/55/16 393/56/16 394/57/16
f 395/15/1 396/27/1 397/28/1
f 398/66/21 399/58/21 400/28/21
f 401/29/6 402/30/6 403/16/6
f 404/50/15 405/51/15 406/59/15
f 407/60/3 408/31/3 409/32/3
f 410/67/22 411/47/22 412/68/22
f 413/33/8 414/62/8 415/34/8
f 416/55/16 417/56/16 418/57/16
f 419/1/23 420/2/23 421/3/23
f 422/48/21 423/58/21 424/3/21
f 425/4/24 426/5/24 427/6/24
f 428/69/17 429/70/17 430/52/17
f 431/7/25 432/8/25 433/9/25
f 434/71/22 435/72/22 436/54/22
f 437/10/26 438/11/26 439/12/26
f 440/55/18 441/73/18 442/74/18
f 443/1/23 444/2/23 445/3/23
f 446/48/13 447/40/13 448/3/13
f 449/4/24 450/13/24 451/6/24
f 452/69/15 453/70/15 454/52/15
f 455/7/25 456/8/25 457/9/25
f 458/71/14 459/72/14 460/54/14
f 461/10/26 462/11/26 463/14/26
f 464/55/16 465/73/16 466/74/16
f 467/15/23 468/2/23 469/3/23
f 470/48/13 471/58/13 472/3/13
f 473/4/24 474/13/24 475/16/24
f 476/69/15 477/70/15 478/52/15
f 479/17/25 480/8/25 481/9/25
f 482/71/14 483/72/14 484/54/14
f 485/10/26 486/18/26 487/14/26
f 488/55/16 489/73/16 490/74/16
f 491/15/23 492/2/23 493/3/23
f 494/48/19 495/40/19 496/3/19
f 497/4/24 498/13/24 499/16/24
f 500/69/17 501/70/17 502/52/17
f 503/17/25 504/8/25 505/9/25
f 506/71/20 507/72/20 508/54/20
f 509/10/26 510/18/26 511/14/26
f 512/55/18 513/73/18 514/74/18
f 515/15/27 516/19/27 517/20/27
f 518/63/13 519/58/13 520/20/13
f 521/21/11 522/22/11 523/16/11
f 524/69/28 525/70/28 526/52/28
f 527/17/29 528/23/29 529/24/29
f 530/75/14 531/72/14 532/65/14
f 533/25/12 534/18/12 535/26/12
f 536/55/30 537/73/30 538/74/30
f 539/15/27 540/19/27 541/20/27
f 542/63/13 543/76/13 544/20/13
f 545/21/31 546/22/31 547/16/31
f 548/69/17 549/70/17 550/59/17
f 551/60/29 552/23/29 553/24/29
f 554/75/14 555/72/14 556/65/14
f 557/25/32 558/62/32 559/26/32
f 560/55/18 561/73/18 562/74/18
f 563/15/1 564/19/1 565/20/1
f 566/63/21 567/77/21 568/20/21
f 569/21/6 570/22/6 571/16/6
f 572/69/15 573/70/15 574/59/15
f 575/60/3 576/23/3 577/24/3
f 578/75/22 579/72/22 580/65/22
f 581/25/8 582/62/8 583/26/8
f 584/55/16 585/73/16 586/74/16
f 587/15/1 588/19/1 589/20/1
f 590/63/21 591/76/21 592/20/21
f 593/21/6 594/22/6 595/16/6
f 596/69/15 597/70/15 598/59/15
f 599/60/3 600/23/3 601/24/3
f 602/75/22 603/72/22 604/65/22
f 605/25/8 606/62/8 607/26/8
f 608/55/16 609/73/16 610/74/16
f 611/15/1 612/27/1 613/28/1
f 614/66/21 615/77/21 616/28/21
f 617/29/6 618/30/6 619/16/6
f 620/69/15 621/70/15 622/59/15
f 623/60/3 624/31/3 625/32/3
f 626/67/22 627/72/22 628/68/22
f 629/33/8 630/62/8 631/34/8
f 632/55/16 633/73/16 634/74/16
f 635/29/6 636/30/6 637/16/6
f 638/69/15 639/70/15 640/52/15
f 641/33/8 642/78/8 643/79/8
f 644/55/16 645/73/16 646/74/16
f 647/80/27 648/81/27 649/39/27
f 650/40/33 651/82/33 652/83/33
f 653/84/29 654/85/29 655/44/29
f 656/45/34 657/86/34 658/87/34
f 659/15/27 660/2/27 661/3/27
f 662/48/35 663/88/35 664/3/35
f 665/4/31 666/13/31 667/16/31
f 668/89/36 669/90/36 670/52/36
f 671/17/29 672/8/29 673/9/29
f 674/91/37 675/87/37 676/54/37
f 677/10/32 678/18/32 679/14/32
f 680/55/38 681/92/38 682/93/38
f 683/15/27 684/2/27 685/3/27
f 686/48/35 687/94/35 688/3/35
f 689/4/31 690/13/31 691/16/31
f 692/89/36 693/90/36 694/59/36
f 695/60/29 696/8/29 697/61/29
f 698/91/37 699/87/37 700/54/37
f 701/10/32 702/62/32 703/14/32
f 704/55/38 705/92/38 706/93/38
f 707/15/9 708/2/9 709/3/9
f 710/48/19 711/49/19 712/3/19
f 713/4/31 714/13/31 715/16/31
f 716/89/36 717/90/36 718/59/36
f 719/60/10 720/8/10 721/61/10
f 722/91/20 723/87/20 724/54/20
f 725/10/32 726/62/32 727/14/32
f 728/55/38 729/92/38 730/93/38
f 731/1/39 732/19/39 733/20/39
f 734/63/33 735/95/33 736/20/33
f 737/4/31 738/13/31 739/6/31
f 740/89/36 741/90/36 742/52/36
f 743/7/40 744/23/40 745/24/40
f 746/96/34 747/87/34 748/65/34
f 749/10/32 750/11/32 751/14/32
f 752/55/38 753/92/38 754/93/38
f 755/15/39 756/19/39 757/20/39
f 758/63/33 759/88/33 760/20/33
f 761/21/41 762/22/41 763/16/41
f 764/89/42 765/90/42 766/52/42
f 767/17/40 768/23/40 769/24/40
f 770/96/34 771/87/34 772/65/34
f 773/25/43 774/18/43 775/26/43
f 776/55/44 777/92/44 778/93/44
f 779/15/1 780/19/1 781/20/1
f 782/63/21 783/95/21 784/20/21
f 785/21/6 786/22/6 787/16/6
f 788/89/15 789/90/15 790/52/15
f 791/17/3 792/23/3 793/24/3
f 794/96/22 795/87/22 796/65/22
f 797/25/8 798/18/8 799/26/8
f 800/55/16 801/92/16 802/93/16
f 803/15/1 804/19/1 805/20/1
f 806/63/21 807/88/21 808/20/21
f 809/21/6 810/22/6 811/16/6
f 812/89/15 813/90/15 814/52/15
f 815/17/3 816/23/3 817/24/3
f 818/96/22 819/87/22 820/65/22
f 821/25/8 822/18/8 823/26/8
f 824/55/16 825/92/16 826/93/16
f 827/15/1 828/27/1 829/28/1
f 830/66/21 831/95/21 832/28/21
f 833/21/6 834/22/6 835/16/6
f 836/89/15 837/90/15 838/52/15
f 839/17/3 840/31/3 841/32/3
f 842/97/22 843/87/22 844/68/22
f 845/25/8 846/18/8 847/26/8
f 848/55/16 849/92/16 850/93/16
f 851/15/1 852/27/1 853/28/1
f 854/66/21 855/49/21 856/28/21
f 857/29/6 858/30/6 859/16/6
f 860/89/15 861/90/15 862/59/15
f 863/60/3 864/31/3 865/32/3
f 866/97/22 867/87/22 868/68/22
f 869/33/8 870/62/8 871/34/8
f 872/55/16 873/92/16 874/93/16
f 875/15/27 876/2/27 877/3/27
f 878/48/35 879/94/35 880/3/35
f 881/4/31 882/5/31 883/16/31
f 884/89/42 885/90/42 886/59/42
f 887/60/29 888/8/29 889/61/29
f 890/91/37 891/87/37 892/54/37
f 893/10/32 894/62/32 895/98/32
f 896/55/44 897/92/44 898/93/44
f 899/15/27 900/2/27 901/3/27
f 902/48/35 903/49/35 904/3/35
f 905/4/31 906/13/31 907/16/31
f 908/89/36 909/90/36 910/59/36
f 911/60/29 912/8/29 913/61/29
f 914/91/37 915/87/37 916/54/37
f 917/10/32 918/62/32 919/14/32
f 920/55/38 921/92/38 922/93/38
f 923/15/27 924/2/27 925/3/27
f 926/48/35 927/95/35 928/3/35
f 929/4/6 930/13/6 931/16/6
f 932/89/15 933/90/15 934/52/15
f 935/17/29 936/8/29 937/61/29
f 938/91/37 939/87/37 940/54/37
f 941/10/8 942/78/8 943/14/8
f 944/55/16 945/92/16 946/93/16
f 947/15/9 948/2/9 949/3/9
f 950/48/19 951/88/19 952/3/19
f 953/4/31 954/13/31 955/16/31
f 956/89/36 957/90/36 958/52/36
f 959/17/10 960/8/10 961/61/10
f 962/91/20 963/87/20 964/54/20
f 965/10/32 966/78/32 967/14/32
f 968/55/38 969/92/38 970/93/38
f 971/15/39 972/19/39 973/20/39
f 974/63/33 975/95/33 976/20/33
f 977/21/41 978/22/41 979/16/41
f 980/89/42 981/90/42 982/52/42
f 983/17/40 984/23/40 985/24/40
f 986/96/34 987/87/34 988/65/34
f 989/25/43 990/18/43 991/26/43
f 992/55/44 993/92/44 994/93/44
f 995/15/39 996/19/39 997/20/39
f 998/63/33 999/49/33 1000/20/33
f 1001/21/41 1002/22/41 1003/16/41
f 1004/89/42 1005/90/42 1006/59/42
f 1007/60/40 1008/23/40 1009/24/40
f 1010/96/34 1011/87/34 1012/65/34
f 1013/25/43 1014/62/43 1015/26/43
f 1016/55/44 1017/92/44 1018/93/44
f 1019/15/1 1020/19/1 1021/20/1
f 1022/63/21 1023/94/21 1024/20/21
f 1025/21/6 1026/22/6 1027/16/6
f 1028/89/15 1029/90/15 1030/59/15
f 1031/60/3 1032/23/3 1033/24/3
f 1034/96/22 1035/87/22 1036/65/22
f 1037/25/8 1038/62/8 1039/26/8
f 1040/55/16 1041/92/16 1042/93/16
f 1043/15/1 1044/19/1 1045/20/1
f 1046/63/21 1047/49/21 1048/20/21
f 1049/21/6 1050/22/6 1051/16/6
f 1052/89/15 1053/90/15 1054/59/15
f 1055/60/3 1056/23/3 1057/24/3
f 1058/96/22 1059/87/22 1060/65/22
f 1061/25/8 1062/62/8 1063/26/8
f 1064/55/16 1065/92/16 1066/93/16
f 1067/15/1 1068/27/1 1069/28/1
f 1070/66/21 1071/94/21 1072/28/21
f 1073/29/6 1074/30/6 1075/16/6
f 1076/89/15 1077/90/15 1078/59/15
f 1079/60/3 1080/31/3 1081/32/3
f 1082/97/22 1083/87/22 1084/68/22
f 1085/33/8 1086/62/8 1087/34/8
f 1088/55/16 1089/92/16 1090/93/16
f 1091/29/6 1092/35/6 1093/16/6
f 1094/89/15 1095/90/15 1096/52/15
f 1097/99/8 1098/78/8 1099/36/8
f 1100/55/16 1101/92/16 1102/93/16
f 1103/80/27 1104/81/27 1105/39/27
f 1106/40/33 1107/82/33 1108/83/33
f 1109/84/29 1110/85/29 1111/44/29
f 1112/45/34 1113/86/34 1114/87/34
f 1115/15/27 1116/2/27 1117/3/27
f 1118/48/35 1119/95/35 1120/3/35
f 1121/4/31 1122/13/31 1123/16/31
f 1124/89/36 1125/90/36 1126/52/36
f 1127/17/29 1128/8/29 1129/9/29
f 1130/91/37 1131/87/37 1132/54/37
f 1133/10/32 1134/18/32 1135/14/32
f 1136/55/38 1137/92/38 1138/93/38
f 1139/15/27 1140/2/27 1141/3/27
f 1142/48/35 1143/49/35 1144/3/35
f 1145/4/31 1146/13/31 1147/16/31
f 1148/89/36 1149/90/36 1150/59/36
f 1151/60/29 1152/8/29 1153/61/29
f 1154/91/37 1155/87/37 1156/54/37
f 1157/10/32 1158/62/32 1159/14/32
f 1160/55/38 1161/92/38 1162/93/38
f 1163/15/9 1164/2/9 1165/3/9
f 1166/48/19 1167/94/19 1168/3/19
f 1169/4/31 1170/13/31 1171/16/31
f 1172/89/36 1173/90/36 1174/59/36
f 1175/60/10 1176/8/10 1177/61/10
f 1178/91/20 1179/87/20 1180/54/20
f 1181/10/32 1182/62/32 1183/14/32
f 1184/55/38 1185/92/38 1186/93/38
f 1187/1/39 1188/19/39 1189/20/39
f 1190/63/33 1191/88/33 1192/20/33
f 1193/4/31 1194/13/31 1195/6/31
f 1196/89/36 1197/90/36 1198/52/36
f 1199/7/40 1200/23/40 1201/24/40
f 1202/96/34 1203/87/34 1204/65/34
f 1205/10/32 1206/11/32 1207/14/32
f 1208/55/38 1209/92/38 1210/93/38
f 1211/15/39 1212/19/39 1213/20/39
f 1214/63/33 1215/95/33 1216/20/33
f 1217/21/41 1218/22/41 1219/16/41
f 1220/89/42 1221/90/42 1222/52/42
f 1223/17/40 1224/23/40 1225/24/40
f 1226/96/34 1227/87/34 1228/65/34
f 1229/25/43 1230/18/43 1231/26/43
f 1232/55/44 1233/92/44 1234/93/44
f 1235/15/1 1236/19/1 1237/20/1
f 1238/63/21 1239/88/21 1240/20/21
f 1241/21/6 1242/22/6 1243/16/6
f 1244/89/15 1245/90/15 1246/52/15
f 1247/17/3 1248/23/3 1249/24/3
f 1250/96/22 1251/87/22 1252/65/22
f 1253/25/8 1254/18/8 1255/26/8
f 1256/55/16 1257/92/16 1258/93/16
f 1259/15/1 1260/19/1 1261/20/1
f 1262/63/21 1263/95/21 1264/20/21
f 1265/21/6 1266/22/6 1267/16/6
f 1268/89/15 1269/90/15 1270/52/15
f 1271/17/3 1272/23/3 1273/24/3
f 1274/96/22 1275/87/22 1276/65/22
f 1277/25/8 1278/18/8 1279/26/8
f 1280/55/16 1281/92/16 1282/93/16
f 1283/15/1 1284/27/1 1285/28/1
f 1286/66/21 1287/88/21 1288/28/21
f 1289/21/6 1290/22/6 1291/16/6
f 1292/89/15 1293/90/15 1294/52/15
f 1295/17/3 1296/31/3 1297/32/3
f 1298/97/22 1299/87/22 1300/68/22
f 1301/25/8 1302/18/8 1303/26/8
f 1304/55/16 1305/92/16 1306/93/16
f 1307/15/1 1308/27/1 1309/28/1
f 1310/66/21 1311/94/21 1312/28/21
f 1313/29/6 1314/30/6 1315/16/6
f 1316/89/15 1317/90/15 1318/59/15
f 1319/60/3 1320/31/3 1321/32/3
f 1322/97/22 1323/87/22 1324/68/22
f 1325/33/8 1326/62/8 1327/34/8
f 1328/55/16 1329/92/16 1330/93/16
f 3/100/45 5/101/45 4/102/45 1/103/45
f 19/56/46 17/104/46 16/105/46 20/57/46
f 8/106/47 10/51/47 9/50/47 6/107/47
f 11/42/48 15/47/48 14/53/48 12/108/48
f 7/5/49 18/12/49 17/11/49 8/6/49
f 2/2/50 7/5/50 6/4/50 3/3/50
f 18/12/51 13/9/51 12/8/51 16/10/51
f 13/9/52 2/2/52 1/1/52 11/7/52
f 23/100/45 25/101/45 24/102/45 21/103/45
f 39/56/46 37/104/46 36/105/46 40/57/46
f 28/106/47 30/51/47 29/50/47 26/107/47
f 31/42/48 35/47/48 34/53/48 32/108/48
f 27/13/49 38/14/49 37/11/49 28/6/49
f 22/2/50 27/13/50 26/4/50 23/3/50
f 38/14/51 33/9/51 32/8/51 36/10/51
f 33/9/52 22/2/52 21/1/52 31/7/52
f 43/100/45 45/101/45 44/102/45 41/103/45
f 59/56/46 57/104/46 56/105/46 60/57/46
f 48/106/47 50/51/47 49/50/47 46/107/47
f 51/42/48 55/47/48 54/53/48 52/108/48
f 47/13/49 58/14/49 57/18/49 48/16/49
f 42/2/50 47/13/50 46/4/50 43/3/50
f 58/14/51 53/9/51 52/8/51 56/10/51
f 53/9/52 42/2/52 41/15/52 51/17/52
f 63/100/45 65/101/45 64/102/45 61/103/45
f 79/56/46 77/104/46 76/105/46 80/57/46
f 68/106/47 70/51/47 69/50/47 66/107/47
f 71/42/48 75/47/48 74/53/48 72/108/48
f 67/13/49 78/14/49 77/18/49 68/16/49
f 62/2/50 67/13/50 66/4/50 63/3/50
f 78/14/51 73/9/51 72/8/51 76/10/51
f 73/9/52 62/2/52 61/15/52 71/17/52
f 83/109/45 85/110/45 84/102/45 81/103/45
f 99/56/46 97/104/46 96/105/46 100/57/46
f 88/106/47 90/51/47 89/50/47 86/107/47
f 91/42/48 95/47/48 94/64/48 92/111/48
f 87/22/49 98/26/49 97/18/49 88/6/49
f 82/19/50 87/22/50 86/21/50 83/20/50
f 98/26/51 93/24/51 92/23/51 96/25/51
f 93/24/52 82/19/52 81/15/52 91/7/52
f 103/109/45 105/110/45 104/102/45 101/103/45
f 119/56/46 117/104/46 116/105/46 120/57/46
f 108/106/47 110/51/47 109/50/47 106/107/47
f 111/42/48 115/47/48 114/64/48 112/111/48
f 107/22/49 118/26/49 117/11/49 108/6/49
f 102/19/50 107/22/50 106/21/50 103/20/50
f 118/26/51 113/24/51 112/23/51 116/25/51
f 113/24/52 102/19/52 101/1/52 111/7/52
f 123/109/45 125/110/45 124/102/45 121/103/45
f 139/56/46 137/104/46 136/105/46 140/57/46
f 128/106/47 130/51/47 129/50/47 126/107/47
f 131/42/48 135/47/48 134/64/48 132/111/48
f 127/22/49 138/26/49 137/11/49 128/6/49
f 122/19/50 127/22/50 126/21/50 123/20/50
f 138/26/51 133/24/51 132/23/51 136/25/51
f 133/24/52 122/19/52 121/1/52 131/7/52
f 143/109/45 145/110/45 144/102/45 141/103/45
f 159/56/46 157/104/46 156/105/46 160/57/46
f 148/106/47 150/51/47 149/50/47 146/107/47
f 151/42/48 155/47/48 154/64/48 152/111/48
f 147/22/49 158/26/49 157/11/49 148/6/49
f 142/19/50 147/22/50 146/21/50 143/20/50
f 158/26/51 153/24/51 152/23/51 156/25/51
f 153/24/52 142/19/52 141/1/52 151/7/52
f 163/112/45 165/113/45 164/102/45 161/103/45
f 179/56/46 177/104/46 176/105/46 180/57/46
f 168/106/47 170/51/47 169/50/47 166/107/47
f 171/42/48 175/47/48 174/67/48 172/114/48
f 167/30/49 178/34/49 177/11/49 168/6/49
f 162/27/50 167/30/50 166/29/50 163/28/50
f 178/34/51 173/32/51 172/31/51 176/33/51
f 173/32/52 162/27/52 161/1/52 171/7/52
f 189/56/46 187/104/46 186/105/46 190/57/46
f 183/106/47 185/51/47 184/50/47 181/107/47
f 182/35/49 188/36/49 187/18/49 183/16/49
f 1332/115/50 182/35/50 181/29/50 1333/116/50
f 194/40/53 200/117/53 202/118/53 195/41/53
f 191/37/45 196/1/45 195/41/45 192/38/45
f 197/42/48 202/47/48 201/46/48 198/43/48
f 1357/119/51 199/44/51 198/43/51 1358/120/51
f 199/121/52 193/39/52 192/38/52 197/122/52
f 1359/123/54 194/124/54 196/125/54 1360/126/54
f 220/54/55 224/127/55 226/128/55 218/53/55
f 206/48/53 220/129/53 219/130/53 207/49/53
f 205/100/45 208/101/45 207/102/45 203/103/45
f 225/56/46 222/104/46 221/105/46 226/57/46
f 211/106/47 213/51/47 212/50/47 209/107/47
f 215/42/48 219/47/48 218/53/48 216/108/48
f 210/13/49 223/14/49 222/18/49 211/16/49
f 204/2/50 210/13/50 209/4/50 205/3/50
f 224/55/56 214/52/56 213/51/56 225/56/56
f 223/14/51 217/9/51 216/8/51 221/10/51
f 217/9/52 204/2/52 203/15/52 215/17/52
f 214/131/54 206/48/54 208/3/54 212/4/54
f 244/54/55 248/127/55 250/128/55 242/53/55
f 230/48/53 244/129/53 243/130/53 231/58/53
f 229/100/45 232/101/45 231/102/45 227/103/45
f 249/56/46 246/132/46 245/105/46 250/57/46
f 235/106/47 237/51/47 236/50/47 233/107/47
f 239/42/48 243/47/48 242/53/48 240/108/48
f 234/13/49 247/14/49 246/62/49 235/16/49
f 228/2/50 234/13/50 233/4/50 229/3/50
f 248/55/56 238/59/56 237/51/56 249/56/56
f 247/14/51 241/61/51 240/8/51 245/10/51
f 241/61/52 228/2/52 227/15/52 239/60/52
f 238/131/54 230/48/54 232/3/54 236/4/54
f 268/54/55 272/127/55 274/128/55 266/53/55
f 254/48/53 268/129/53 267/130/53 255/58/53
f 253/100/45 256/101/45 255/102/45 251/103/45
f 273/56/46 270/132/46 269/105/46 274/57/46
f 259/106/47 261/51/47 260/50/47 257/107/47
f 263/42/48 267/47/48 266/53/48 264/108/48
f 258/13/49 271/14/49 270/62/49 259/16/49
f 252/2/50 258/13/50 257/4/50 253/3/50
f 272/55/56 262/59/56 261/51/56 273/56/56
f 271/14/51 265/61/51 264/8/51 269/10/51
f 265/61/52 252/2/52 251/15/52 263/60/52
f 262/131/54 254/48/54 256/3/54 260/4/54
f 292/65/55 296/127/55 298/128/55 290/64/55
f 278/63/53 292/133/53 291/134/53 279/49/53
f 277/109/45 280/110/45 279/102/45 275/103/45
f 297/56/46 294/104/46 293/105/46 298/57/46
f 283/106/47 285/51/47 284/50/47 281/107/47
f 287/42/48 291/47/48 290/64/48 288/111/48
f 282/13/49 295/14/49 294/11/49 283/6/49
f 276/19/50 282/13/50 281/4/50 277/20/50
f 296/55/56 286/52/56 285/51/56 297/56/56
f 295/14/51 289/24/51 288/23/51 293/10/51
f 289/24/52 276/19/52 275/1/52 287/7/52
f 286/131/54 278/63/54 280/20/54 284/4/54
f 316/65/55 320/135/55 322/136/55 314/64/55
f 302/63/53 316/133/53 315/130/53 303/49/53
f 301/109/45 304/110/45 303/102/45 299/103/45
f 321/56/46 318/104/46 317/105/46 322/57/46
f 307/106/47 309/51/47 308/50/47 305/107/47
f 311/42/48 315/47/48 314/64/48 312/111/48
f 306/22/49 319/26/49 318/18/49 307/16/49
f 300/19/50 306/22/50 305/21/50 301/20/50
f 320/55/56 310/52/56 309/51/56 321/56/56
f 319/26/51 313/24/51 312/23/51 317/25/51
f 313/24/52 300/19/52 299/15/52 311/17/52
f 310/137/54 302/63/54 304/20/54 308/21/54
f 340/65/55 344/135/55 346/136/55 338/64/55
f 326/63/53 340/133/53 339/130/53 327/49/53
f 325/109/45 328/110/45 327/102/45 323/103/45
f 345/56/46 342/104/46 341/105/46 346/57/46
f 331/106/47 333/51/47 332/50/47 329/107/47
f 335/42/48 339/47/48 338/64/48 336/111/48
f 330/22/49 343/26/49 342/18/49 331/16/49
f 324/19/50 330/22/50 329/21/50 325/20/50
f 344/55/56 334/52/56 333/51/56 345/56/56
f 343/26/51 337/24/51 336/23/51 341/25/51
f 337/24/52 324/19/52 323/15/52 335/17/52
f 334/137/54 326/63/54 328/20/54 332/21/54
f 364/65/55 368/135/55 370/136/55 362/64/55
f 350/63/53 364/133/53 363/130/53 351/49/53
f 349/109/45 352/110/45 351/102/45 347/103/45
f 369/56/46 366/104/46 365/105/46 370/57/46
f 355/106/47 357/51/47 356/50/47 353/107/47
f 359/42/48 363/47/48 362/64/48 360/111/48
f 354/22/49 367/26/49 366/18/49 355/16/49
f 348/19/50 354/22/50 353/21/50 349/20/50
f 368/55/56 358/52/56 357/51/56 369/56/56
f 367/26/51 361/24/51 360/23/51 365/25/51
f 361/24/52 348/19/52 347/15/52 359/17/52
f 358/137/54 350/63/54 352/20/54 356/21/54
f 388/68/55 392/135/55 394/136/55 386/67/55
f 374/66/53 388/138/53 387/130/53 375/49/53
f 373/112/45 376/113/45 375/102/45 371/103/45
f 393/56/46 390/104/46 389/105/46 394/57/46
f 379/106/47 381/51/47 380/50/47 377/107/47
f 383/42/48 387/47/48 386/67/48 384/114/48
f 378/22/49 391/26/49 390/18/49 379/16/49
f 372/27/50 378/22/50 377/21/50 373/28/50
f 392/55/56 382/52/56 381/51/56 393/56/56
f 391/26/51 385/32/51 384/31/51 389/25/51
f 385/32/52 372/27/52 371/15/52 383/17/52
f 382/137/54 374/66/54 376/28/54 380/21/54
f 412/68/55 416/139/55 418/140/55 410/67/55
f 398/66/53 412/138/53 411/130/53 399/58/53
f 397/112/45 400/113/45 399/102/45 395/103/45
f 417/56/46 414/132/46 413/105/46 418/57/46
f 403/106/47 405/51/47 404/50/47 401/107/47
f 407/42/48 411/47/48 410/67/48 408/114/48
f 402/30/49 415/34/49 414/62/49 403/16/49
f 396/27/50 402/30/50 401/29/50 397/28/50
f 416/55/56 406/59/56 405/51/56 417/56/56
f 415/34/51 409/32/51 408/31/51 413/33/51
f 409/32/52 396/27/52 395/15/52 407/60/52
f 406/141/54 398/66/54 400/28/54 404/29/54
f 436/54/55 440/127/55 442/142/55 434/71/55
f 422/48/53 436/129/53 435/134/53 423/58/53
f 421/143/45 424/101/45 423/102/45 419/144/45
f 441/73/46 438/145/46 437/146/46 442/74/46
f 427/147/47 429/70/47 428/69/47 425/148/47
f 431/149/48 435/72/48 434/71/48 432/150/48
f 426/5/49 439/12/49 438/11/49 427/6/49
f 420/2/50 426/5/50 425/4/50 421/3/50
f 440/55/56 430/52/56 429/70/56 441/73/56
f 439/12/51 433/9/51 432/8/51 437/10/51
f 433/9/52 420/2/52 419/1/52 431/7/52
f 430/151/54 422/48/54 424/3/54 428/4/54
f 460/54/55 464/127/55 466/152/55 458/71/55
f 446/48/53 460/129/53 459/134/53 447/40/53
f 445/143/45 448/101/45 447/102/45 443/144/45
f 465/73/46 462/145/46 461/146/46 466/74/46
f 451/147/47 453/70/47 452/69/47 449/148/47
f 455/149/48 459/72/48 458/71/48 456/150/48
f 450/13/49 463/14/49 462/11/49 451/6/49
f 444/2/50 450/13/50 449/4/50 445/3/50
f 464/55/56 454/52/56 453/70/56 465/73/56
f 463/14/51 457/9/51 456/8/51 461/10/51
f 457/9/52 444/2/52 443/1/52 455/7/52
f 454/131/54 446/48/54 448/3/54 452/4/54
f 484/54/55 488/127/55 490/152/55 482/71/55
f 470/48/53 484/129/53 483/130/53 471/58/53
f 469/143/45 472/101/45 471/102/45 467/144/45
f 489/73/46 486/145/46 485/146/46 490/74/46
f 475/147/47 477/70/47 476/69/47 473/148/47
f 479/149/48 483/72/48 482/71/48 480/150/48
f 474/13/49 487/14/49 486/18/49 475/16/49
f 468/2/50 474/13/50 473/4/50 469/3/50
f 488/55/56 478/52/56 477/70/56 489/73/56
f 487/14/51 481/9/51 480/8/51 485/10/51
f 481/9/52 468/2/52 467/15/52 479/17/52
f 478/131/54 470/48/54 472/3/54 476/4/54
f 508/54/55 512/127/55 514/152/55 506/71/55
f 494/48/53 508/129/53 507/130/53 495/40/53
f 493/143/45 496/101/45 495/102/45 491/144/45
f 513/73/46 510/145/46 509/146/46 514/74/46
f 499/147/47 501/70/47 500/69/47 497/148/47
f 503/149/48 507/72/48 506/71/48 504/150/48
f 498/13/49 511/14/49 510/18/49 499/16/49
f 492/2/50 498/13/50 497/4/50 493/3/50
f 512/55/56 502/52/56 501/70/56 513/73/56
f 511/14/51 505/9/51 504/8/51 509/10/51
f 505/9/52 492/2/52 491/15/52 503/17/52
f 502/131/54 494/48/54 496/3/54 500/4/54
f 532/65/55 536/135/55 538/136/55 530/75/55
f 518/63/53 532/133/53 531/130/53 519/58/53
f 517/153/45 520/154/45 519/102/45 515/144/45
f 537/73/46 534/145/46 533/146/46 538/74/46
f 523/147/47 525/70/47 524/69/47 521/148/47
f 527/149/48 531/72/48 530/75/48 528/155/48
f 522/22/49 535/26/49 534/18/49 523/16/49
f 516/19/50 522/22/50 521/21/50 517/20/50
f 536/55/56 526/52/56 525/70/56 537/73/56
f 535/26/51 529/24/51 528/23/51 533/25/51
f 529/24/52 516/19/52 515/15/52 527/17/52
f 526/137/54 518/63/54 520/20/54 524/21/54
f 556/65/55 560/135/55 562/136/55 554/75/55
f 542/63/53 556/133/53 555/130/53 543/76/53
f 541/153/45 544/154/45 543/102/45 539/144/45
f 561/73/46 558/145/46 557/146/46 562/74/46
f 547/147/47 549/70/47 548/69/47 545/148/47
f 551/149/48 555/72/48 554/75/48 552/155/48
f 546/22/49 559/26/49 558/62/49 547/16/49
f 540/19/50 546/22/50 545/21/50 541/20/50
f 560/55/56 550/59/56 549/70/56 561/73/56
f 559/26/51 553/24/51 552/23/51 557/25/51
f 553/24/52 540/19/52 539/15/52 551/60/52
f 550/137/54 542/63/54 544/20/54 548/21/54
f 580/65/55 584/135/55 586/136/55 578/75/55
f 566/63/53 580/133/53 579/130/53 567/77/53
f 565/153/45 568/154/45 567/102/45 563/144/45
f 585/73/46 582/145/46 581/146/46 586/74/46
f 571/147/47 573/70/47 572/69/47 569/148/47
f 575/149/48 579/72/48 578/75/48 576/155/48
f 570/22/49 583/26/49 582/62/49 571/16/49
f 564/19/50 570/22/50 569/21/50 565/20/50
f 584/55/56 574/59/56 573/70/56 585/73/56
f 583/26/51 577/24/51 576/23/51 581/25/51
f 577/24/52 564/19/52 563/15/52 575/60/52
f 574/137/54 566/63/54 568/20/54 572/21/54
f 604/65/55 608/135/55 610/136/55 602/75/55
f 590/63/53 604/133/53 603/130/53 591/76/53
f 589/153/45 592/154/45 591/102/45 587/144/45
f 609/73/46 606/145/46 605/146/46 610/74/46
f 595/147/47 597/70/47 596/69/47 593/148/47
f 599/149/48 603/72/48 602/75/48 600/155/48
f 594/22/49 607/26/49 606/62/49 595/16/49
f 588/19/50 594/22/50 593/21/50 589/20/50
f 608/55/56 598/59/56 597/70/56 609/73/56
f 607/26/51 601/24/51 600/23/51 605/25/51
f 601/24/52 588/19/52 587/15/52 599/60/52
f 598/137/54 590/63/54 592/20/54 596/21/54
f 628/68/55 632/139/55 634/140/55 626/67/55
f 614/66/53 628/138/53 627/130/53 615/77/53
f 613/156/45 616/157/45 615/102/45 611/144/45
f 633/73/46 630/145/46 629/146/46 634/74/46
f 619/147/47 621/70/47 620/69/47 617/148/47
f 623/149/48 627/72/48 626/67/48 624/158/48
f 618/30/49 631/34/49 630/62/49 619/16/49
f 612/27/50 618/30/50 617/29/50 613/28/50
f 632/55/56 622/59/56 621/70/56 633/73/56
f 631/34/51 625/32/51 624/31/51 629/33/51
f 625/32/52 612/27/52 611/15/52 623/60/52
f 622/141/54 614/66/54 616/28/54 620/29/54
f 1337/159/55 644/160/55 646/161/55 1338/162/55
f 645/73/46 642/145/46 641/146/46 646/74/46
f 637/147/47 639/70/47 638/69/47 635/148/47
f 636/30/49 643/79/49 642/78/49 637/16/49
f 1339/115/50 636/30/50 635/29/50 1340/116/50
f 644/55/56 640/52/56 639/70/56 645/73/56
f 650/40/53 656/117/53 658/163/53 651/82/53
f 647/80/45 652/83/45 651/82/45 648/81/45
f 653/84/48 658/87/48 657/86/48 654/85/48
f 1365/119/51 655/44/51 654/85/51 1366/164/51
f 655/121/52 649/39/52 648/81/52 653/165/52
f 1367/123/54 650/124/54 652/166/54 1368/167/54
f 676/54/55 680/127/55 682/168/55 674/91/55
f 662/48/53 676/129/53 675/130/53 663/88/53
f 661/143/45 664/169/45 663/170/45 659/171/45
f 681/92/46 678/172/46 677/173/46 682/93/46
f 667/174/47 669/90/47 668/89/47 665/175/47
f 671/84/48 675/87/48 674/91/48 672/176/48
f 666/13/49 679/14/49 678/18/49 667/16/49
f 660/2/50 666/13/50 665/4/50 661/3/50
f 680/55/56 670/52/56 669/90/56 681/92/56
f 679/14/51 673/9/51 672/8/51 677/10/51
f 673/9/52 660/2/52 659/15/52 671/17/52
f 670/131/54 662/48/54 664/3/54 668/4/54
f 700/54/55 704/127/55 706/168/55 698/91/55
f 686/48/53 700/129/53 699/130/53 687/94/53
f 685/143/45 688/169/45 687/170/45 683/171/45
f 705/92/46 702/172/46 701/173/46 706/93/46
f 691/174/47 693/90/47 692/89/47 689/175/47
f 695/84/48 699/87/48 698/91/48 696/176/48
f 690/13/49 703/14/49 702/62/49 691/16/49
f 684/2/50 690/13/50 689/4/50 685/3/50
f 704/55/56 694/59/56 693/90/56 705/92/56
f 703/14/51 697/61/51 696/8/51 701/10/51
f 697/61/52 684/2/52 683/15/52 695/60/52
f 694/131/54 686/48/54 688/3/54 692/4/54
f 724/54/55 728/127/55 730/168/55 722/91/55
f 710/48/53 724/129/53 723/130/53 711/49/53
f 709/143/45 712/169/45 711/170/45 707/171/45
f 729/92/46 726/172/46 725/173/46 730/93/46
f 715/174/47 717/90/47 716/89/47 713/175/47
f 719/84/48 723/87/48 722/91/48 720/176/48
f 714/13/49 727/14/49 726/62/49 715/16/49
f 708/2/50 714/13/50 713/4/50 709/3/50
f 728/55/56 718/59/56 717/90/56 729/92/56
f 727/14/51 721/61/51 720/8/51 725/10/51
f 721/61/52 708/2/52 707/15/52 719/60/52
f 718/131/54 710/48/54 712/3/54 716/4/54
f 748/65/55 752/127/55 754/168/55 746/96/55
f 734/63/53 748/133/53 747/134/53 735/95/53
f 733/177/45 736/178/45 735/170/45 731/171/45
f 753/92/46 750/172/46 749/173/46 754/93/46
f 739/174/47 741/90/47 740/89/47 737/175/47
f 743/84/48 747/87/48 746/96/48 744/179/48
f 738/13/49 751/14/49 750/11/49 739/6/49
f 732/19/50 738/13/50 737/4/50 733/20/50
f 752/55/56 742/52/56 741/90/56 753/92/56
f 751/14/51 745/24/51 744/23/51 749/10/51
f 745/24/52 732/19/52 731/1/52 743/7/52
f 742/131/54 734/63/54 736/20/54 740/4/54
f 772/65/55 776/135/55 778/180/55 770/96/55
f 758/63/53 772/133/53 771/130/53 759/88/53
f 757/177/45 760/178/45 759/170/45 755/171/45
f 777/92/46 774/172/46 773/173/46 778/93/46
f 763/174/47 765/90/47 764/89/47 761/175/47
f 767/84/48 771/87/48 770/96/48 768/179/48
f 762/22/49 775/26/49 774/18/49 763/16/49
f 756/19/50 762/22/50 761/21/50 757/20/50
f 776/55/56 766/52/56 765/90/56 777/92/56
f 775/26/51 769/24/51 768/23/51 773/25/51
f 769/24/52 756/19/52 755/15/52 767/17/52
f 766/137/54 758/63/54 760/20/54 764/21/54
f 796/65/55 800/135/55 802/180/55 794/96/55
f 782/63/53 796/133/53 795/130/53 783/95/53
f 781/177/45 784/178/45 783/170/45 779/171/45
f 801/92/46 798/172/46 797/173/46 802/93/46
f 787/174/47 789/90/47 788/89/47 785/175/47
f 791/84/48 795/87/48 794/96/48 792/179/48
f 786/22/49 799/26/49 798/18/49 787/16/49
f 780/19/50 786/22/50 785/21/50 781/20/50
f 800/55/56 790/52/56 789/90/56 801/92/56
f 799/26/51 793/24/51 792/23/51 797/25/51
f 793/24/52 780/19/52 779/15/52 791/17/52
f 790/137/54 782/63/54 784/20/54 788/21/54
f 820/65/55 824/135/55 826/180/55 818/96/55
f 806/63/53 820/133/53 819/130/53 807/88/53
f 805/177/45 808/178/45 807/170/45 803/171/45
f 825/92/46 822/172/46 821/173/46 826/93/46
f 811/174/47 813/90/47 812/89/47 809/175/47
f 815/84/48 819/87/48 818/96/48 816/179/48
f 810/22/49 823/26/49 822/18/49 811/16/49
f 804/19/50 810/22/50 809/21/50 805/20/50
f 824/55/56 814/52/56 813/90/56 825/92/56
f 823/26/51 817/24/51 816/23/51 821/25/51
f 817/24/52 804/19/52 803/15/52 815/17/52
f 814/137/54 806/63/54 808/20/54 812/21/54
f 844/68/55 848/135/55 850/180/55 842/97/55
f 830/66/53 844/138/53 843/130/53 831/95/53
f 829/181/45 832/182/45 831/170/45 827/171/45
f 849/92/46 846/172/46 845/173/46 850/93/46
f 835/174/47 837/90/47 836/89/47 833/175/47
f 839/84/48 843/87/48 842/97/48 840/183/48
f 834/22/49 847/26/49 846/18/49 835/16/49
f 828/27/50 834/22/50 833/21/50 829/28/50
f 848/55/56 838/52/56 837/90/56 849/92/56
f 847/26/51 841/32/51 840/31/51 845/25/51
f 841/32/52 828/27/52 827/15/52 839/17/52
f 838/137/54 830/66/54 832/28/54 836/21/54
f 868/68/55 872/139/55 874/184/55 866/97/55
f 854/66/53 868/138/53 867/130/53 855/49/53
f 853/181/45 856/182/45 855/170/45 851/171/45
f 873/92/46 870/172/46 869/173/46 874/93/46
f 859/174/47 861/90/47 860/89/47 857/175/47
f 863/84/48 867/87/48 866/97/48 864/183/48
f 858/30/49 871/34/49 870/62/49 859/16/49
f 852/27/50 858/30/50 857/29/50 853/28/50
f 872/55/56 862/59/56 861/90/56 873/92/56
f 871/34/51 865/32/51 864/31/51 869/33/51
f 865/32/52 852/27/52 851/15/52 863/60/52
f 862/141/54 854/66/54 856/28/54 860/29/54
f 892/54/55 896/127/55 898/185/55 890/91/55
f 878/48/53 892/129/53 891/130/53 879/94/53
f 877/143/45 880/169/45 879/170/45 875/171/45
f 897/92/46 894/172/46 893/173/46 898/93/46
f 883/174/47 885/90/47 884/89/47 881/175/47
f 887/84/48 891/87/48 890/91/48 888/176/48
f 882/5/49 895/98/49 894/62/49 883/16/49
f 876/2/50 882/5/50 881/4/50 877/3/50
f 896/55/56 886/59/56 885/90/56 897/92/56
f 895/98/51 889/61/51 888/8/51 893/10/51
f 889/61/52 876/2/52 875/15/52 887/60/52
f 886/151/54 878/48/54 880/3/54 884/4/54
f 916/54/55 920/127/55 922/168/55 914/91/55
f 902/48/53 916/129/53 915/130/53 903/49/53
f 901/143/45 904/169/45 903/170/45 899/171/45
f 921/92/46 918/172/46 917/173/46 922/93/46
f 907/174/47 909/90/47 908/89/47 905/175/47
f 911/84/48 915/87/48 914/91/48 912/176/48
f 906/13/49 919/14/49 918/62/49 907/16/49
f 900/2/50 906/13/50 905/4/50 901/3/50
f 920/55/56 910/59/56 909/90/56 921/92/56
f 919/14/51 913/61/51 912/8/51 917/10/51
f 913/61/52 900/2/52 899/15/52 911/60/52
f 910/131/54 902/48/54 904/3/54 908/4/54
f 940/54/55 944/127/55 946/168/55 938/91/55
f 926/48/53 940/129/53 939/130/53 927/95/53
f 925/143/45 928/169/45 927/170/45 923/171/45
f 945/92/46 942/172/46 941/173/46 946/93/46
f 931/174/47 933/90/47 932/89/47 929/175/47
f 935/84/48 939/87/48 938/91/48 936/176/48
f 930/13/49 943/14/49 942/78/49 931/16/49
f 924/2/50 930/13/50 929/4/50 925/3/50
f 944/55/56 934/52/56 933/90/56 945/92/56
f 943/14/51 937/61/51 936/8/51 941/10/51
f 937/61/52 924/2/52 923/15/52 935/17/52
f 934/131/54 926/48/54 928/3/54 932/4/54
f 964/54/55 968/127/55 970/168/55 962/91/55
f 950/48/53 964/129/53 963/130/53 951/88/53
f 949/143/45 952/169/45 951/170/45 947/171/45
f 969/92/46 966/172/46 965/173/46 970/93/46
f 955/174/47 957/90/47 956/89/47 953/175/47
f 959/84/48 963/87/48 962/91/48 960/176/48
f 954/13/49 967/14/49 966/78/49 955/16/49
f 948/2/50 954/13/50 953/4/50 949/3/50
f 968/55/56 958/52/56 957/90/56 969/92/56
f 967/14/51 961/61/51 960/8/51 965/10/51
f 961/61/52 948/2/52 947/15/52 959/17/52
f 958/131/54 950/48/54 952/3/54 956/4/54
f 988/65/55 992/135/55 994/180/55 986/96/55
f 974/63/53 988/133/53 987/130/53 975/95/53
f 973/177/45 976/178/45 975/170/45 971/171/45
f 993/92/46 990/172/46 989/173/46 994/93/46
f 979/174/47 981/90/47 980/89/47 977/175/47
f 983/84/48 987/87/48 986/96/48 984/179/48
f 978/22/49 991/26/49 990/18/49 979/16/49
f 972/19/50 978/22/50 977/21/50 973/20/50
f 992/55/56 982/52/56 981/90/56 993/92/56
f 991/26/51 985/24/51 984/23/51 989/25/51
f 985/24/52 972/19/52 971/15/52 983/17/52
f 982/137/54 974/63/54 976/20/54 980/21/54
f 1012/65/55 1016/135/55 1018/180/55 1010/96/55
f 998/63/53 1012/133/53 1011/130/53 999/49/53
f 997/177/45 1000/178/45 999/170/45 995/171/45
f 1017/92/46 1014/172/46 1013/173/46 1018/93/46
f 1003/174/47 1005/90/47 1004/89/47 1001/175/47
f 1007/84/48 1011/87/48 1010/96/48 1008/179/48
f 1002/22/49 1015/26/49 1014/62/49 1003/16/49
f 996/19/50 1002/22/50 1001/21/50 997/20/50
f 1016/55/56 1006/59/56 1005/90/56 1017/92/56
f 1015/26/51 1009/24/51 1008/23/51 1013/25/51
f 1009/24/52 996/19/52 995/15/52 1007/60/52
f 1006/137/54 998/63/54 1000/20/54 1004/21/54
f 1036/65/55 1040/135/55 1042/180/55 1034/96/55
f 1022/63/53 1036/133/53 1035/130/53 1023/94/53
f 1021/177/45 1024/178/45 1023/170/45 1019/171/45
f 1041/92/46 1038/172/46 1037/173/46 1042/93/46
f 1027/174/47 1029/90/47 1028/89/47 1025/175/47
f 1031/84/48 1035/87/48 1034/96/48 1032/179/48
f 1026/22/49 1039/26/49 1038/62/49 1027/16/49
f 1020/19/50 1026/22/50 1025/21/50 1021/20/50
f 1040/55/56 1030/59/56 1029/90/56 1041/92/56
f 1039/26/51 1033/24/51 1032/23/51 1037/25/51
f 1033/24/52 1020/19/52 1019/15/52 1031/60/52
f 1030/137/54 1022/63/54 1024/20/54 1028/21/54
f 1060/65/55 1064/135/55 1066/180/55 1058/96/55
f 1046/63/53 1060/133/53 1059/130/53 1047/49/53
f 1045/177/45 1048/178/45 1047/170/45 1043/171/45
f 1065/92/46 1062/172/46 1061/173/46 1066/93/46
f 1051/174/47 1053/90/47 1052/89/47 1049/175/47
f 1055/84/48 1059/87/48 1058/96/48 1056/179/48
f 1050/22/49 1063/26/49 1062/62/49 1051/16/49
f 1044/19/50 1050/22/50 1049/21/50 1045/20/50
f 1064/55/56 1054/59/56 1053/90/56 1065/92/56
f 1063/26/51 1057/24/51 1056/23/51 1061/25/51
f 1057/24/52 1044/19/52 1043/15/52 1055/60/52
f 1054/137/54 1046/63/54 1048/20/54 1052/21/54
f 1084/68/55 1088/139/55 1090/184/55 1082/97/55
f 1070/66/53 1084/138/53 1083/130/53 1071/94/53
f 1069/181/45 1072/182/45 1071/170/45 1067/171/45
f 1089/92/46 1086/172/46 1085/173/46 1090/93/46
f 1075/174/47 1077/90/47 1076/89/47 1073/175/47
f 1079/84/48 1083/87/48 1082/97/48 1080/183/48
f 1074/30/49 1087/34/49 1086/62/49 1075/16/49
f 1068/27/50 1074/30/50 1073/29/50 1069/28/50
f 1088/55/56 1078/59/56 1077/90/56 1089/92/56
f 1087/34/51 1081/32/51 1080/31/51 1085/33/51
f 1081/32/52 1068/27/52 1067/15/52 1079/60/52
f 1078/141/54 1070/66/54 1072/28/54 1076/29/54
f 1345/186/55 1100/187/55 1102/161/55 1346/188/55
f 1101/92/46 1098/172/46 1097/173/46 1102/93/46
f 1093/174/47 1095/90/47 1094/89/47 1091/175/47
f 1092/35/49 1099/36/49 1098/78/49 1093/16/49
f 1347/189/50 1092/35/50 1091/29/50 1348/190/50
f 1100/55/56 1096/52/56 1095/90/56 1101/92/56
f 1106/40/53 1112/117/53 1114/163/53 1107/82/53
f 1103/80/45 1108/83/45 1107/82/45 1104/81/45
f 1109/84/48 1114/87/48 1113/86/48 1110/85/48
f 1373/119/51 1111/44/51 1110/85/51 1374/164/51
f 1111/121/52 1105/39/52 1104/81/52 1109/165/52
f 1375/123/54 1106/124/54 1108/166/54 1376/167/54
f 1132/54/55 1136/127/55 1138/168/55 1130/91/55
f 1118/48/53 1132/129/53 1131/130/53 1119/95/53
f 1117/143/45 1120/169/45 1119/170/45 1115/171/45
f 1137/92/46 1134/172/46 1133/173/46 1138/93/46
f 1123/174/47 1125/90/47 1124/89/47 1121/175/47
f 1127/84/48 1131/87/48 1130/91/48 1128/176/48
f 1122/13/49 1135/14/49 1134/18/49 1123/16/49
f 1116/2/50 1122/13/50 1121/4/50 1117/3/50
f 1136/55/56 1126/52/56 1125/90/56 1137/92/56
f 1135/14/51 1129/9/51 1128/8/51 1133/10/51
f 1129/9/52 1116/2/52 1115/15/52 1127/17/52
f 1126/131/54 1118/48/54 1120/3/54 1124/4/54
f 1156/54/55 1160/127/55 1162/168/55 1154/91/55
f 1142/48/53 1156/129/53 1155/130/53 1143/49/53
f 1141/143/45 1144/169/45 1143/170/45 1139/171/45
f 1161/92/46 1158/172/46 1157/173/46 1162/93/46
f 1147/174/47 1149/90/47 1148/89/47 1145/175/47
f 1151/84/48 1155/87/48 1154/91/48 1152/176/48
f 1146/13/49 1159/14/49 1158/62/49 1147/16/49
f 1140/2/50 1146/13/50 1145/4/50 1141/3/50
f 1160/55/56 1150/59/56 1149/90/56 1161/92/56
f 1159/14/51 1153/61/51 1152/8/51 1157/10/51
f 1153/61/52 1140/2/52 1139/15/52 1151/60/52
f 1150/131/54 1142/48/54 1144/3/54 1148/4/54
f 1180/54/55 1184/127/55 1186/168/55 1178/91/55
f 1166/48/53 1180/129/53 1179/130/53 1167/94/53
f 1165/143/45 1168/169/45 1167/170/45 1163/171/45
f 1185/92/46 1182/172/46 1181/173/46 1186/93/46
f 1171/174/47 1173/90/47 1172/89/47 1169/175/47
f 1175/84/48 1179/87/48 1178/91/48 1176/176/48
f 1170/13/49 1183/14/49 1182/62/49 1171/16/49
f 1164/2/50 1170/13/50 1169/4/50 1165/3/50
f 1184/55/56 1174/59/56 1173/90/56 1185/92/56
f 1183/14/51 1177/61/51 1176/8/51 1181/10/51
f 1177/61/52 1164/2/52 1163/15/52 1175/60/52
f 1174/131/54 1166/48/54 1168/3/54 1172/4/54
f 1204/65/55 1208/127/55 1210/168/55 1202/96/55
f 1190/63/53 1204/133/53 1203/134/53 1191/88/53
f 1189/177/45 1192/178/45 1191/170/45 1187/171/45
f 1209/92/46 1206/172/46 1205/173/46 1210/93/46
f 1195/174/47 1197/90/47 1196/89/47 1193/175/47
f 1199/84/48 1203/87/48 1202/96/48 1200/179/48
f 1194/13/49 1207/14/49 1206/11/49 1195/6/49
f 1188/19/50 1194/13/50 1193/4/50 1189/20/50
f 1208/55/56 1198/52/56 1197/90/56 1209/92/56
f 1207/14/51 1201/24/51 1200/23/51 1205/10/51
f 1201/24/52 1188/19/52 1187/1/52 1199/7/52
f 1198/131/54 1190/63/54 1192/20/54 1196/4/54
f 1228/65/55 1232/135/55 1234/180/55 1226/96/55
f 1214/63/53 1228/133/53 1227/130/53 1215/95/53
f 1213/177/45 1216/178/45 1215/170/45 1211/171/45
f 1233/92/46 1230/172/46 1229/173/46 1234/93/46
f 1219/174/47 1221/90/47 1220/89/47 1217/175/47
f 1223/84/48 1227/87/48 1226/96/48 1224/179/48
f 1218/22/49 1231/26/49 1230/18/49 1219/16/49
f 1212/19/50 1218/22/50 1217/21/50 1213/20/50
f 1232/55/56 1222/52/56 1221/90/56 1233/92/56
f 1231/26/51 1225/24/51 1224/23/51 1229/25/51
f 1225/24/52 1212/19/52 1211/15/52 1223/17/52
f 1222/137/54 1214/63/54 1216/20/54 1220/21/54
f 1252/65/55 1256/135/55 1258/180/55 1250/96/55
f 1238/63/53 1252/133/53 1251/130/53 1239/88/53
f 1237/177/45 1240/178/45 1239/170/45 1235/171/45
f 1257/92/46 1254/172/46 1253/173/46 1258/93/46
f 1243/174/47 1245/90/47 1244/89/47 1241/175/47
f 1247/84/48 1251/87/48 1250/96/48 1248/179/48
f 1242/22/49 1255/26/49 1254/18/49 1243/16/49
f 1236/19/50 1242/22/50 1241/21/50 1237/20/50
f 1256/55/56 1246/52/56 1245/90/56 1257/92/56
f 1255/26/51 1249/24/51 1248/23/51 1253/25/51
f 1249/24/52 1236/19/52 1235/15/52 1247/17/52
f 1246/137/54 1238/63/54 1240/20/54 1244/21/54
f 1276/65/55 1280/135/55 1282/180/55 1274/96/55
f 1262/63/53 1276/133/53 1275/130/53 1263/95/53
f 1261/177/45 1264/178/45 1263/170/45 1259/171/45
f 1281/92/46 1278/172/46 1277/173/46 1282/93/46
f 1267/174/47 1269/90/47 1268/89/47 1265/175/47
f 1271/84/48 1275/87/48 1274/96/48 1272/179/48
f 1266/22/49 1279/26/49 1278/18/49 1267/16/49
f 1260/19/50 1266/22/50 1265/21/50 1261/20/50
f 1280/55/56 1270/52/56 1269/90/56 1281/92/56
f 1279/26/51 1273/24/51 1272/23/51 1277/25/51
f 1273/24/52 1260/19/52 1259/15/52 1271/17/52
f 1270/137/54 1262/63/54 1264/20/54 1268/21/54
f 1300/68/55 1304/135/55 1306/180/55 1298/97/55
f 1286/66/53 1300/138/53 1299/130/53 1287/88/53
f 1285/181/45 1288/182/45 1287/170/45 1283/171/45
f 1305/92/46 1302/172/46 1301/173/46 1306/93/46
f 1291/174/47 1293/90/47 1292/89/47 1289/175/47
f 1295/84/48 1299/87/48 1298/97/48 1296/183/48
f 1290/22/49 1303/26/49 1302/18/49 1291/16/49
f 1284/27/50 1290/22/50 1289/21/50 1285/28/50
f 1304/55/56 1294/52/56 1293/90/56 1305/92/56
f 1303/26/51 1297/32/51 1296/31/51 1301/25/51
f 1297/32/52 1284/27/52 1283/15/52 1295/17/52
f 1294/137/54 1286/66/54 1288/28/54 1292/21/54
f 1324/68/55 1328/139/55 1330/184/55 1322/97/55
f 1310/66/53 1324/138/53 1323/130/53 1311/94/53
f 1309/181/45 1312/182/45 1311/170/45 1307/171/45
f 1329/92/46 1326/172/46 1325/173/46 1330/93/46
f 1315/174/47 1317/90/47 1316/89/47 1313/175/47
f 1319/84/48 1323/87/48 1322/97/48 1320/183/48
f 1314/30/49 1327/34/49 1326/62/49 1315/16/49
f 1308/27/50 1314/30/50 1313/29/50 1309/28/50
f 1328/55/56 1318/59/56 1317/90/56 1329/92/56
f 1327/34/51 1321/32/51 1320/31/51 1325/33/51
f 1321/32/52 1308/27/52 1307/15/52 1319/60/52
f 1318/141/54 1310/66/54 1312/28/54 1316/29/54
f 188/36/51 1335/191/51 1334/192/51 186/33/51
f 643/79/51 1342/191/51 1341/192/51 641/33/51
f 640/193/54 1344/194/54 1343/116/54 638/29/54
f 1099/36/51 1350/195/51 1349/196/51 1097/99/51
f 1096/197/54 1352/198/54 1351/190/54 1094/199/54
f 200/45/55 1354/200/55 1353/201/55 201/46/55
f 193/202/50 1356/200/50 1355/203/50 191/204/50
f 656/45/55 1362/200/55 1361/205/55 657/86/55
f 649/202/50 1364/200/50 1363/206/50 647/207/50
f 1112/45/55 1370/200/55 1369/205/55 1113/86/55
f 1105/202/50 1372/200/50 1371/206/50 1103/207/50
f 15/118/57 11/122/57 1/38/57 4/49/57
f 5/101/58 3/100/58 6/208/58 9/209/58
f 2/2/59 13/9/59 18/12/59 7/5/59
f 10/51/60 8/106/60 17/104/60 19/56/60
f 20/210/61 16/211/61 12/108/61 14/53/61
f 35/118/57 31/122/57 21/38/57 24/49/57
f 25/101/58 23/100/58 26/212/58 29/213/58
f 22/2/59 33/9/59 38/14/59 27/13/59
f 30/51/60 28/106/60 37/104/60 39/56/60
f 40/128/61 36/214/61 32/108/61 34/53/61
f 55/118/57 51/122/57 41/38/57 44/49/57
f 45/101/58 43/100/58 46/212/58 49/213/58
f 42/2/59 53/9/59 58/14/59 47/13/59
f 50/51/60 48/106/60 57/104/60 59/56/60
f 60/128/61 56/214/61 52/108/61 54/53/61
f 75/118/57 71/122/57 61/38/57 64/49/57
f 65/101/58 63/100/58 66/212/58 69/213/58
f 62/2/59 73/9/59 78/14/59 67/13/59
f 70/51/60 68/106/60 77/104/60 79/56/60
f 80/128/61 76/214/61 72/108/61 74/53/61
f 95/118/57 91/122/57 81/38/57 84/49/57
f 85/110/58 83/109/58 86/215/58 89/216/58
f 82/19/59 93/24/59 98/26/59 87/22/59
f 90/51/60 88/106/60 97/104/60 99/56/60
f 100/136/61 96/217/61 92/111/61 94/64/61
f 115/118/57 111/122/57 101/38/57 104/49/57
f 105/110/58 103/109/58 106/215/58 109/216/58
f 102/19/59 113/24/59 118/26/59 107/22/59
f 110/51/60 108/106/60 117/104/60 119/56/60
f 120/136/61 116/217/61 112/111/61 114/64/61
f 135/118/57 131/122/57 121/38/57 124/49/57
f 125/110/58 123/109/58 126/215/58 129/216/58
f 122/19/59 133/24/59 138/26/59 127/22/59
f 130/51/60 128/106/60 137/104/60 139/56/60
f 140/136/61 136/217/61 132/111/61 134/64/61
f 155/118/57 151/122/57 141/38/57 144/49/57
f 145/110/58 143/109/58 146/215/58 149/216/58
f 142/19/59 153/24/59 158/26/59 147/22/59
f 150/51/60 148/106/60 157/104/60 159/56/60
f 160/136/61 156/217/61 152/111/61 154/64/61
f 175/118/57 171/122/57 161/38/57 164/49/57
f 165/113/58 163/112/58 166/218/58 169/219/58
f 162/27/59 173/32/59 178/34/59 167/30/59
f 170/51/60 168/106/60 177/104/60 179/56/60
f 180/140/61 176/220/61 172/114/61 174/67/61
f 1336/126/58 1333/203/58 181/218/58 184/221/58
f 185/51/60 183/106/60 187/104/60 189/56/60
f 1332/115/59 1335/191/59 188/36/59 182/35/59
f 190/222/61 186/220/61 1334/120/61 1331/201/61
f 196/125/58 191/204/58 1355/203/58 1360/126/58
f 202/118/57 197/122/57 192/38/57 195/41/57
f 193/2/59 199/61/59 1357/191/59 1356/115/59
f 200/129/62 194/40/62 1359/194/62 1354/159/62
f 1353/201/61 1358/120/61 198/43/61 201/46/61
f 219/118/57 215/122/57 203/38/57 207/49/57
f 208/101/58 205/100/58 209/212/58 212/213/58
f 204/2/59 217/9/59 223/14/59 210/13/59
f 220/129/62 206/48/62 214/131/62 224/223/62
f 213/51/60 211/106/60 222/104/60 225/56/60
f 226/128/61 221/214/61 216/108/61 218/53/61
f 243/118/57 239/122/57 227/38/57 231/58/57
f 232/101/58 229/100/58 233/212/58 236/213/58
f 228/2/59 241/61/59 247/14/59 234/13/59
f 244/129/62 230/48/62 238/131/62 248/223/62
f 237/51/60 235/106/60 246/132/60 249/56/60
f 250/128/61 245/214/61 240/108/61 242/53/61
f 267/118/57 263/122/57 251/38/57 255/58/57
f 256/101/58 253/100/58 257/212/58 260/213/58
f 252/2/59 265/61/59 271/14/59 258/13/59
f 268/129/62 254/48/62 262/131/62 272/223/62
f 261/51/60 259/106/60 270/132/60 273/56/60
f 274/128/61 269/214/61 264/108/61 266/53/61
f 291/118/57 287/122/57 275/38/57 279/49/57
f 280/110/58 277/109/58 281/212/58 284/213/58
f 276/19/59 289/24/59 295/14/59 282/13/59
f 292/133/62 278/63/62 286/131/62 296/223/62
f 285/51/60 283/106/60 294/104/60 297/56/60
f 298/128/61 293/214/61 288/111/61 290/64/61
f 315/118/57 311/122/57 299/38/57 303/49/57
f 304/110/58 301/109/58 305/215/58 308/216/58
f 300/19/59 313/24/59 319/26/59 306/22/59
f 316/133/62 302/63/62 310/137/62 320/224/62
f 309/51/60 307/106/60 318/104/60 321/56/60
f 322/136/61 317/217/61 312/111/61 314/64/61
f 339/118/57 335/122/57 323/38/57 327/49/57
f 328/110/58 325/109/58 329/215/58 332/216/58
f 324/19/59 337/24/59 343/26/59 330/22/59
f 340/133/62 326/63/62 334/137/62 344/224/62
f 333/51/60 331/106/60 342/104/60 345/56/60
f 346/136/61 341/217/61 336/111/61 338/64/61
f 363/118/57 359/122/57 347/38/57 351/49/57
f 352/110/58 349/109/58 353/215/58 356/216/58
f 348/19/59 361/24/59 367/26/59 354/22/59
f 364/133/62 350/63/62 358/137/62 368/224/62
f 357/51/60 355/106/60 366/104/60 369/56/60
f 370/136/61 365/217/61 360/111/61 362/64/61
f 387/118/57 383/122/57 371/38/57 375/49/57
f 376/113/58 373/112/58 377/215/58 380/216/58
f 372/27/59 385/32/59 391/26/59 378/22/59
f 388/138/62 374/66/62 382/137/62 392/224/62
f 381/51/60 379/106/60 390/104/60 393/56/60
f 394/136/61 389/217/61 384/114/61 386/67/61
f 411/118/57 407/122/57 395/38/57 399/58/57
f 400/113/58 397/112/58 401/218/58 404/219/58
f 396/27/59 409/32/59 415/34/59 402/30/59
f 412/138/62 398/66/62 406/141/62 416/225/62
f 405/51/60 403/106/60 414/132/60 417/56/60
f 418/140/61 413/220/61 408/114/61 410/67/61
f 435/226/57 431/227/57 419/228/57 423/58/57
f 424/101/58 421/143/58 425/229/58 428/230/58
f 420/2/59 433/9/59 439/12/59 426/5/59
f 436/129/62 422/48/62 430/151/62 440/231/62
f 429/70/60 427/147/60 438/145/60 441/73/60
f 442/142/61 437/232/61 432/150/61 434/71/61
f 459/226/57 455/227/57 443/228/57 447/40/57
f 448/101/58 445/143/58 449/233/58 452/234/58
f 444/2/59 457/9/59 463/14/59 450/13/59
f 460/129/62 446/48/62 454/131/62 464/223/62
f 453/70/60 451/147/60 462/145/60 465/73/60
f 466/152/61 461/235/61 456/150/61 458/71/61
f 483/226/57 479/227/57 467/228/57 471/58/57
f 472/101/58 469/143/58 473/233/58 476/234/58
f 468/2/59 481/9/59 487/14/59 474/13/59
f 484/129/62 470/48/62 478/131/62 488/223/62
f 477/70/60 475/147/60 486/145/60 489/73/60
f 490/152/61 485/235/61 480/150/61 482/71/61
f 507/226/57 503/227/57 491/228/57 495/40/57
f 496/101/58 493/143/58 497/233/58 500/234/58
f 492/2/59 505/9/59 511/14/59 498/13/59
f 508/129/62 494/48/62 502/131/62 512/223/62
f 501/70/60 499/147/60 510/145/60 513/73/60
f 514/152/61 509/235/61 504/150/61 506/71/61
f 531/226/57 527/227/57 515/228/57 519/58/57
f 520/154/58 517/153/58 521/236/58 524/237/58
f 516/19/59 529/24/59 535/26/59 522/22/59
f 532/133/62 518/63/62 526/137/62 536/224/62
f 525/70/60 523/147/60 534/145/60 537/73/60
f 538/136/61 533/238/61 528/155/61 530/75/61
f 555/226/57 551/227/57 539/228/57 543/76/57
f 544/154/58 541/153/58 545/236/58 548/237/58
f 540/19/59 553/24/59 559/26/59 546/22/59
f 556/133/62 542/63/62 550/137/62 560/224/62
f 549/70/60 547/147/60 558/145/60 561/73/60
f 562/136/61 557/238/61 552/155/61 554/75/61
f 579/226/57 575/227/57 563/228/57 567/77/57
f 568/154/58 565/153/58 569/236/58 572/237/58
f 564/19/59 577/24/59 583/26/59 570/22/59
f 580/133/62 566/63/62 574/137/62 584/224/62
f 573/70/60 571/147/60 582/145/60 585/73/60
f 586/136/61 581/238/61 576/155/61 578/75/61
f 603/226/57 599/227/57 587/228/57 591/76/57
f 592/154/58 589/153/58 593/236/58 596/237/58
f 588/19/59 601/24/59 607/26/59 594/22/59
f 604/133/62 590/63/62 598/137/62 608/224/62
f 597/70/60 595/147/60 606/145/60 609/73/60
f 610/136/61 605/238/61 600/155/61 602/75/61
f 627/226/57 623/227/57 611/228/57 615/77/57
f 616/157/58 613/156/58 617/239/58 620/219/58
f 612/27/59 625/32/59 631/34/59 618/30/59
f 628/138/62 614/66/62 622/141/62 632/225/62
f 621/70/60 619/147/60 630/145/60 633/73/60
f 634/140/61 629/240/61 624/158/61 626/67/61
f 1343/126/58 1340/241/58 635/239/58 638/221/58
f 639/70/60 637/147/60 642/145/60 645/73/60
f 1339/115/59 1342/191/59 643/79/59 636/30/59
f 1337/159/62 1344/194/62 640/193/62 644/160/62
f 646/222/61 641/242/61 1341/243/61 1338/244/61
f 652/166/58 647/207/58 1363/206/58 1368/167/58
f 658/163/57 653/165/57 648/81/57 651/82/57
f 649/2/59 655/61/59 1365/191/59 1364/115/59
f 656/129/62 650/40/62 1367/194/62 1362/159/62
f 1361/205/61 1366/164/61 654/85/61 657/86/61
f 675/163/57 671/165/57 659/81/57 663/88/57
f 664/169/58 661/143/58 665/245/58 668/246/58
f 660/2/59 673/9/59 679/14/59 666/13/59
f 676/129/62 662/48/62 670/131/62 680/223/62
f 669/90/60 667/174/60 678/172/60 681/92/60
f 682/168/61 677/235/61 672/176/61 674/91/61
f 699/163/57 695/165/57 683/81/57 687/94/57
f 688/169/58 685/143/58 689/245/58 692/246/58
f 684/2/59 697/61/59 703/14/59 690/13/59
f 700/129/62 686/48/62 694/131/62 704/223/62
f 693/90/60 691/174/60 702/172/60 705/92/60
f 706/168/61 701/235/61 696/176/61 698/91/61
f 723/163/57 719/165/57 707/81/57 711/49/57
f 712/169/58 709/143/58 713/245/58 716/246/58
f 708/2/59 721/61/59 727/14/59 714/13/59
f 724/129/62 710/48/62 718/131/62 728/223/62
f 717/90/60 715/174/60 726/172/60 729/92/60
f 730/168/61 725/235/61 720/176/61 722/91/61
f 747/163/57 743/165/57 731/81/57 735/95/57
f 736/178/58 733/177/58 737/245/58 740/246/58
f 732/19/59 745/24/59 751/14/59 738/13/59
f 748/133/62 734/63/62 742/131/62 752/223/62
f 741/90/60 739/174/60 750/172/60 753/92/60
f 754/168/61 749/235/61 744/179/61 746/96/61
f 771/163/57 767/165/57 755/81/57 759/88/57
f 760/178/58 757/177/58 761/247/58 764/248/58
f 756/19/59 769/24/59 775/26/59 762/22/59
f 772/133/62 758/63/62 766/137/62 776/224/62
f 765/90/60 763/174/60 774/172/60 777/92/60
f 778/180/61 773/249/61 768/179/61 770/96/61
f 795/163/57 791/165/57 779/81/57 783/95/57
f 784/178/58 781/177/58 785/247/58 788/248/58
f 780/19/59 793/24/59 799/26/59 786/22/59
f 796/133/62 782/63/62 790/137/62 800/224/62
f 789/90/60 787/174/60 798/172/60 801/92/60
f 802/180/61 797/249/61 792/179/61 794/96/61
f 819/163/57 815/165/57 803/81/57 807/88/57
f 808/178/58 805/177/58 809/247/58 812/248/58
f 804/19/59 817/24/59 823/26/59 810/22/59
f 820/133/62 806/63/62 814/137/62 824/224/62
f 813/90/60 811/174/60 822/172/60 825/92/60
f 826/180/61 821/249/61 816/179/61 818/96/61
f 843/163/57 839/165/57 827/81/57 831/95/57
f 832/182/58 829/181/58 833/247/58 836/248/58
f 828/27/59 841/32/59 847/26/59 834/22/59
f 844/138/62 830/66/62 838/137/62 848/224/62
f 837/90/60 835/174/60 846/172/60 849/92/60
f 850/180/61 845/249/61 840/183/61 842/97/61
f 867/163/57 863/165/57 851/81/57 855/49/57
f 856/182/58 853/181/58 857/250/58 860/251/58
f 852/27/59 865/32/59 871/34/59 858/30/59
f 868/138/62 854/66/62 862/141/62 872/225/62
f 861/90/60 859/174/60 870/172/60 873/92/60
f 874/184/61 869/240/61 864/183/61 866/97/61
f 891/163/57 887/165/57 875/81/57 879/94/57
f 880/169/58 877/143/58 881/252/58 884/253/58
f 876/2/59 889/61/59 895/98/59 882/5/59
f 892/129/62 878/48/62 886/151/62 896/231/62
f 885/90/60 883/174/60 894/172/60 897/92/60
f 898/185/61 893/254/61 888/176/61 890/91/61
f 915/163/57 911/165/57 899/81/57 903/49/57
f 904/169/58 901/143/58 905/245/58 908/246/58
f 900/2/59 913/61/59 919/14/59 906/13/59
f 916/129/62 902/48/62 910/131/62 920/223/62
f 909/90/60 907/174/60 918/172/60 921/92/60
f 922/168/61 917/235/61 912/176/61 914/91/61
f 939/163/57 935/165/57 923/81/57 927/95/57
f 928/169/58 925/143/58 929/245/58 932/246/58
f 924/2/59 937/61/59 943/14/59 930/13/59
f 940/129/62 926/48/62 934/131/62 944/223/62
f 933/90/60 931/174/60 942/172/60 945/92/60
f 946/168/61 941/235/61 936/176/61 938/91/61
f 963/163/57 959/165/57 947/81/57 951/88/57
f 952/169/58 949/143/58 953/245/58 956/246/58
f 948/2/59 961/61/59 967/14/59 954/13/59
f 964/129/62 950/48/62 958/131/62 968/223/62
f 957/90/60 955/174/60 966/172/60 969/92/60
f 970/168/61 965/235/61 960/176/61 962/91/61
f 987/163/57 983/165/57 971/81/57 975/95/57
f 976/178/58 973/177/58 977/247/58 980/248/58
f 972/19/59 985/24/59 991/26/59 978/22/59
f 988/133/62 974/63/62 982/137/62 992/224/62
f 981/90/60 979/174/60 990/172/60 993/92/60
f 994/180/61 989/249/61 984/179/61 986/96/61
f 1011/163/57 1007/165/57 995/81/57 999/49/57
f 1000/178/58 997/177/58 1001/247/58 1004/248/58
f 996/19/59 1009/24/59 1015/26/59 1002/22/59
f 1012/133/62 998/63/62 1006/137/62 1016/224/62
f 1005/90/60 1003/174/60 1014/172/60 1017/92/60
f 1018/180/61 1013/249/61 1008/179/61 1010/96/61
f 1035/163/57 1031/165/57 1019/81/57 1023/94/57
f 1024/178/58 1021/177/58 1025/247/58 1028/248/58
f 1020/19/59 1033/24/59 1039/26/59 1026/22/59
f 1036/133/62 1022/63/62 1030/137/62 1040/224/62
f 1029/90/60 1027/174/60 1038/172/60 1041/92/60
f 1042/180/61 1037/249/61 1032/179/61 1034/96/61
f 1059/163/57 1055/165/57 1043/81/57 1047/49/57
f 1048/178/58 1045/177/58 1049/247/58 1052/248/58
f 1044/19/59 1057/24/59 1063/26/59 1050/22/59
f 1060/133/62 1046/63/62 1054/137/62 1064/224/62
f 1053/90/60 1051/174/60 1062/172/60 1065/92/60
f 1066/180/61 1061/249/61 1056/179/61 1058/96/61
f 1083/163/57 1079/165/57 1067/81/57 1071/94/57
f 1072/182/58 1069/181/58 1073/250/58 1076/251/58
f 1068/27/59 1081/32/59 1087/34/59 1074/30/59
f 1084/138/62 1070/66/62 1078/141/62 1088/225/62
f 1077/90/60 1075/174/60 1086/172/60 1089/92/60
f 1090/184/61 1085/240/61 1080/183/61 1082/97/61
f 1351/255/58 1348/256/58 1091/257/58 1094/258/58
f 1095/90/60 1093/174/60 1098/172/60 1101/92/60
f 1347/189/59 1350/195/59 1099/36/59 1092/35/59
f 1345/186/62 1352/198/62 1096/197/62 1100/187/62
f 1102/259/61 1097/240/61 1349/260/61 1346/261/61
f 1108/166/58 1103/207/58 1371/206/58 1376/167/58
f 1114/163/57 1109/165/57 1104/81/57 1107/82/57
f 1105/2/59 1111/61/59 1373/191/59 1372/115/59
f 1112/129/62 1106/40/62 1375/194/62 1370/159/62
f 1369/205/61 1374/164/61 1110/85/61 1113/86/61
f 1131/163/57 1127/165/57 1115/81/57 1119/95/57
f 1120/169/58 1117/143/58 1121/245/58 1124/246/58
f 1116/2/59 1129/9/59 1135/14/59 1122/13/59
f 1132/129/62 1118/48/62 1126/131/62 1136/223/62
f 1125/90/60 1123/174/60 1134/172/60 1137/92/60
f 1138/168/61 1133/235/61 1128/176/61 1130/91/61
f 1155/163/57 1151/165/57 1139/81/57 1143/49/57
f 1144/169/58 1141/143/58 1145/245/58 1148/246/58
f 1140/2/59 1153/61/59 1159/14/59 1146/13/59
f 1156/129/62 1142/48/62 1150/131/62 1160/223/62
f 1149/90/60 1147/174/60 1158/172/60 1161/92/60
f 1162/168/61 1157/235/61 1152/176/61 1154/91/61
f 1179/163/57 1175/165/57 1163/81/57 1167/94/57
f 1168/169/58 1165/143/58 1169/245/58 1172/246/58
f 1164/2/59 1177/61/59 1183/14/59 1170/13/59
f 1180/129/62 1166/48/62 1174/131/62 1184/223/62
f 1173/90/60 1171/174/60 1182/172/60 1185/92/60
f 1186/168/61 1181/235/61 1176/176/61 1178/91/61
f 1203/163/57 1199/165/57 1187/81/57 1191/88/57
f 1192/178/58 1189/177/58 1193/245/58 1196/246/58
f 1188/19/59 1201/24/59 1207/14/59 1194/13/59
f 1204/133/62 1190/63/62 1198/131/62 1208/223/62
f 1197/90/60 1195/174/60 1206/172/60 1209/92/60
f 1210/168/61 1205/235/61 1200/179/61 1202/96/61
f 1227/163/57 1223/165/57 1211/81/57 1215/95/57
f 1216/178/58 1213/177/58 1217/247/58 1220/248/58
f 1212/19/59 1225/24/59 1231/26/59 1218/22/59
f 1228/133/62 1214/63/62 1222/137/62 1232/224/62
f 1221/90/60 1219/174/60 1230/172/60 1233/92/60
f 1234/180/61 1229/249/61 1224/179/61 1226/96/61
f 1251/163/57 1247/165/57 1235/81/57 1239/88/57
f 1240/178/58 1237/177/58 1241/247/58 1244/248/58
f 1236/19/59 1249/24/59 1255/26/59 1242/22/59
f 1252/133/62 1238/63/62 1246/137/62 1256/224/62
f 1245/90/60 1243/174/60 1254/172/60 1257/92/60
f 1258/180/61 1253/249/61 1248/179/61 1250/96/61
f 1275/163/57 1271/165/57 1259/81/57 1263/95/57
f 1264/178/58 1261/177/58 1265/247/58 1268/248/58
f 1260/19/59 1273/24/59 1279/26/59 1266/22/59
f 1276/133/62 1262/63/62 1270/137/62 1280/224/62
f 1269/90/60 1267/174/60 1278/172/60 1281/92/60
f 1282/180/61 1277/249/61 1272/179/61 1274/96/61
f 1299/163/57 1295/165/57 1283/81/57 1287/88/57
f 1288/182/58 1285/181/58 1289/247/58 1292/248/58
f 1284/27/59 1297/32/59 1303/26/59 1290/22/59
f 1300/138/62 1286/66/62 1294/137/62 1304/224/62
f 1293/90/60 1291/174/60 1302/172/60 1305/92/60
f 1306/180/61 1301/249/61 1296/183/61 1298/97/61
f 1323/163/57 1319/165/57 1307/81/57 1311/94/57
f 1312/182/58 1309/181/58 1313/250/58 1316/251/58
f 1308/27/59 1321/32/59 1327/34/59 1314/30/59
f 1324/138/62 1310/66/62 1318/141/62 1328/225/62
f 1317/90/60 1315/174/60 1326/172/60 1329/92/60
f 1330/184/61 1325/240/61 1320/183/61 1322/97/61
