# Blender 5.1.1
# www.blender.org
mtllib parede de tijolos.mtl
o Cube.001
v 0.880000 -8.120000 15.000000
v 0.880000 -8.000000 15.120000
v 1.000000 -8.120000 15.120000
v 0.880000 -9.000000 15.120000
v 0.880000 -8.880000 15.000000
v 1.000000 -8.880000 15.120000
v 1.000000 -8.120000 18.879999
v 0.880000 -8.000000 18.879999
v 0.880000 -8.120000 19.000000
v 1.000000 -8.880000 18.879999
v 0.880000 -8.880000 19.000000
v 0.880000 -9.000000 18.879999
v -0.880000 -8.120000 15.000000
v -1.000000 -8.120000 15.120000
v -0.880000 -8.000000 15.120000
v -1.000000 -8.880000 15.120000
v -0.880000 -8.880000 15.000000
v -0.880000 -9.000000 15.120000
v -1.000000 -8.120000 18.879999
v -0.880000 -8.120000 19.000000
v -0.880000 -8.000000 18.879999
v -0.880000 -9.000000 18.879999
v -0.880000 -8.880000 19.000000
v -1.000000 -8.880000 18.879999
v 0.880000 -8.120000 11.000000
v 0.880000 -8.000000 11.120001
v 1.000000 -8.120000 11.120001
v 0.880000 -9.000000 11.120001
v 0.880000 -8.880000 11.000000
v 1.000000 -8.880000 11.120001
v 1.000000 -8.120000 14.880001
v 0.880000 -8.000000 14.880001
v 0.880000 -8.120000 15.000000
v 1.000000 -8.880000 14.880001
v 0.880000 -8.880000 15.000000
v 0.880000 -9.000000 14.880001
v -0.880000 -8.120000 11.000000
v -1.000000 -8.120000 11.120001
v -0.880000 -8.000000 11.120001
v -1.000000 -8.880000 11.120001
v -0.880000 -8.880000 11.000000
v -0.880000 -9.000000 11.120001
v -1.000000 -8.120000 14.880001
v -0.880000 -8.120000 15.000000
v -0.880000 -8.000000 14.880001
v -0.880000 -9.000000 14.880001
v -0.880000 -8.880000 15.000000
v -1.000000 -8.880000 14.880001
v 0.880000 -8.120000 7.000001
v 0.880000 -8.000000 7.120001
v 1.000000 -8.120000 7.120001
v 0.880000 -9.000000 7.120001
v 0.880000 -8.880000 7.000001
v 1.000000 -8.880000 7.120001
v 1.000000 -8.120000 10.880001
v 0.880000 -8.000000 10.880001
v 0.880000 -8.120000 11.000001
v 1.000000 -8.880000 10.880001
v 0.880000 -8.880000 11.000001
v 0.880000 -9.000000 10.880001
v -0.880000 -8.120000 7.000001
v -1.000000 -8.120000 7.120001
v -0.880000 -8.000000 7.120001
v -1.000000 -8.880000 7.120001
v -0.880000 -8.880000 7.000001
v -0.880000 -9.000000 7.120001
v -1.000000 -8.120000 10.880001
v -0.880000 -8.120000 11.000001
v -0.880000 -8.000000 10.880001
v -0.880000 -9.000000 10.880001
v -0.880000 -8.880000 11.000001
v -1.000000 -8.880000 10.880001
v 0.880000 -8.120000 3.000002
v 0.880000 -8.000000 3.120002
v 1.000000 -8.120000 3.120002
v 0.880000 -9.000000 3.120002
v 0.880000 -8.880000 3.000002
v 1.000000 -8.880000 3.120002
v 1.000000 -8.120000 6.880002
v 0.880000 -8.000000 6.880002
v 0.880000 -8.120000 7.000002
v 1.000000 -8.880000 6.880002
v 0.880000 -8.880000 7.000002
v 0.880000 -9.000000 6.880002
v -0.880000 -8.120000 3.000002
v -1.000000 -8.120000 3.120002
v -0.880000 -8.000000 3.120002
v -1.000000 -8.880000 3.120002
v -0.880000 -8.880000 3.000002
v -0.880000 -9.000000 3.120002
v -1.000000 -8.120000 6.880002
v -0.880000 -8.120000 7.000002
v -0.880000 -8.000000 6.880002
v -0.880000 -9.000000 6.880002
v -0.880000 -8.880000 7.000002
v -1.000000 -8.880000 6.880002
v 0.880000 -8.120000 -0.999998
v 0.880000 -8.000000 -0.879997
v 1.000000 -8.120000 -0.879997
v 0.880000 -9.000000 -0.879997
v 0.880000 -8.880000 -0.999998
v 1.000000 -8.880000 -0.879997
v 1.000000 -8.120000 2.880001
v 0.880000 -8.000000 2.880001
v 0.880000 -8.120000 3.000002
v 1.000000 -8.880000 2.880001
v 0.880000 -8.880000 3.000002
v 0.880000 -9.000000 2.880001
v -0.880000 -8.120000 -0.999998
v -1.000000 -8.120000 -0.879997
v -0.880000 -8.000000 -0.879997
v -1.000000 -8.880000 -0.879997
v -0.880000 -8.880000 -0.999998
v -0.880000 -9.000000 -0.879997
v -1.000000 -8.120000 2.880001
v -0.880000 -8.120000 3.000002
v -0.880000 -8.000000 2.880001
v -0.880000 -9.000000 2.880001
v -0.880000 -8.880000 3.000002
v -1.000000 -8.880000 2.880001
v 0.880000 -8.120000 -4.999998
v 0.880000 -8.000000 -4.879997
v 1.000000 -8.120000 -4.879997
v 0.880000 -9.000000 -4.879997
v 0.880000 -8.880000 -4.999998
v 1.000000 -8.880000 -4.879997
v 1.000000 -8.120000 -1.119999
v 0.880000 -8.000000 -1.119999
v 0.880000 -8.120000 -0.999998
v 1.000000 -8.880000 -1.119999
v 0.880000 -8.880000 -0.999998
v 0.880000 -9.000000 -1.119999
v -0.880000 -8.120000 -4.999998
v -1.000000 -8.120000 -4.879997
v -0.880000 -8.000000 -4.879997
v -1.000000 -8.880000 -4.879997
v -0.880000 -8.880000 -4.999998
v -0.880000 -9.000000 -4.879997
v -1.000000 -8.120000 -1.119999
v -0.880000 -8.120000 -0.999998
v -0.880000 -8.000000 -1.119999
v -0.880000 -9.000000 -1.119999
v -0.880000 -8.880000 -0.999998
v -1.000000 -8.880000 -1.119999
v 0.880000 -8.120000 -8.999996
v 0.880000 -8.000000 -8.879995
v 1.000000 -8.120000 -8.879995
v 0.880000 -9.000000 -8.879995
v 0.880000 -8.880000 -8.999996
v 1.000000 -8.880000 -8.879995
v 1.000000 -8.120000 -5.119997
v 0.880000 -8.000000 -5.119997
v 0.880000 -8.120000 -4.999996
v 1.000000 -8.880000 -5.119997
v 0.880000 -8.880000 -4.999996
v 0.880000 -9.000000 -5.119997
v -0.880000 -8.120000 -8.999996
v -1.000000 -8.120000 -8.879995
v -0.880000 -8.000000 -8.879995
v -1.000000 -8.880000 -8.879995
v -0.880000 -8.880000 -8.999996
v -0.880000 -9.000000 -8.879995
v -1.000000 -8.120000 -5.119997
v -0.880000 -8.120000 -4.999996
v -0.880000 -8.000000 -5.119997
v -0.880000 -9.000000 -5.119997
v -0.880000 -8.880000 -4.999996
v -1.000000 -8.880000 -5.119997
v 0.880000 -8.120000 -12.999996
v 0.880000 -8.000000 -12.879995
v 1.000000 -8.120000 -12.879995
v 0.880000 -9.000000 -12.879995
v 0.880000 -8.880000 -12.999996
v 1.000000 -8.880000 -12.879995
v 1.000000 -8.120000 -9.119997
v 0.880000 -8.000000 -9.119997
v 0.880000 -8.120000 -8.999996
v 1.000000 -8.880000 -9.119997
v 0.880000 -8.880000 -8.999996
v 0.880000 -9.000000 -9.119997
v -0.880000 -8.120000 -12.999996
v -1.000000 -8.120000 -12.879995
v -0.880000 -8.000000 -12.879995
v -1.000000 -8.880000 -12.879995
v -0.880000 -8.880000 -12.999996
v -0.880000 -9.000000 -12.879995
v -1.000000 -8.120000 -9.119997
v -0.880000 -8.120000 -8.999996
v -0.880000 -8.000000 -9.119997
v -0.880000 -9.000000 -9.119997
v -0.880000 -8.880000 -8.999996
v -1.000000 -8.880000 -9.119997
v 0.880000 -8.120000 -16.999996
v 0.880000 -8.000000 -16.879997
v 1.000000 -8.120000 -16.879997
v 0.880000 -9.000000 -16.879997
v 0.880000 -8.880000 -16.999996
v 1.000000 -8.880000 -16.879997
v 1.000000 -8.120000 -13.119995
v 0.880000 -8.000000 -13.119995
v 0.880000 -8.120000 -12.999996
v 1.000000 -8.880000 -13.119995
v 0.880000 -8.880000 -12.999996
v 0.880000 -9.000000 -13.119995
v -0.880000 -8.120000 -16.999996
v -1.000000 -8.120000 -16.879997
v -0.880000 -8.000000 -16.879997
v -1.000000 -8.880000 -16.879997
v -0.880000 -8.880000 -16.999996
v -0.880000 -9.000000 -16.879997
v -1.000000 -8.120000 -13.119995
v -0.880000 -8.120000 -12.999996
v -0.880000 -8.000000 -13.119995
v -0.880000 -9.000000 -13.119995
v -0.880000 -8.880000 -12.999996
v -1.000000 -8.880000 -13.119995
v 1.000000 -8.120000 -17.119995
v 0.880000 -8.000000 -17.119995
v 0.880000 -8.120000 -16.999996
v 1.000000 -8.880000 -17.119995
v 0.880000 -8.880000 -16.999996
v 0.880000 -9.000000 -17.119995
v -1.000000 -8.120000 -17.119995
v -0.880000 -8.120000 -16.999996
v -0.880000 -8.000000 -17.119995
v -0.880000 -9.000000 -17.119995
v -0.880000 -8.880000 -16.999996
v -1.000000 -8.880000 -17.119995
v 1.000000 -7.120000 17.120001
v 0.880000 -7.120000 17.000000
v 0.880000 -7.000000 17.120001
v 0.880000 -8.000000 17.120001
v 0.880000 -7.880000 17.000000
v 1.000000 -7.880000 17.120001
v -0.880000 -7.120000 17.000000
v -1.000000 -7.120000 17.120001
v -0.880000 -7.000000 17.120001
v -0.880000 -8.000000 17.120001
v -1.000000 -7.880000 17.120001
v -0.880000 -7.880000 17.000000
v 0.880000 -7.120000 13.000000
v 0.880000 -7.000000 13.120001
v 1.000000 -7.120000 13.120001
v 0.880000 -8.000000 13.120001
v 0.880000 -7.880000 13.000000
v 1.000000 -7.880000 13.120001
v 1.000000 -7.120000 16.880001
v 0.880000 -7.000000 16.880001
v 0.880000 -7.120000 17.000000
v 1.000000 -7.880000 16.880001
v 0.880000 -7.880000 17.000000
v 0.880000 -8.000000 16.880001
v -0.880000 -7.120000 13.000000
v -1.000000 -7.120000 13.120001
v -0.880000 -7.000000 13.120001
v -1.000000 -7.880000 13.120001
v -0.880000 -7.880000 13.000000
v -0.880000 -8.000000 13.120001
v -1.000000 -7.120000 16.880001
v -0.880000 -7.120000 17.000000
v -0.880000 -7.000000 16.880001
v -0.880000 -8.000000 16.880001
v -0.880000 -7.880000 17.000000
v -1.000000 -7.880000 16.880001
v 0.880000 -7.120000 9.000001
v 0.880000 -7.000000 9.120001
v 1.000000 -7.120000 9.120001
v 0.880000 -8.000000 9.120001
v 0.880000 -7.880000 9.000001
v 1.000000 -7.880000 9.120001
v 1.000000 -7.120000 12.880001
v 0.880000 -7.000000 12.880001
v 0.880000 -7.120000 13.000001
v 1.000000 -7.880000 12.880001
v 0.880000 -7.880000 13.000001
v 0.880000 -8.000000 12.880001
v -0.880000 -7.120000 9.000001
v -1.000000 -7.120000 9.120001
v -0.880000 -7.000000 9.120001
v -1.000000 -7.880000 9.120001
v -0.880000 -7.880000 9.000001
v -0.880000 -8.000000 9.120001
v -1.000000 -7.120000 12.880001
v -0.880000 -7.120000 13.000001
v -0.880000 -7.000000 12.880001
v -0.880000 -8.000000 12.880001
v -0.880000 -7.880000 13.000001
v -1.000000 -7.880000 12.880001
v 0.880000 -7.120000 5.000002
v 0.880000 -7.000000 5.120002
v 1.000000 -7.120000 5.120002
v 0.880000 -8.000000 5.120002
v 0.880000 -7.880000 5.000002
v 1.000000 -7.880000 5.120002
v 1.000000 -7.120000 8.880002
v 0.880000 -7.000000 8.880002
v 0.880000 -7.120000 9.000002
v 1.000000 -7.880000 8.880002
v 0.880000 -7.880000 9.000002
v 0.880000 -8.000000 8.880002
v -0.880000 -7.120000 5.000002
v -1.000000 -7.120000 5.120002
v -0.880000 -7.000000 5.120002
v -1.000000 -7.880000 5.120002
v -0.880000 -7.880000 5.000002
v -0.880000 -8.000000 5.120002
v -1.000000 -7.120000 8.880002
v -0.880000 -7.120000 9.000002
v -0.880000 -7.000000 8.880002
v -0.880000 -8.000000 8.880002
v -0.880000 -7.880000 9.000002
v -1.000000 -7.880000 8.880002
v 0.880000 -7.120000 1.000002
v 0.880000 -7.000000 1.120003
v 1.000000 -7.120000 1.120003
v 0.880000 -8.000000 1.120003
v 0.880000 -7.880000 1.000002
v 1.000000 -7.880000 1.120003
v 1.000000 -7.120000 4.880002
v 0.880000 -7.000000 4.880002
v 0.880000 -7.120000 5.000002
v 1.000000 -7.880000 4.880002
v 0.880000 -7.880000 5.000002
v 0.880000 -8.000000 4.880002
v -0.880000 -7.120000 1.000002
v -1.000000 -7.120000 1.120003
v -0.880000 -7.000000 1.120003
v -1.000000 -7.880000 1.120003
v -0.880000 -7.880000 1.000002
v -0.880000 -8.000000 1.120003
v -1.000000 -7.120000 4.880002
v -0.880000 -7.120000 5.000002
v -0.880000 -7.000000 4.880002
v -0.880000 -8.000000 4.880002
v -0.880000 -7.880000 5.000002
v -1.000000 -7.880000 4.880002
v 0.880000 -7.120000 -2.999998
v 0.880000 -7.000000 -2.879997
v 1.000000 -7.120000 -2.879997
v 0.880000 -8.000000 -2.879997
v 0.880000 -7.880000 -2.999998
v 1.000000 -7.880000 -2.879997
v 1.000000 -7.120000 0.880001
v 0.880000 -7.000000 0.880001
v 0.880000 -7.120000 1.000002
v 1.000000 -7.880000 0.880001
v 0.880000 -7.880000 1.000002
v 0.880000 -8.000000 0.880001
v -0.880000 -7.120000 -2.999998
v -1.000000 -7.120000 -2.879997
v -0.880000 -7.000000 -2.879997
v -1.000000 -7.880000 -2.879997
v -0.880000 -7.880000 -2.999998
v -0.880000 -8.000000 -2.879997
v -1.000000 -7.120000 0.880001
v -0.880000 -7.120000 1.000002
v -0.880000 -7.000000 0.880001
v -0.880000 -8.000000 0.880001
v -0.880000 -7.880000 1.000002
v -1.000000 -7.880000 0.880001
v 0.880000 -7.120000 -6.999996
v 0.880000 -7.000000 -6.879995
v 1.000000 -7.120000 -6.879995
v 0.880000 -8.000000 -6.879995
v 0.880000 -7.880000 -6.999996
v 1.000000 -7.880000 -6.879995
v 1.000000 -7.120000 -3.119997
v 0.880000 -7.000000 -3.119997
v 0.880000 -7.120000 -2.999996
v 1.000000 -7.880000 -3.119997
v 0.880000 -7.880000 -2.999996
v 0.880000 -8.000000 -3.119997
v -0.880000 -7.120000 -6.999996
v -1.000000 -7.120000 -6.879995
v -0.880000 -7.000000 -6.879995
v -1.000000 -7.880000 -6.879995
v -0.880000 -7.880000 -6.999996
v -0.880000 -8.000000 -6.879995
v -1.000000 -7.120000 -3.119997
v -0.880000 -7.120000 -2.999996
v -0.880000 -7.000000 -3.119997
v -0.880000 -8.000000 -3.119997
v -0.880000 -7.880000 -2.999996
v -1.000000 -7.880000 -3.119997
v 0.880000 -7.120000 -10.999996
v 0.880000 -7.000000 -10.879995
v 1.000000 -7.120000 -10.879995
v 0.880000 -8.000000 -10.879995
v 0.880000 -7.880000 -10.999996
v 1.000000 -7.880000 -10.879995
v 1.000000 -7.120000 -7.119997
v 0.880000 -7.000000 -7.119997
v 0.880000 -7.120000 -6.999996
v 1.000000 -7.880000 -7.119997
v 0.880000 -7.880000 -6.999996
v 0.880000 -8.000000 -7.119997
v -0.880000 -7.120000 -10.999996
v -1.000000 -7.120000 -10.879995
v -0.880000 -7.000000 -10.879995
v -1.000000 -7.880000 -10.879995
v -0.880000 -7.880000 -10.999996
v -0.880000 -8.000000 -10.879995
v -1.000000 -7.120000 -7.119997
v -0.880000 -7.120000 -6.999996
v -0.880000 -7.000000 -7.119997
v -0.880000 -8.000000 -7.119997
v -0.880000 -7.880000 -6.999996
v -1.000000 -7.880000 -7.119997
v 0.880000 -7.120000 -14.999996
v 0.880000 -7.000000 -14.879997
v 1.000000 -7.120000 -14.879997
v 0.880000 -8.000000 -14.879997
v 0.880000 -7.880000 -14.999996
v 1.000000 -7.880000 -14.879997
v 1.000000 -7.120000 -11.119997
v 0.880000 -7.000000 -11.119997
v 0.880000 -7.120000 -10.999996
v 1.000000 -7.880000 -11.119997
v 0.880000 -7.880000 -10.999996
v 0.880000 -8.000000 -11.119997
v -0.880000 -7.120000 -14.999996
v -1.000000 -7.120000 -14.879997
v -0.880000 -7.000000 -14.879997
v -1.000000 -7.880000 -14.879997
v -0.880000 -7.880000 -14.999996
v -0.880000 -8.000000 -14.879997
v -1.000000 -7.120000 -11.119997
v -0.880000 -7.120000 -10.999996
v -0.880000 -7.000000 -11.119997
v -0.880000 -8.000000 -11.119997
v -0.880000 -7.880000 -10.999996
v -1.000000 -7.880000 -11.119997
v 0.880000 -7.120000 -18.999996
v 0.880000 -7.000000 -18.879997
v 1.000000 -7.120000 -18.879997
v 0.880000 -8.000000 -18.879997
v 0.880000 -7.880000 -18.999996
v 1.000000 -7.880000 -18.879997
v 1.000000 -7.120000 -15.119995
v 0.880000 -7.000000 -15.119995
v 0.880000 -7.120000 -14.999996
v 1.000000 -7.880000 -15.119995
v 0.880000 -7.880000 -14.999996
v 0.880000 -8.000000 -15.119995
v -0.880000 -7.120000 -18.999996
v -1.000000 -7.120000 -18.879997
v -0.880000 -7.000000 -18.879997
v -1.000000 -7.880000 -18.879997
v -0.880000 -7.880000 -18.999996
v -0.880000 -8.000000 -18.879997
v -1.000000 -7.120000 -15.119995
v -0.880000 -7.120000 -14.999996
v -0.880000 -7.000000 -15.119995
v -0.880000 -8.000000 -15.119995
v -0.880000 -7.880000 -14.999996
v -1.000000 -7.880000 -15.119995
v 0.880000 -6.120000 15.000000
v 0.880000 -6.000000 15.120000
v 1.000000 -6.120000 15.120000
v 0.880000 -7.000000 15.120000
v 0.880000 -6.880000 15.000000
v 1.000000 -6.880000 15.120000
v 1.000000 -6.120000 18.879999
v 0.880000 -6.000000 18.879999
v 0.880000 -6.120000 19.000000
v 1.000000 -6.880000 18.879999
v 0.880000 -6.880000 19.000000
v 0.880000 -7.000000 18.879999
v -0.880000 -6.120000 15.000000
v -1.000000 -6.120000 15.120000
v -0.880000 -6.000000 15.120000
v -1.000000 -6.880000 15.120000
v -0.880000 -6.880000 15.000000
v -0.880000 -7.000000 15.120000
v -1.000000 -6.120000 18.879999
v -0.880000 -6.120000 19.000000
v -0.880000 -6.000000 18.879999
v -0.880000 -7.000000 18.879999
v -0.880000 -6.880000 19.000000
v -1.000000 -6.880000 18.879999
v 0.880000 -6.120000 11.000000
v 0.880000 -6.000000 11.120001
v 1.000000 -6.120000 11.120001
v 0.880000 -7.000000 11.120001
v 0.880000 -6.880000 11.000000
v 1.000000 -6.880000 11.120001
v 1.000000 -6.120000 14.880001
v 0.880000 -6.000000 14.880001
v 0.880000 -6.120000 15.000000
v 1.000000 -6.880000 14.880001
v 0.880000 -6.880000 15.000000
v 0.880000 -7.000000 14.880001
v -0.880000 -6.120000 11.000000
v -1.000000 -6.120000 11.120001
v -0.880000 -6.000000 11.120001
v -1.000000 -6.880000 11.120001
v -0.880000 -6.880000 11.000000
v -0.880000 -7.000000 11.120001
v -1.000000 -6.120000 14.880001
v -0.880000 -6.120000 15.000000
v -0.880000 -6.000000 14.880001
v -0.880000 -7.000000 14.880001
v -0.880000 -6.880000 15.000000
v -1.000000 -6.880000 14.880001
v 0.880000 -6.120000 7.000001
v 0.880000 -6.000000 7.120001
v 1.000000 -6.120000 7.120001
v 0.880000 -7.000000 7.120001
v 0.880000 -6.880000 7.000001
v 1.000000 -6.880000 7.120001
v 1.000000 -6.120000 10.880001
v 0.880000 -6.000000 10.880001
v 0.880000 -6.120000 11.000001
v 1.000000 -6.880000 10.880001
v 0.880000 -6.880000 11.000001
v 0.880000 -7.000000 10.880001
v -0.880000 -6.120000 7.000001
v -1.000000 -6.120000 7.120001
v -0.880000 -6.000000 7.120001
v -1.000000 -6.880000 7.120001
v -0.880000 -6.880000 7.000001
v -0.880000 -7.000000 7.120001
v -1.000000 -6.120000 10.880001
v -0.880000 -6.120000 11.000001
v -0.880000 -6.000000 10.880001
v -0.880000 -7.000000 10.880001
v -0.880000 -6.880000 11.000001
v -1.000000 -6.880000 10.880001
v 0.880000 -6.120000 3.000002
v 0.880000 -6.000000 3.120002
v 1.000000 -6.120000 3.120002
v 0.880000 -7.000000 3.120002
v 0.880000 -6.880000 3.000002
v 1.000000 -6.880000 3.120002
v 1.000000 -6.120000 6.880002
v 0.880000 -6.000000 6.880002
v 0.880000 -6.120000 7.000002
v 1.000000 -6.880000 6.880002
v 0.880000 -6.880000 7.000002
v 0.880000 -7.000000 6.880002
v -0.880000 -6.120000 3.000002
v -1.000000 -6.120000 3.120002
v -0.880000 -6.000000 3.120002
v -1.000000 -6.880000 3.120002
v -0.880000 -6.880000 3.000002
v -0.880000 -7.000000 3.120002
v -1.000000 -6.120000 6.880002
v -0.880000 -6.120000 7.000002
v -0.880000 -6.000000 6.880002
v -0.880000 -7.000000 6.880002
v -0.880000 -6.880000 7.000002
v -1.000000 -6.880000 6.880002
v 0.880000 -6.120000 -0.999998
v 0.880000 -6.000000 -0.879997
v 1.000000 -6.120000 -0.879997
v 0.880000 -7.000000 -0.879997
v 0.880000 -6.880000 -0.999998
v 1.000000 -6.880000 -0.879997
v 1.000000 -6.120000 2.880001
v 0.880000 -6.000000 2.880001
v 0.880000 -6.120000 3.000002
v 1.000000 -6.880000 2.880001
v 0.880000 -6.880000 3.000002
v 0.880000 -7.000000 2.880001
v -0.880000 -6.120000 -0.999998
v -1.000000 -6.120000 -0.879997
v -0.880000 -6.000000 -0.879997
v -1.000000 -6.880000 -0.879997
v -0.880000 -6.880000 -0.999998
v -0.880000 -7.000000 -0.879997
v -1.000000 -6.120000 2.880001
v -0.880000 -6.120000 3.000002
v -0.880000 -6.000000 2.880001
v -0.880000 -7.000000 2.880001
v -0.880000 -6.880000 3.000002
v -1.000000 -6.880000 2.880001
v 0.880000 -6.120000 -4.999998
v 0.880000 -6.000000 -4.879997
v 1.000000 -6.120000 -4.879997
v 0.880000 -7.000000 -4.879997
v 0.880000 -6.880000 -4.999998
v 1.000000 -6.880000 -4.879997
v 1.000000 -6.120000 -1.119999
v 0.880000 -6.000000 -1.119999
v 0.880000 -6.120000 -0.999998
v 1.000000 -6.880000 -1.119999
v 0.880000 -6.880000 -0.999998
v 0.880000 -7.000000 -1.119999
v -0.880000 -6.120000 -4.999998
v -1.000000 -6.120000 -4.879997
v -0.880000 -6.000000 -4.879997
v -1.000000 -6.880000 -4.879997
v -0.880000 -6.880000 -4.999998
v -0.880000 -7.000000 -4.879997
v -1.000000 -6.120000 -1.119999
v -0.880000 -6.120000 -0.999998
v -0.880000 -6.000000 -1.119999
v -0.880000 -7.000000 -1.119999
v -0.880000 -6.880000 -0.999998
v -1.000000 -6.880000 -1.119999
v 0.880000 -6.120000 -8.999996
v 0.880000 -6.000000 -8.879995
v 1.000000 -6.120000 -8.879995
v 0.880000 -7.000000 -8.879995
v 0.880000 -6.880000 -8.999996
v 1.000000 -6.880000 -8.879995
v 1.000000 -6.120000 -5.119997
v 0.880000 -6.000000 -5.119997
v 0.880000 -6.120000 -4.999996
v 1.000000 -6.880000 -5.119997
v 0.880000 -6.880000 -4.999996
v 0.880000 -7.000000 -5.119997
v -0.880000 -6.120000 -8.999996
v -1.000000 -6.120000 -8.879995
v -0.880000 -6.000000 -8.879995
v -1.000000 -6.880000 -8.879995
v -0.880000 -6.880000 -8.999996
v -0.880000 -7.000000 -8.879995
v -1.000000 -6.120000 -5.119997
v -0.880000 -6.120000 -4.999996
v -0.880000 -6.000000 -5.119997
v -0.880000 -7.000000 -5.119997
v -0.880000 -6.880000 -4.999996
v -1.000000 -6.880000 -5.119997
v 0.880000 -6.120000 -12.999996
v 0.880000 -6.000000 -12.879995
v 1.000000 -6.120000 -12.879995
v 0.880000 -7.000000 -12.879995
v 0.880000 -6.880000 -12.999996
v 1.000000 -6.880000 -12.879995
v 1.000000 -6.120000 -9.119997
v 0.880000 -6.000000 -9.119997
v 0.880000 -6.120000 -8.999996
v 1.000000 -6.880000 -9.119997
v 0.880000 -6.880000 -8.999996
v 0.880000 -7.000000 -9.119997
v -0.880000 -6.120000 -12.999996
v -1.000000 -6.120000 -12.879995
v -0.880000 -6.000000 -12.879995
v -1.000000 -6.880000 -12.879995
v -0.880000 -6.880000 -12.999996
v -0.880000 -7.000000 -12.879995
v -1.000000 -6.120000 -9.119997
v -0.880000 -6.120000 -8.999996
v -0.880000 -6.000000 -9.119997
v -0.880000 -7.000000 -9.119997
v -0.880000 -6.880000 -8.999996
v -1.000000 -6.880000 -9.119997
v 0.880000 -6.120000 -16.999996
v 0.880000 -6.000000 -16.879997
v 1.000000 -6.120000 -16.879997
v 0.880000 -7.000000 -16.879997
v 0.880000 -6.880000 -16.999996
v 1.000000 -6.880000 -16.879997
v 1.000000 -6.120000 -13.119995
v 0.880000 -6.000000 -13.119995
v 0.880000 -6.120000 -12.999996
v 1.000000 -6.880000 -13.119995
v 0.880000 -6.880000 -12.999996
v 0.880000 -7.000000 -13.119995
v -0.880000 -6.120000 -16.999996
v -1.000000 -6.120000 -16.879997
v -0.880000 -6.000000 -16.879997
v -1.000000 -6.880000 -16.879997
v -0.880000 -6.880000 -16.999996
v -0.880000 -7.000000 -16.879997
v -1.000000 -6.120000 -13.119995
v -0.880000 -6.120000 -12.999996
v -0.880000 -6.000000 -13.119995
v -0.880000 -7.000000 -13.119995
v -0.880000 -6.880000 -12.999996
v -1.000000 -6.880000 -13.119995
v 1.000000 -6.120000 -17.119995
v 0.880000 -6.000000 -17.119995
v 0.880000 -6.120000 -16.999996
v 1.000000 -6.880000 -17.119995
v 0.880000 -6.880000 -16.999996
v 0.880000 -7.000000 -17.119995
v -1.000000 -6.120000 -17.119995
v -0.880000 -6.120000 -16.999996
v -0.880000 -6.000000 -17.119995
v -0.880000 -7.000000 -17.119995
v -0.880000 -6.880000 -16.999996
v -1.000000 -6.880000 -17.119995
v 1.000000 -5.120000 17.120001
v 0.880000 -5.120000 17.000000
v 0.880000 -5.000000 17.120001
v 0.880000 -6.000000 17.120001
v 0.880000 -5.880000 17.000000
v 1.000000 -5.880000 17.120001
v -0.880000 -5.120000 17.000000
v -1.000000 -5.120000 17.120001
v -0.880000 -5.000000 17.120001
v -0.880000 -6.000000 17.120001
v -1.000000 -5.880000 17.120001
v -0.880000 -5.880000 17.000000
v 0.880000 -5.120000 13.000000
v 0.880000 -5.000000 13.120001
v 1.000000 -5.120000 13.120001
v 0.880000 -6.000000 13.120001
v 0.880000 -5.880000 13.000000
v 1.000000 -5.880000 13.120001
v 1.000000 -5.120000 16.880001
v 0.880000 -5.000000 16.880001
v 0.880000 -5.120000 17.000000
v 1.000000 -5.880000 16.880001
v 0.880000 -5.880000 17.000000
v 0.880000 -6.000000 16.880001
v -0.880000 -5.120000 13.000000
v -1.000000 -5.120000 13.120001
v -0.880000 -5.000000 13.120001
v -1.000000 -5.880000 13.120001
v -0.880000 -5.880000 13.000000
v -0.880000 -6.000000 13.120001
v -1.000000 -5.120000 16.880001
v -0.880000 -5.120000 17.000000
v -0.880000 -5.000000 16.880001
v -0.880000 -6.000000 16.880001
v -0.880000 -5.880000 17.000000
v -1.000000 -5.880000 16.880001
v 0.880000 -5.120000 9.000001
v 0.880000 -5.000000 9.120001
v 1.000000 -5.120000 9.120001
v 0.880000 -6.000000 9.120001
v 0.880000 -5.880000 9.000001
v 1.000000 -5.880000 9.120001
v 1.000000 -5.120000 12.880001
v 0.880000 -5.000000 12.880001
v 0.880000 -5.120000 13.000001
v 1.000000 -5.880000 12.880001
v 0.880000 -5.880000 13.000001
v 0.880000 -6.000000 12.880001
v -0.880000 -5.120000 9.000001
v -1.000000 -5.120000 9.120001
v -0.880000 -5.000000 9.120001
v -1.000000 -5.880000 9.120001
v -0.880000 -5.880000 9.000001
v -0.880000 -6.000000 9.120001
v -1.000000 -5.120000 12.880001
v -0.880000 -5.120000 13.000001
v -0.880000 -5.000000 12.880001
v -0.880000 -6.000000 12.880001
v -0.880000 -5.880000 13.000001
v -1.000000 -5.880000 12.880001
v 0.880000 -5.120000 5.000002
v 0.880000 -5.000000 5.120002
v 1.000000 -5.120000 5.120002
v 0.880000 -6.000000 5.120002
v 0.880000 -5.880000 5.000002
v 1.000000 -5.880000 5.120002
v 1.000000 -5.120000 8.880002
v 0.880000 -5.000000 8.880002
v 0.880000 -5.120000 9.000002
v 1.000000 -5.880000 8.880002
v 0.880000 -5.880000 9.000002
v 0.880000 -6.000000 8.880002
v -0.880000 -5.120000 5.000002
v -1.000000 -5.120000 5.120002
v -0.880000 -5.000000 5.120002
v -1.000000 -5.880000 5.120002
v -0.880000 -5.880000 5.000002
v -0.880000 -6.000000 5.120002
v -1.000000 -5.120000 8.880002
v -0.880000 -5.120000 9.000002
v -0.880000 -5.000000 8.880002
v -0.880000 -6.000000 8.880002
v -0.880000 -5.880000 9.000002
v -1.000000 -5.880000 8.880002
v 0.880000 -5.120000 1.000002
v 0.880000 -5.000000 1.120003
v 1.000000 -5.120000 1.120003
v 0.880000 -6.000000 1.120003
v 0.880000 -5.880000 1.000002
v 1.000000 -5.880000 1.120003
v 1.000000 -5.120000 4.880002
v 0.880000 -5.000000 4.880002
v 0.880000 -5.120000 5.000002
v 1.000000 -5.880000 4.880002
v 0.880000 -5.880000 5.000002
v 0.880000 -6.000000 4.880002
v -0.880000 -5.120000 1.000002
v -1.000000 -5.120000 1.120003
v -0.880000 -5.000000 1.120003
v -1.000000 -5.880000 1.120003
v -0.880000 -5.880000 1.000002
v -0.880000 -6.000000 1.120003
v -1.000000 -5.120000 4.880002
v -0.880000 -5.120000 5.000002
v -0.880000 -5.000000 4.880002
v -0.880000 -6.000000 4.880002
v -0.880000 -5.880000 5.000002
v -1.000000 -5.880000 4.880002
v 0.880000 -5.120000 -2.999998
v 0.880000 -5.000000 -2.879997
v 1.000000 -5.120000 -2.879997
v 0.880000 -6.000000 -2.879997
v 0.880000 -5.880000 -2.999998
v 1.000000 -5.880000 -2.879997
v 1.000000 -5.120000 0.880001
v 0.880000 -5.000000 0.880001
v 0.880000 -5.120000 1.000002
v 1.000000 -5.880000 0.880001
v 0.880000 -5.880000 1.000002
v 0.880000 -6.000000 0.880001
v -0.880000 -5.120000 -2.999998
v -1.000000 -5.120000 -2.879997
v -0.880000 -5.000000 -2.879997
v -1.000000 -5.880000 -2.879997
v -0.880000 -5.880000 -2.999998
v -0.880000 -6.000000 -2.879997
v -1.000000 -5.120000 0.880001
v -0.880000 -5.120000 1.000002
v -0.880000 -5.000000 0.880001
v -0.880000 -6.000000 0.880001
v -0.880000 -5.880000 1.000002
v -1.000000 -5.880000 0.880001
v 0.880000 -5.120000 -6.999996
v 0.880000 -5.000000 -6.879995
v 1.000000 -5.120000 -6.879995
v 0.880000 -6.000000 -6.879995
v 0.880000 -5.880000 -6.999996
v 1.000000 -5.880000 -6.879995
v 1.000000 -5.120000 -3.119997
v 0.880000 -5.000000 -3.119997
v 0.880000 -5.120000 -2.999996
v 1.000000 -5.880000 -3.119997
v 0.880000 -5.880000 -2.999996
v 0.880000 -6.000000 -3.119997
v -0.880000 -5.120000 -6.999996
v -1.000000 -5.120000 -6.879995
v -0.880000 -5.000000 -6.879995
v -1.000000 -5.880000 -6.879995
v -0.880000 -5.880000 -6.999996
v -0.880000 -6.000000 -6.879995
v -1.000000 -5.120000 -3.119997
v -0.880000 -5.120000 -2.999996
v -0.880000 -5.000000 -3.119997
v -0.880000 -6.000000 -3.119997
v -0.880000 -5.880000 -2.999996
v -1.000000 -5.880000 -3.119997
v 0.880000 -5.120000 -10.999996
v 0.880000 -5.000000 -10.879995
v 1.000000 -5.120000 -10.879995
v 0.880000 -6.000000 -10.879995
v 0.880000 -5.880000 -10.999996
v 1.000000 -5.880000 -10.879995
v 1.000000 -5.120000 -7.119997
v 0.880000 -5.000000 -7.119997
v 0.880000 -5.120000 -6.999996
v 1.000000 -5.880000 -7.119997
v 0.880000 -5.880000 -6.999996
v 0.880000 -6.000000 -7.119997
v -0.880000 -5.120000 -10.999996
v -1.000000 -5.120000 -10.879995
v -0.880000 -5.000000 -10.879995
v -1.000000 -5.880000 -10.879995
v -0.880000 -5.880000 -10.999996
v -0.880000 -6.000000 -10.879995
v -1.000000 -5.120000 -7.119997
v -0.880000 -5.120000 -6.999996
v -0.880000 -5.000000 -7.119997
v -0.880000 -6.000000 -7.119997
v -0.880000 -5.880000 -6.999996
v -1.000000 -5.880000 -7.119997
v 0.880000 -5.120000 -14.999996
v 0.880000 -5.000000 -14.879997
v 1.000000 -5.120000 -14.879997
v 0.880000 -6.000000 -14.879997
v 0.880000 -5.880000 -14.999996
v 1.000000 -5.880000 -14.879997
v 1.000000 -5.120000 -11.119997
v 0.880000 -5.000000 -11.119997
v 0.880000 -5.120000 -10.999996
v 1.000000 -5.880000 -11.119997
v 0.880000 -5.880000 -10.999996
v 0.880000 -6.000000 -11.119997
v -0.880000 -5.120000 -14.999996
v -1.000000 -5.120000 -14.879997
v -0.880000 -5.000000 -14.879997
v -1.000000 -5.880000 -14.879997
v -0.880000 -5.880000 -14.999996
v -0.880000 -6.000000 -14.879997
v -1.000000 -5.120000 -11.119997
v -0.880000 -5.120000 -10.999996
v -0.880000 -5.000000 -11.119997
v -0.880000 -6.000000 -11.119997
v -0.880000 -5.880000 -10.999996
v -1.000000 -5.880000 -11.119997
v 0.880000 -5.120000 -18.999996
v 0.880000 -5.000000 -18.879997
v 1.000000 -5.120000 -18.879997
v 0.880000 -6.000000 -18.879997
v 0.880000 -5.880000 -18.999996
v 1.000000 -5.880000 -18.879997
v 1.000000 -5.120000 -15.119995
v 0.880000 -5.000000 -15.119995
v 0.880000 -5.120000 -14.999996
v 1.000000 -5.880000 -15.119995
v 0.880000 -5.880000 -14.999996
v 0.880000 -6.000000 -15.119995
v -0.880000 -5.120000 -18.999996
v -1.000000 -5.120000 -18.879997
v -0.880000 -5.000000 -18.879997
v -1.000000 -5.880000 -18.879997
v -0.880000 -5.880000 -18.999996
v -0.880000 -6.000000 -18.879997
v -1.000000 -5.120000 -15.119995
v -0.880000 -5.120000 -14.999996
v -0.880000 -5.000000 -15.119995
v -0.880000 -6.000000 -15.119995
v -0.880000 -5.880000 -14.999996
v -1.000000 -5.880000 -15.119995
v 0.880000 -4.120000 15.000000
v 0.880000 -4.000000 15.120000
v 1.000000 -4.120000 15.120000
v 0.880000 -5.000000 15.120000
v 0.880000 -4.880000 15.000000
v 1.000000 -4.880000 15.120000
v 1.000000 -4.120000 18.879999
v 0.880000 -4.000000 18.879999
v 0.880000 -4.120000 19.000000
v 1.000000 -4.880000 18.879999
v 0.880000 -4.880000 19.000000
v 0.880000 -5.000000 18.879999
v -0.880000 -4.120000 15.000000
v -1.000000 -4.120000 15.120000
v -0.880000 -4.000000 15.120000
v -1.000000 -4.880000 15.120000
v -0.880000 -4.880000 15.000000
v -0.880000 -5.000000 15.120000
v -1.000000 -4.120000 18.879999
v -0.880000 -4.120000 19.000000
v -0.880000 -4.000000 18.879999
v -0.880000 -5.000000 18.879999
v -0.880000 -4.880000 19.000000
v -1.000000 -4.880000 18.879999
v 0.880000 -4.120000 11.000000
v 0.880000 -4.000000 11.120001
v 1.000000 -4.120000 11.120001
v 0.880000 -5.000000 11.120001
v 0.880000 -4.880000 11.000000
v 1.000000 -4.880000 11.120001
v 1.000000 -4.120000 14.880001
v 0.880000 -4.000000 14.880001
v 0.880000 -4.120000 15.000000
v 1.000000 -4.880000 14.880001
v 0.880000 -4.880000 15.000000
v 0.880000 -5.000000 14.880001
v -0.880000 -4.120000 11.000000
v -1.000000 -4.120000 11.120001
v -0.880000 -4.000000 11.120001
v -1.000000 -4.880000 11.120001
v -0.880000 -4.880000 11.000000
v -0.880000 -5.000000 11.120001
v -1.000000 -4.120000 14.880001
v -0.880000 -4.120000 15.000000
v -0.880000 -4.000000 14.880001
v -0.880000 -5.000000 14.880001
v -0.880000 -4.880000 15.000000
v -1.000000 -4.880000 14.880001
v 0.880000 -4.120000 7.000001
v 0.880000 -4.000000 7.120001
v 1.000000 -4.120000 7.120001
v 0.880000 -5.000000 7.120001
v 0.880000 -4.880000 7.000001
v 1.000000 -4.880000 7.120001
v 1.000000 -4.120000 10.880001
v 0.880000 -4.000000 10.880001
v 0.880000 -4.120000 11.000001
v 1.000000 -4.880000 10.880001
v 0.880000 -4.880000 11.000001
v 0.880000 -5.000000 10.880001
v -0.880000 -4.120000 7.000001
v -1.000000 -4.120000 7.120001
v -0.880000 -4.000000 7.120001
v -1.000000 -4.880000 7.120001
v -0.880000 -4.880000 7.000001
v -0.880000 -5.000000 7.120001
v -1.000000 -4.120000 10.880001
v -0.880000 -4.120000 11.000001
v -0.880000 -4.000000 10.880001
v -0.880000 -5.000000 10.880001
v -0.880000 -4.880000 11.000001
v -1.000000 -4.880000 10.880001
v 0.880000 -4.120000 3.000002
v 0.880000 -4.000000 3.120002
v 1.000000 -4.120000 3.120002
v 0.880000 -5.000000 3.120002
v 0.880000 -4.880000 3.000002
v 1.000000 -4.880000 3.120002
v 1.000000 -4.120000 6.880002
v 0.880000 -4.000000 6.880002
v 0.880000 -4.120000 7.000002
v 1.000000 -4.880000 6.880002
v 0.880000 -4.880000 7.000002
v 0.880000 -5.000000 6.880002
v -0.880000 -4.120000 3.000002
v -1.000000 -4.120000 3.120002
v -0.880000 -4.000000 3.120002
v -1.000000 -4.880000 3.120002
v -0.880000 -4.880000 3.000002
v -0.880000 -5.000000 3.120002
v -1.000000 -4.120000 6.880002
v -0.880000 -4.120000 7.000002
v -0.880000 -4.000000 6.880002
v -0.880000 -5.000000 6.880002
v -0.880000 -4.880000 7.000002
v -1.000000 -4.880000 6.880002
v 0.880000 -4.120000 -0.999998
v 0.880000 -4.000000 -0.879997
v 1.000000 -4.120000 -0.879997
v 0.880000 -5.000000 -0.879997
v 0.880000 -4.880000 -0.999998
v 1.000000 -4.880000 -0.879997
v 1.000000 -4.120000 2.880001
v 0.880000 -4.000000 2.880001
v 0.880000 -4.120000 3.000002
v 1.000000 -4.880000 2.880001
v 0.880000 -4.880000 3.000002
v 0.880000 -5.000000 2.880001
v -0.880000 -4.120000 -0.999998
v -1.000000 -4.120000 -0.879997
v -0.880000 -4.000000 -0.879997
v -1.000000 -4.880000 -0.879997
v -0.880000 -4.880000 -0.999998
v -0.880000 -5.000000 -0.879997
v -1.000000 -4.120000 2.880001
v -0.880000 -4.120000 3.000002
v -0.880000 -4.000000 2.880001
v -0.880000 -5.000000 2.880001
v -0.880000 -4.880000 3.000002
v -1.000000 -4.880000 2.880001
v 0.880000 -4.120000 -4.999998
v 0.880000 -4.000000 -4.879997
v 1.000000 -4.120000 -4.879997
v 0.880000 -5.000000 -4.879997
v 0.880000 -4.880000 -4.999998
v 1.000000 -4.880000 -4.879997
v 1.000000 -4.120000 -1.119999
v 0.880000 -4.000000 -1.119999
v 0.880000 -4.120000 -0.999998
v 1.000000 -4.880000 -1.119999
v 0.880000 -4.880000 -0.999998
v 0.880000 -5.000000 -1.119999
v -0.880000 -4.120000 -4.999998
v -1.000000 -4.120000 -4.879997
v -0.880000 -4.000000 -4.879997
v -1.000000 -4.880000 -4.879997
v -0.880000 -4.880000 -4.999998
v -0.880000 -5.000000 -4.879997
v -1.000000 -4.120000 -1.119999
v -0.880000 -4.120000 -0.999998
v -0.880000 -4.000000 -1.119999
v -0.880000 -5.000000 -1.119999
v -0.880000 -4.880000 -0.999998
v -1.000000 -4.880000 -1.119999
v 0.880000 -4.120000 -8.999996
v 0.880000 -4.000000 -8.879995
v 1.000000 -4.120000 -8.879995
v 0.880000 -5.000000 -8.879995
v 0.880000 -4.880000 -8.999996
v 1.000000 -4.880000 -8.879995
v 1.000000 -4.120000 -5.119997
v 0.880000 -4.000000 -5.119997
v 0.880000 -4.120000 -4.999996
v 1.000000 -4.880000 -5.119997
v 0.880000 -4.880000 -4.999996
v 0.880000 -5.000000 -5.119997
v -0.880000 -4.120000 -8.999996
v -1.000000 -4.120000 -8.879995
v -0.880000 -4.000000 -8.879995
v -1.000000 -4.880000 -8.879995
v -0.880000 -4.880000 -8.999996
v -0.880000 -5.000000 -8.879995
v -1.000000 -4.120000 -5.119997
v -0.880000 -4.120000 -4.999996
v -0.880000 -4.000000 -5.119997
v -0.880000 -5.000000 -5.119997
v -0.880000 -4.880000 -4.999996
v -1.000000 -4.880000 -5.119997
v 0.880000 -4.120000 -12.999996
v 0.880000 -4.000000 -12.879995
v 1.000000 -4.120000 -12.879995
v 0.880000 -5.000000 -12.879995
v 0.880000 -4.880000 -12.999996
v 1.000000 -4.880000 -12.879995
v 1.000000 -4.120000 -9.119997
v 0.880000 -4.000000 -9.119997
v 0.880000 -4.120000 -8.999996
v 1.000000 -4.880000 -9.119997
v 0.880000 -4.880000 -8.999996
v 0.880000 -5.000000 -9.119997
v -0.880000 -4.120000 -12.999996
v -1.000000 -4.120000 -12.879995
v -0.880000 -4.000000 -12.879995
v -1.000000 -4.880000 -12.879995
v -0.880000 -4.880000 -12.999996
v -0.880000 -5.000000 -12.879995
v -1.000000 -4.120000 -9.119997
v -0.880000 -4.120000 -8.999996
v -0.880000 -4.000000 -9.119997
v -0.880000 -5.000000 -9.119997
v -0.880000 -4.880000 -8.999996
v -1.000000 -4.880000 -9.119997
v 0.880000 -4.120000 -16.999996
v 0.880000 -4.000000 -16.879997
v 1.000000 -4.120000 -16.879997
v 0.880000 -5.000000 -16.879997
v 0.880000 -4.880000 -16.999996
v 1.000000 -4.880000 -16.879997
v 1.000000 -4.120000 -13.119995
v 0.880000 -4.000000 -13.119995
v 0.880000 -4.120000 -12.999996
v 1.000000 -4.880000 -13.119995
v 0.880000 -4.880000 -12.999996
v 0.880000 -5.000000 -13.119995
v -0.880000 -4.120000 -16.999996
v -1.000000 -4.120000 -16.879997
v -0.880000 -4.000000 -16.879997
v -1.000000 -4.880000 -16.879997
v -0.880000 -4.880000 -16.999996
v -0.880000 -5.000000 -16.879997
v -1.000000 -4.120000 -13.119995
v -0.880000 -4.120000 -12.999996
v -0.880000 -4.000000 -13.119995
v -0.880000 -5.000000 -13.119995
v -0.880000 -4.880000 -12.999996
v -1.000000 -4.880000 -13.119995
v 1.000000 -4.120000 -17.119995
v 0.880000 -4.000000 -17.119995
v 0.880000 -4.120000 -16.999996
v 1.000000 -4.880000 -17.119995
v 0.880000 -4.880000 -16.999996
v 0.880000 -5.000000 -17.119995
v -1.000000 -4.120000 -17.119995
v -0.880000 -4.120000 -16.999996
v -0.880000 -4.000000 -17.119995
v -0.880000 -5.000000 -17.119995
v -0.880000 -4.880000 -16.999996
v -1.000000 -4.880000 -17.119995
v 1.000000 -3.120000 17.120001
v 0.880000 -3.120000 17.000000
v 0.880000 -3.000000 17.120001
v 0.880000 -4.000000 17.120001
v 0.880000 -3.880001 17.000000
v 1.000000 -3.880001 17.120001
v -0.880000 -3.120000 17.000000
v -1.000000 -3.120000 17.120001
v -0.880000 -3.000000 17.120001
v -0.880000 -4.000000 17.120001
v -1.000000 -3.880001 17.120001
v -0.880000 -3.880001 17.000000
v 0.880000 -3.120000 13.000000
v 0.880000 -3.000000 13.120001
v 1.000000 -3.120000 13.120001
v 0.880000 -4.000000 13.120001
v 0.880000 -3.880001 13.000000
v 1.000000 -3.880001 13.120001
v 1.000000 -3.120000 16.880001
v 0.880000 -3.000000 16.880001
v 0.880000 -3.120000 17.000000
v 1.000000 -3.880001 16.880001
v 0.880000 -3.880001 17.000000
v 0.880000 -4.000000 16.880001
v -0.880000 -3.120000 13.000000
v -1.000000 -3.120000 13.120001
v -0.880000 -3.000000 13.120001
v -1.000000 -3.880001 13.120001
v -0.880000 -3.880001 13.000000
v -0.880000 -4.000000 13.120001
v -1.000000 -3.120000 16.880001
v -0.880000 -3.120000 17.000000
v -0.880000 -3.000000 16.880001
v -0.880000 -4.000000 16.880001
v -0.880000 -3.880001 17.000000
v -1.000000 -3.880001 16.880001
v 0.880000 -3.120000 9.000001
v 0.880000 -3.000000 9.120001
v 1.000000 -3.120000 9.120001
v 0.880000 -4.000000 9.120001
v 0.880000 -3.880001 9.000001
v 1.000000 -3.880001 9.120001
v 1.000000 -3.120000 12.880001
v 0.880000 -3.000000 12.880001
v 0.880000 -3.120000 13.000001
v 1.000000 -3.880001 12.880001
v 0.880000 -3.880001 13.000001
v 0.880000 -4.000000 12.880001
v -0.880000 -3.120000 9.000001
v -1.000000 -3.120000 9.120001
v -0.880000 -3.000000 9.120001
v -1.000000 -3.880001 9.120001
v -0.880000 -3.880001 9.000001
v -0.880000 -4.000000 9.120001
v -1.000000 -3.120000 12.880001
v -0.880000 -3.120000 13.000001
v -0.880000 -3.000000 12.880001
v -0.880000 -4.000000 12.880001
v -0.880000 -3.880001 13.000001
v -1.000000 -3.880001 12.880001
v 0.880000 -3.120000 5.000002
v 0.880000 -3.000000 5.120002
v 1.000000 -3.120000 5.120002
v 0.880000 -4.000000 5.120002
v 0.880000 -3.880001 5.000002
v 1.000000 -3.880001 5.120002
v 1.000000 -3.120000 8.880002
v 0.880000 -3.000000 8.880002
v 0.880000 -3.120000 9.000002
v 1.000000 -3.880001 8.880002
v 0.880000 -3.880001 9.000002
v 0.880000 -4.000000 8.880002
v -0.880000 -3.120000 5.000002
v -1.000000 -3.120000 5.120002
v -0.880000 -3.000000 5.120002
v -1.000000 -3.880001 5.120002
v -0.880000 -3.880001 5.000002
v -0.880000 -4.000000 5.120002
v -1.000000 -3.120000 8.880002
v -0.880000 -3.120000 9.000002
v -0.880000 -3.000000 8.880002
v -0.880000 -4.000000 8.880002
v -0.880000 -3.880001 9.000002
v -1.000000 -3.880001 8.880002
v 0.880000 -3.120000 1.000002
v 0.880000 -3.000000 1.120003
v 1.000000 -3.120000 1.120003
v 0.880000 -4.000000 1.120003
v 0.880000 -3.880001 1.000002
v 1.000000 -3.880001 1.120003
v 1.000000 -3.120000 4.880002
v 0.880000 -3.000000 4.880002
v 0.880000 -3.120000 5.000002
v 1.000000 -3.880001 4.880002
v 0.880000 -3.880001 5.000002
v 0.880000 -4.000000 4.880002
v -0.880000 -3.120000 1.000002
v -1.000000 -3.120000 1.120003
v -0.880000 -3.000000 1.120003
v -1.000000 -3.880001 1.120003
v -0.880000 -3.880001 1.000002
v -0.880000 -4.000000 1.120003
v -1.000000 -3.120000 4.880002
v -0.880000 -3.120000 5.000002
v -0.880000 -3.000000 4.880002
v -0.880000 -4.000000 4.880002
v -0.880000 -3.880001 5.000002
v -1.000000 -3.880001 4.880002
v 0.880000 -3.120000 -2.999998
v 0.880000 -3.000000 -2.879997
v 1.000000 -3.120000 -2.879997
v 0.880000 -4.000000 -2.879997
v 0.880000 -3.880001 -2.999998
v 1.000000 -3.880001 -2.879997
v 1.000000 -3.120000 0.880001
v 0.880000 -3.000000 0.880001
v 0.880000 -3.120000 1.000002
v 1.000000 -3.880001 0.880001
v 0.880000 -3.880001 1.000002
v 0.880000 -4.000000 0.880001
v -0.880000 -3.120000 -2.999998
v -1.000000 -3.120000 -2.879997
v -0.880000 -3.000000 -2.879997
v -1.000000 -3.880001 -2.879997
v -0.880000 -3.880001 -2.999998
v -0.880000 -4.000000 -2.879997
v -1.000000 -3.120000 0.880001
v -0.880000 -3.120000 1.000002
v -0.880000 -3.000000 0.880001
v -0.880000 -4.000000 0.880001
v -0.880000 -3.880001 1.000002
v -1.000000 -3.880001 0.880001
v 0.880000 -3.120000 -6.999996
v 0.880000 -3.000000 -6.879995
v 1.000000 -3.120000 -6.879995
v 0.880000 -4.000000 -6.879995
v 0.880000 -3.880001 -6.999996
v 1.000000 -3.880001 -6.879995
v 1.000000 -3.120000 -3.119997
v 0.880000 -3.000000 -3.119997
v 0.880000 -3.120000 -2.999996
v 1.000000 -3.880001 -3.119997
v 0.880000 -3.880001 -2.999996
v 0.880000 -4.000000 -3.119997
v -0.880000 -3.120000 -6.999996
v -1.000000 -3.120000 -6.879995
v -0.880000 -3.000000 -6.879995
v -1.000000 -3.880001 -6.879995
v -0.880000 -3.880001 -6.999996
v -0.880000 -4.000000 -6.879995
v -1.000000 -3.120000 -3.119997
v -0.880000 -3.120000 -2.999996
v -0.880000 -3.000000 -3.119997
v -0.880000 -4.000000 -3.119997
v -0.880000 -3.880001 -2.999996
v -1.000000 -3.880001 -3.119997
v 0.880000 -3.120000 -10.999996
v 0.880000 -3.000000 -10.879995
v 1.000000 -3.120000 -10.879995
v 0.880000 -4.000000 -10.879995
v 0.880000 -3.880001 -10.999996
v 1.000000 -3.880001 -10.879995
v 1.000000 -3.120000 -7.119997
v 0.880000 -3.000000 -7.119997
v 0.880000 -3.120000 -6.999996
v 1.000000 -3.880001 -7.119997
v 0.880000 -3.880001 -6.999996
v 0.880000 -4.000000 -7.119997
v -0.880000 -3.120000 -10.999996
v -1.000000 -3.120000 -10.879995
v -0.880000 -3.000000 -10.879995
v -1.000000 -3.880001 -10.879995
v -0.880000 -3.880001 -10.999996
v -0.880000 -4.000000 -10.879995
v -1.000000 -3.120000 -7.119997
v -0.880000 -3.120000 -6.999996
v -0.880000 -3.000000 -7.119997
v -0.880000 -4.000000 -7.119997
v -0.880000 -3.880001 -6.999996
v -1.000000 -3.880001 -7.119997
v 0.880000 -3.120000 -14.999996
v 0.880000 -3.000000 -14.879997
v 1.000000 -3.120000 -14.879997
v 0.880000 -4.000000 -14.879997
v 0.880000 -3.880001 -14.999996
v 1.000000 -3.880001 -14.879997
v 1.000000 -3.120000 -11.119997
v 0.880000 -3.000000 -11.119997
v 0.880000 -3.120000 -10.999996
v 1.000000 -3.880001 -11.119997
v 0.880000 -3.880001 -10.999996
v 0.880000 -4.000000 -11.119997
v -0.880000 -3.120000 -14.999996
v -1.000000 -3.120000 -14.879997
v -0.880000 -3.000000 -14.879997
v -1.000000 -3.880001 -14.879997
v -0.880000 -3.880001 -14.999996
v -0.880000 -4.000000 -14.879997
v -1.000000 -3.120000 -11.119997
v -0.880000 -3.120000 -10.999996
v -0.880000 -3.000000 -11.119997
v -0.880000 -4.000000 -11.119997
v -0.880000 -3.880001 -10.999996
v -1.000000 -3.880001 -11.119997
v 0.880000 -3.120000 -18.999996
v 0.880000 -3.000000 -18.879997
v 1.000000 -3.120000 -18.879997
v 0.880000 -4.000000 -18.879997
v 0.880000 -3.880001 -18.999996
v 1.000000 -3.880001 -18.879997
v 1.000000 -3.120000 -15.119995
v 0.880000 -3.000000 -15.119995
v 0.880000 -3.120000 -14.999996
v 1.000000 -3.880001 -15.119995
v 0.880000 -3.880001 -14.999996
v 0.880000 -4.000000 -15.119995
v -0.880000 -3.120000 -18.999996
v -1.000000 -3.120000 -18.879997
v -0.880000 -3.000000 -18.879997
v -1.000000 -3.880001 -18.879997
v -0.880000 -3.880001 -18.999996
v -0.880000 -4.000000 -18.879997
v -1.000000 -3.120000 -15.119995
v -0.880000 -3.120000 -14.999996
v -0.880000 -3.000000 -15.119995
v -0.880000 -4.000000 -15.119995
v -0.880000 -3.880001 -14.999996
v -1.000000 -3.880001 -15.119995
v 0.880000 -2.120000 15.000000
v 0.880000 -2.000000 15.120000
v 1.000000 -2.120000 15.120000
v 0.880000 -3.000000 15.120000
v 0.880000 -2.880001 15.000000
v 1.000000 -2.880001 15.120000
v 1.000000 -2.120000 18.879999
v 0.880000 -2.000000 18.879999
v 0.880000 -2.120000 19.000000
v 1.000000 -2.880001 18.879999
v 0.880000 -2.880001 19.000000
v 0.880000 -3.000000 18.879999
v -0.880000 -2.120000 15.000000
v -1.000000 -2.120000 15.120000
v -0.880000 -2.000000 15.120000
v -1.000000 -2.880001 15.120000
v -0.880000 -2.880001 15.000000
v -0.880000 -3.000000 15.120000
v -1.000000 -2.120000 18.879999
v -0.880000 -2.120000 19.000000
v -0.880000 -2.000000 18.879999
v -0.880000 -3.000000 18.879999
v -0.880000 -2.880001 19.000000
v -1.000000 -2.880001 18.879999
v 0.880000 -2.120000 11.000000
v 0.880000 -2.000000 11.120001
v 1.000000 -2.120000 11.120001
v 0.880000 -3.000000 11.120001
v 0.880000 -2.880001 11.000000
v 1.000000 -2.880001 11.120001
v 1.000000 -2.120000 14.880001
v 0.880000 -2.000000 14.880001
v 0.880000 -2.120000 15.000000
v 1.000000 -2.880001 14.880001
v 0.880000 -2.880001 15.000000
v 0.880000 -3.000000 14.880001
v -0.880000 -2.120000 11.000000
v -1.000000 -2.120000 11.120001
v -0.880000 -2.000000 11.120001
v -1.000000 -2.880001 11.120001
v -0.880000 -2.880001 11.000000
v -0.880000 -3.000000 11.120001
v -1.000000 -2.120000 14.880001
v -0.880000 -2.120000 15.000000
v -0.880000 -2.000000 14.880001
v -0.880000 -3.000000 14.880001
v -0.880000 -2.880001 15.000000
v -1.000000 -2.880001 14.880001
v 0.880000 -2.120000 7.000001
v 0.880000 -2.000000 7.120001
v 1.000000 -2.120000 7.120001
v 0.880000 -3.000000 7.120001
v 0.880000 -2.880001 7.000001
v 1.000000 -2.880001 7.120001
v 1.000000 -2.120000 10.880001
v 0.880000 -2.000000 10.880001
v 0.880000 -2.120000 11.000001
v 1.000000 -2.880001 10.880001
v 0.880000 -2.880001 11.000001
v 0.880000 -3.000000 10.880001
v -0.880000 -2.120000 7.000001
v -1.000000 -2.120000 7.120001
v -0.880000 -2.000000 7.120001
v -1.000000 -2.880001 7.120001
v -0.880000 -2.880001 7.000001
v -0.880000 -3.000000 7.120001
v -1.000000 -2.120000 10.880001
v -0.880000 -2.120000 11.000001
v -0.880000 -2.000000 10.880001
v -0.880000 -3.000000 10.880001
v -0.880000 -2.880001 11.000001
v -1.000000 -2.880001 10.880001
v 0.880000 -2.120000 3.000002
v 0.880000 -2.000000 3.120002
v 1.000000 -2.120000 3.120002
v 0.880000 -3.000000 3.120002
v 0.880000 -2.880001 3.000002
v 1.000000 -2.880001 3.120002
v 1.000000 -2.120000 6.880002
v 0.880000 -2.000000 6.880002
v 0.880000 -2.120000 7.000002
v 1.000000 -2.880001 6.880002
v 0.880000 -2.880001 7.000002
v 0.880000 -3.000000 6.880002
v -0.880000 -2.120000 3.000002
v -1.000000 -2.120000 3.120002
v -0.880000 -2.000000 3.120002
v -1.000000 -2.880001 3.120002
v -0.880000 -2.880001 3.000002
v -0.880000 -3.000000 3.120002
v -1.000000 -2.120000 6.880002
v -0.880000 -2.120000 7.000002
v -0.880000 -2.000000 6.880002
v -0.880000 -3.000000 6.880002
v -0.880000 -2.880001 7.000002
v -1.000000 -2.880001 6.880002
v 0.880000 -2.120000 -0.999998
v 0.880000 -2.000000 -0.879997
v 1.000000 -2.120000 -0.879997
v 0.880000 -3.000000 -0.879997
v 0.880000 -2.880001 -0.999998
v 1.000000 -2.880001 -0.879997
v 1.000000 -2.120000 2.880001
v 0.880000 -2.000000 2.880001
v 0.880000 -2.120000 3.000002
v 1.000000 -2.880001 2.880001
v 0.880000 -2.880001 3.000002
v 0.880000 -3.000000 2.880001
v -0.880000 -2.120000 -0.999998
v -1.000000 -2.120000 -0.879997
v -0.880000 -2.000000 -0.879997
v -1.000000 -2.880001 -0.879997
v -0.880000 -2.880001 -0.999998
v -0.880000 -3.000000 -0.879997
v -1.000000 -2.120000 2.880001
v -0.880000 -2.120000 3.000002
v -0.880000 -2.000000 2.880001
v -0.880000 -3.000000 2.880001
v -0.880000 -2.880001 3.000002
v -1.000000 -2.880001 2.880001
v 0.880000 -2.120000 -4.999998
v 0.880000 -2.000000 -4.879997
v 1.000000 -2.120000 -4.879997
v 0.880000 -3.000000 -4.879997
v 0.880000 -2.880001 -4.999998
v 1.000000 -2.880001 -4.879997
v 1.000000 -2.120000 -1.119999
v 0.880000 -2.000000 -1.119999
v 0.880000 -2.120000 -0.999998
v 1.000000 -2.880001 -1.119999
v 0.880000 -2.880001 -0.999998
v 0.880000 -3.000000 -1.119999
v -0.880000 -2.120000 -4.999998
v -1.000000 -2.120000 -4.879997
v -0.880000 -2.000000 -4.879997
v -1.000000 -2.880001 -4.879997
v -0.880000 -2.880001 -4.999998
v -0.880000 -3.000000 -4.879997
v -1.000000 -2.120000 -1.119999
v -0.880000 -2.120000 -0.999998
v -0.880000 -2.000000 -1.119999
v -0.880000 -3.000000 -1.119999
v -0.880000 -2.880001 -0.999998
v -1.000000 -2.880001 -1.119999
v 0.880000 -2.120000 -8.999996
v 0.880000 -2.000000 -8.879995
v 1.000000 -2.120000 -8.879995
v 0.880000 -3.000000 -8.879995
v 0.880000 -2.880001 -8.999996
v 1.000000 -2.880001 -8.879995
v 1.000000 -2.120000 -5.119997
v 0.880000 -2.000000 -5.119997
v 0.880000 -2.120000 -4.999996
v 1.000000 -2.880001 -5.119997
v 0.880000 -2.880001 -4.999996
v 0.880000 -3.000000 -5.119997
v -0.880000 -2.120000 -8.999996
v -1.000000 -2.120000 -8.879995
v -0.880000 -2.000000 -8.879995
v -1.000000 -2.880001 -8.879995
v -0.880000 -2.880001 -8.999996
v -0.880000 -3.000000 -8.879995
v -1.000000 -2.120000 -5.119997
v -0.880000 -2.120000 -4.999996
v -0.880000 -2.000000 -5.119997
v -0.880000 -3.000000 -5.119997
v -0.880000 -2.880001 -4.999996
v -1.000000 -2.880001 -5.119997
v 0.880000 -2.120000 -12.999996
v 0.880000 -2.000000 -12.879995
v 1.000000 -2.120000 -12.879995
v 0.880000 -3.000000 -12.879995
v 0.880000 -2.880001 -12.999996
v 1.000000 -2.880001 -12.879995
v 1.000000 -2.120000 -9.119997
v 0.880000 -2.000000 -9.119997
v 0.880000 -2.120000 -8.999996
v 1.000000 -2.880001 -9.119997
v 0.880000 -2.880001 -8.999996
v 0.880000 -3.000000 -9.119997
v -0.880000 -2.120000 -12.999996
v -1.000000 -2.120000 -12.879995
v -0.880000 -2.000000 -12.879995
v -1.000000 -2.880001 -12.879995
v -0.880000 -2.880001 -12.999996
v -0.880000 -3.000000 -12.879995
v -1.000000 -2.120000 -9.119997
v -0.880000 -2.120000 -8.999996
v -0.880000 -2.000000 -9.119997
v -0.880000 -3.000000 -9.119997
v -0.880000 -2.880001 -8.999996
v -1.000000 -2.880001 -9.119997
v 0.880000 -2.120000 -16.999996
v 0.880000 -2.000000 -16.879997
v 1.000000 -2.120000 -16.879997
v 0.880000 -3.000000 -16.879997
v 0.880000 -2.880001 -16.999996
v 1.000000 -2.880001 -16.879997
v 1.000000 -2.120000 -13.119995
v 0.880000 -2.000000 -13.119995
v 0.880000 -2.120000 -12.999996
v 1.000000 -2.880001 -13.119995
v 0.880000 -2.880001 -12.999996
v 0.880000 -3.000000 -13.119995
v -0.880000 -2.120000 -16.999996
v -1.000000 -2.120000 -16.879997
v -0.880000 -2.000000 -16.879997
v -1.000000 -2.880001 -16.879997
v -0.880000 -2.880001 -16.999996
v -0.880000 -3.000000 -16.879997
v -1.000000 -2.120000 -13.119995
v -0.880000 -2.120000 -12.999996
v -0.880000 -2.000000 -13.119995
v -0.880000 -3.000000 -13.119995
v -0.880000 -2.880001 -12.999996
v -1.000000 -2.880001 -13.119995
v 1.000000 -2.120000 -17.119995
v 0.880000 -2.000000 -17.119995
v 0.880000 -2.120000 -16.999996
v 1.000000 -2.880001 -17.119995
v 0.880000 -2.880001 -16.999996
v 0.880000 -3.000000 -17.119995
v -0.999999 -2.120000 -17.119995
v -0.879999 -2.120000 -16.999996
v -0.879999 -2.000000 -17.119995
v -0.879999 -3.000000 -17.119995
v -0.879999 -2.880001 -16.999996
v -0.999999 -2.880001 -17.119995
v 1.000000 -1.120000 17.120001
v 0.880000 -1.120000 17.000000
v 0.880000 -1.000000 17.120001
v 0.880000 -2.000000 17.120001
v 0.880000 -1.880001 17.000000
v 1.000000 -1.880001 17.120001
v -0.880000 -1.120000 17.000000
v -1.000000 -1.120000 17.120001
v -0.880000 -1.000000 17.120001
v -0.880000 -2.000000 17.120001
v -1.000000 -1.880001 17.120001
v -0.880000 -1.880001 17.000000
v 0.880000 -1.120000 13.000000
v 0.880000 -1.000000 13.120001
v 1.000000 -1.120000 13.120001
v 0.880000 -2.000000 13.120001
v 0.880000 -1.880001 13.000000
v 1.000000 -1.880001 13.120001
v 1.000000 -1.120000 16.880001
v 0.880000 -1.000000 16.880001
v 0.880000 -1.120000 17.000000
v 1.000000 -1.880001 16.880001
v 0.880000 -1.880001 17.000000
v 0.880000 -2.000000 16.880001
v -0.880000 -1.120000 13.000000
v -1.000000 -1.120000 13.120001
v -0.880000 -1.000000 13.120001
v -1.000000 -1.880001 13.120001
v -0.880000 -1.880001 13.000000
v -0.880000 -2.000000 13.120001
v -1.000000 -1.120000 16.880001
v -0.880000 -1.120000 17.000000
v -0.880000 -1.000000 16.880001
v -0.880000 -2.000000 16.880001
v -0.880000 -1.880001 17.000000
v -1.000000 -1.880001 16.880001
v 0.880000 -1.120000 9.000001
v 0.880000 -1.000000 9.120001
v 1.000000 -1.120000 9.120001
v 0.880000 -2.000000 9.120001
v 0.880000 -1.880001 9.000001
v 1.000000 -1.880001 9.120001
v 1.000000 -1.120000 12.880001
v 0.880000 -1.000000 12.880001
v 0.880000 -1.120000 13.000001
v 1.000000 -1.880001 12.880001
v 0.880000 -1.880001 13.000001
v 0.880000 -2.000000 12.880001
v -0.880000 -1.120000 9.000001
v -1.000000 -1.120000 9.120001
v -0.880000 -1.000000 9.120001
v -1.000000 -1.880001 9.120001
v -0.880000 -1.880001 9.000001
v -0.880000 -2.000000 9.120001
v -1.000000 -1.120000 12.880001
v -0.880000 -1.120000 13.000001
v -0.880000 -1.000000 12.880001
v -0.880000 -2.000000 12.880001
v -0.880000 -1.880001 13.000001
v -1.000000 -1.880001 12.880001
v 0.880000 -1.120000 5.000002
v 0.880000 -1.000000 5.120002
v 1.000000 -1.120000 5.120002
v 0.880000 -2.000000 5.120002
v 0.880000 -1.880001 5.000002
v 1.000000 -1.880001 5.120002
v 1.000000 -1.120000 8.880002
v 0.880000 -1.000000 8.880002
v 0.880000 -1.120000 9.000002
v 1.000000 -1.880001 8.880002
v 0.880000 -1.880001 9.000002
v 0.880000 -2.000000 8.880002
v -0.880000 -1.120000 5.000002
v -1.000000 -1.120000 5.120002
v -0.880000 -1.000000 5.120002
v -1.000000 -1.880001 5.120002
v -0.880000 -1.880001 5.000002
v -0.880000 -2.000000 5.120002
v -1.000000 -1.120000 8.880002
v -0.880000 -1.120000 9.000002
v -0.880000 -1.000000 8.880002
v -0.880000 -2.000000 8.880002
v -0.880000 -1.880001 9.000002
v -1.000000 -1.880001 8.880002
v 0.880000 -1.120000 1.000002
v 0.880000 -1.000000 1.120003
v 1.000000 -1.120000 1.120003
v 0.880000 -2.000000 1.120003
v 0.880000 -1.880001 1.000002
v 1.000000 -1.880001 1.120003
v 1.000000 -1.120000 4.880002
v 0.880000 -1.000000 4.880002
v 0.880000 -1.120000 5.000002
v 1.000000 -1.880001 4.880002
v 0.880000 -1.880001 5.000002
v 0.880000 -2.000000 4.880002
v -0.880000 -1.120000 1.000002
v -1.000000 -1.120000 1.120003
v -0.880000 -1.000000 1.120003
v -1.000000 -1.880001 1.120003
v -0.880000 -1.880001 1.000002
v -0.880000 -2.000000 1.120003
v -1.000000 -1.120000 4.880002
v -0.880000 -1.120000 5.000002
v -0.880000 -1.000000 4.880002
v -0.880000 -2.000000 4.880002
v -0.880000 -1.880001 5.000002
v -1.000000 -1.880001 4.880002
v 0.880000 -1.120000 -2.999998
v 0.880000 -1.000000 -2.879997
v 1.000000 -1.120000 -2.879997
v 0.880000 -2.000000 -2.879997
v 0.880000 -1.880001 -2.999998
v 1.000000 -1.880001 -2.879997
v 1.000000 -1.120000 0.880001
v 0.880000 -1.000000 0.880001
v 0.880000 -1.120000 1.000002
v 1.000000 -1.880001 0.880001
v 0.880000 -1.880001 1.000002
v 0.880000 -2.000000 0.880001
v -0.879999 -1.120000 -2.999998
v -0.999999 -1.120000 -2.879997
v -0.879999 -1.000000 -2.879997
v -0.999999 -1.880001 -2.879997
v -0.879999 -1.880001 -2.999998
v -0.879999 -2.000000 -2.879997
v -0.999999 -1.120000 0.880001
v -0.879999 -1.120000 1.000002
v -0.879999 -1.000000 0.880001
v -0.879999 -2.000000 0.880001
v -0.879999 -1.880001 1.000002
v -0.999999 -1.880001 0.880001
v 0.880000 -1.120000 -6.999996
v 0.880000 -1.000000 -6.879995
v 1.000000 -1.120000 -6.879995
v 0.880000 -2.000000 -6.879995
v 0.880000 -1.880001 -6.999996
v 1.000000 -1.880001 -6.879995
v 1.000000 -1.120000 -3.119997
v 0.880000 -1.000000 -3.119997
v 0.880000 -1.120000 -2.999996
v 1.000000 -1.880001 -3.119997
v 0.880000 -1.880001 -2.999996
v 0.880000 -2.000000 -3.119997
v -0.879999 -1.120000 -6.999996
v -0.999999 -1.120000 -6.879995
v -0.879999 -1.000000 -6.879995
v -0.999999 -1.880001 -6.879995
v -0.879999 -1.880001 -6.999996
v -0.879999 -2.000000 -6.879995
v -0.999999 -1.120000 -3.119997
v -0.879999 -1.120000 -2.999996
v -0.879999 -1.000000 -3.119997
v -0.879999 -2.000000 -3.119997
v -0.879999 -1.880001 -2.999996
v -0.999999 -1.880001 -3.119997
v 0.880000 -1.120000 -10.999996
v 0.880000 -1.000000 -10.879995
v 1.000000 -1.120000 -10.879995
v 0.880000 -2.000000 -10.879995
v 0.880000 -1.880001 -10.999996
v 1.000000 -1.880001 -10.879995
v 1.000000 -1.120000 -7.119997
v 0.880000 -1.000000 -7.119997
v 0.880000 -1.120000 -6.999996
v 1.000000 -1.880001 -7.119997
v 0.880000 -1.880001 -6.999996
v 0.880000 -2.000000 -7.119997
v -0.879999 -1.120000 -10.999996
v -0.999999 -1.120000 -10.879995
v -0.879999 -1.000000 -10.879995
v -0.999999 -1.880001 -10.879995
v -0.879999 -1.880001 -10.999996
v -0.879999 -2.000000 -10.879995
v -0.999999 -1.120000 -7.119997
v -0.879999 -1.120000 -6.999996
v -0.879999 -1.000000 -7.119997
v -0.879999 -2.000000 -7.119997
v -0.879999 -1.880001 -6.999996
v -0.999999 -1.880001 -7.119997
v 0.880000 -1.120000 -14.999996
v 0.880000 -1.000000 -14.879997
v 1.000000 -1.120000 -14.879997
v 0.880000 -2.000000 -14.879997
v 0.880000 -1.880001 -14.999996
v 1.000000 -1.880001 -14.879997
v 1.000000 -1.120000 -11.119997
v 0.880000 -1.000000 -11.119997
v 0.880000 -1.120000 -10.999996
v 1.000000 -1.880001 -11.119997
v 0.880000 -1.880001 -10.999996
v 0.880000 -2.000000 -11.119997
v -0.879999 -1.120000 -14.999996
v -0.999999 -1.120000 -14.879997
v -0.879999 -1.000000 -14.879997
v -0.999999 -1.880001 -14.879997
v -0.879999 -1.880001 -14.999996
v -0.879999 -2.000000 -14.879997
v -0.999999 -1.120000 -11.119997
v -0.879999 -1.120000 -10.999996
v -0.879999 -1.000000 -11.119997
v -0.879999 -2.000000 -11.119997
v -0.879999 -1.880001 -10.999996
v -0.999999 -1.880001 -11.119997
v 0.880000 -1.120000 -18.999996
v 0.880000 -1.000000 -18.879997
v 1.000000 -1.120000 -18.879997
v 0.880000 -2.000000 -18.879997
v 0.880000 -1.880001 -18.999996
v 1.000000 -1.880001 -18.879997
v 1.000000 -1.120000 -15.119995
v 0.880000 -1.000000 -15.119995
v 0.880000 -1.120000 -14.999996
v 1.000000 -1.880001 -15.119995
v 0.880000 -1.880001 -14.999996
v 0.880000 -2.000000 -15.119995
v -0.879999 -1.120000 -18.999996
v -0.999999 -1.120000 -18.879997
v -0.879999 -1.000000 -18.879997
v -0.999999 -1.880001 -18.879997
v -0.879999 -1.880001 -18.999996
v -0.879999 -2.000000 -18.879997
v -0.999999 -1.120000 -15.119995
v -0.879999 -1.120000 -14.999996
v -0.879999 -1.000000 -15.119995
v -0.879999 -2.000000 -15.119995
v -0.879999 -1.880001 -14.999996
v -0.999999 -1.880001 -15.119995
v 0.880000 -0.120000 15.000000
v 0.880000 0.000000 15.120000
v 1.000000 -0.120000 15.120000
v 0.880000 -1.000000 15.120000
v 0.880000 -0.880000 15.000000
v 1.000000 -0.880000 15.120000
v 1.000000 -0.120000 18.879999
v 0.880000 0.000000 18.879999
v 0.880000 -0.120000 19.000000
v 1.000000 -0.880000 18.879999
v 0.880000 -0.880000 19.000000
v 0.880000 -1.000000 18.879999
v -0.880000 -0.120000 15.000000
v -1.000000 -0.120000 15.120000
v -0.880000 0.000000 15.120000
v -1.000000 -0.880000 15.120000
v -0.880000 -0.880000 15.000000
v -0.880000 -1.000000 15.120000
v -1.000000 -0.120000 18.879999
v -0.880000 -0.120000 19.000000
v -0.880000 0.000000 18.879999
v -0.880000 -1.000000 18.879999
v -0.880000 -0.880000 19.000000
v -1.000000 -0.880000 18.879999
v 0.880000 -0.120000 11.000000
v 0.880000 0.000000 11.120001
v 1.000000 -0.120000 11.120001
v 0.880000 -1.000000 11.120001
v 0.880000 -0.880000 11.000000
v 1.000000 -0.880000 11.120001
v 1.000000 -0.120000 14.880001
v 0.880000 0.000000 14.880001
v 0.880000 -0.120000 15.000000
v 1.000000 -0.880000 14.880001
v 0.880000 -0.880000 15.000000
v 0.880000 -1.000000 14.880001
v -0.880000 -0.120000 11.000000
v -1.000000 -0.120000 11.120001
v -0.880000 0.000000 11.120001
v -1.000000 -0.880000 11.120001
v -0.880000 -0.880000 11.000000
v -0.880000 -1.000000 11.120001
v -1.000000 -0.120000 14.880001
v -0.880000 -0.120000 15.000000
v -0.880000 0.000000 14.880001
v -0.880000 -1.000000 14.880001
v -0.880000 -0.880000 15.000000
v -1.000000 -0.880000 14.880001
v 0.880000 -0.120000 7.000001
v 0.880000 0.000000 7.120001
v 1.000000 -0.120000 7.120001
v 0.880000 -1.000000 7.120001
v 0.880000 -0.880000 7.000001
v 1.000000 -0.880000 7.120001
v 1.000000 -0.120000 10.880001
v 0.880000 0.000000 10.880001
v 0.880000 -0.120000 11.000001
v 1.000000 -0.880000 10.880001
v 0.880000 -0.880000 11.000001
v 0.880000 -1.000000 10.880001
v -0.880000 -0.120000 7.000001
v -1.000000 -0.120000 7.120001
v -0.880000 0.000000 7.120001
v -1.000000 -0.880000 7.120001
v -0.880000 -0.880000 7.000001
v -0.880000 -1.000000 7.120001
v -1.000000 -0.120000 10.880001
v -0.880000 -0.120000 11.000001
v -0.880000 0.000000 10.880001
v -0.880000 -1.000000 10.880001
v -0.880000 -0.880000 11.000001
v -1.000000 -0.880000 10.880001
v 0.880000 -0.120000 3.000002
v 0.880000 0.000000 3.120002
v 1.000000 -0.120000 3.120002
v 0.880000 -1.000000 3.120002
v 0.880000 -0.880000 3.000002
v 1.000000 -0.880000 3.120002
v 1.000000 -0.120000 6.880002
v 0.880000 0.000000 6.880002
v 0.880000 -0.120000 7.000002
v 1.000000 -0.880000 6.880002
v 0.880000 -0.880000 7.000002
v 0.880000 -1.000000 6.880002
v -0.880000 -0.120000 3.000002
v -1.000000 -0.120000 3.120002
v -0.880000 0.000000 3.120002
v -1.000000 -0.880000 3.120002
v -0.880000 -0.880000 3.000002
v -0.880000 -1.000000 3.120002
v -1.000000 -0.120000 6.880002
v -0.880000 -0.120000 7.000002
v -0.880000 0.000000 6.880002
v -0.880000 -1.000000 6.880002
v -0.880000 -0.880000 7.000002
v -1.000000 -0.880000 6.880002
v 0.880001 -0.120000 -0.999998
v 0.880001 0.000000 -0.879997
v 1.000001 -0.120000 -0.879997
v 0.880001 -1.000000 -0.879997
v 0.880001 -0.880000 -0.999998
v 1.000001 -0.880000 -0.879997
v 1.000001 -0.120000 2.880001
v 0.880001 0.000000 2.880001
v 0.880001 -0.120000 3.000002
v 1.000001 -0.880000 2.880001
v 0.880001 -0.880000 3.000002
v 0.880001 -1.000000 2.880001
v -0.880000 -0.120000 -0.999998
v -1.000000 -0.120000 -0.879997
v -0.880000 0.000000 -0.879997
v -1.000000 -0.880000 -0.879997
v -0.880000 -0.880000 -0.999998
v -0.880000 -1.000000 -0.879997
v -1.000000 -0.120000 2.880001
v -0.880000 -0.120000 3.000002
v -0.880000 0.000000 2.880001
v -0.880000 -1.000000 2.880001
v -0.880000 -0.880000 3.000002
v -1.000000 -0.880000 2.880001
v 0.880001 -0.120000 -4.999998
v 0.880001 0.000000 -4.879997
v 1.000001 -0.120000 -4.879997
v 0.880001 -1.000000 -4.879997
v 0.880001 -0.880000 -4.999998
v 1.000001 -0.880000 -4.879997
v 1.000001 -0.120000 -1.119999
v 0.880001 0.000000 -1.119999
v 0.880001 -0.120000 -0.999998
v 1.000001 -0.880000 -1.119999
v 0.880001 -0.880000 -0.999998
v 0.880001 -1.000000 -1.119999
v -0.879999 -0.120000 -4.999998
v -0.999999 -0.120000 -4.879997
v -0.879999 0.000000 -4.879997
v -0.999999 -0.880000 -4.879997
v -0.879999 -0.880000 -4.999998
v -0.879999 -1.000000 -4.879997
v -0.999999 -0.120000 -1.119999
v -0.879999 -0.120000 -0.999998
v -0.879999 0.000000 -1.119999
v -0.879999 -1.000000 -1.119999
v -0.879999 -0.880000 -0.999998
v -0.999999 -0.880000 -1.119999
v 0.880001 -0.120000 -8.999996
v 0.880001 0.000000 -8.879995
v 1.000001 -0.120000 -8.879995
v 0.880001 -1.000000 -8.879995
v 0.880001 -0.880000 -8.999996
v 1.000001 -0.880000 -8.879995
v 1.000001 -0.120000 -5.119997
v 0.880001 0.000000 -5.119997
v 0.880001 -0.120000 -4.999996
v 1.000001 -0.880000 -5.119997
v 0.880001 -0.880000 -4.999996
v 0.880001 -1.000000 -5.119997
v -0.879999 -0.120000 -8.999996
v -0.999999 -0.120000 -8.879995
v -0.879999 0.000000 -8.879995
v -0.999999 -0.880000 -8.879995
v -0.879999 -0.880000 -8.999996
v -0.879999 -1.000000 -8.879995
v -0.999999 -0.120000 -5.119997
v -0.879999 -0.120000 -4.999996
v -0.879999 0.000000 -5.119997
v -0.879999 -1.000000 -5.119997
v -0.879999 -0.880000 -4.999996
v -0.999999 -0.880000 -5.119997
v 0.880001 -0.120000 -12.999996
v 0.880001 0.000000 -12.879995
v 1.000001 -0.120000 -12.879995
v 0.880001 -1.000000 -12.879995
v 0.880001 -0.880000 -12.999996
v 1.000001 -0.880000 -12.879995
v 1.000001 -0.120000 -9.119997
v 0.880001 0.000000 -9.119997
v 0.880001 -0.120000 -8.999996
v 1.000001 -0.880000 -9.119997
v 0.880001 -0.880000 -8.999996
v 0.880001 -1.000000 -9.119997
v -0.879999 -0.120000 -12.999996
v -0.999999 -0.120000 -12.879995
v -0.879999 0.000000 -12.879995
v -0.999999 -0.880000 -12.879995
v -0.879999 -0.880000 -12.999996
v -0.879999 -1.000000 -12.879995
v -0.999999 -0.120000 -9.119997
v -0.879999 -0.120000 -8.999996
v -0.879999 0.000000 -9.119997
v -0.879999 -1.000000 -9.119997
v -0.879999 -0.880000 -8.999996
v -0.999999 -0.880000 -9.119997
v 0.880001 -0.120000 -16.999996
v 0.880001 0.000000 -16.879997
v 1.000001 -0.120000 -16.879997
v 0.880001 -1.000000 -16.879997
v 0.880001 -0.880000 -16.999996
v 1.000001 -0.880000 -16.879997
v 1.000001 -0.120000 -13.119995
v 0.880001 0.000000 -13.119995
v 0.880001 -0.120000 -12.999996
v 1.000001 -0.880000 -13.119995
v 0.880001 -0.880000 -12.999996
v 0.880001 -1.000000 -13.119995
v -0.879999 -0.120000 -16.999996
v -0.999999 -0.120000 -16.879997
v -0.879999 0.000000 -16.879997
v -0.999999 -0.880000 -16.879997
v -0.879999 -0.880000 -16.999996
v -0.879999 -1.000000 -16.879997
v -0.999999 -0.120000 -13.119995
v -0.879999 -0.120000 -12.999996
v -0.879999 0.000000 -13.119995
v -0.879999 -1.000000 -13.119995
v -0.879999 -0.880000 -12.999996
v -0.999999 -0.880000 -13.119995
v 1.000001 -0.120000 -17.119995
v 0.880001 0.000000 -17.119995
v 0.880001 -0.120000 -16.999996
v 1.000001 -0.880000 -17.119995
v 0.880001 -0.880000 -16.999996
v 0.880001 -1.000000 -17.119995
v -0.999999 -0.120000 -17.119995
v -0.879999 -0.120000 -16.999996
v -0.879999 0.000000 -17.119995
v -0.879999 -1.000000 -17.119995
v -0.879999 -0.880000 -16.999996
v -0.999999 -0.880000 -17.119995
v 1.000000 0.879999 17.120001
v 0.880000 0.879999 17.000000
v 0.880000 0.999999 17.120001
v 0.880000 -0.000001 17.120001
v 0.880000 0.119999 17.000000
v 1.000000 0.119999 17.120001
v -0.880000 0.879999 17.000000
v -1.000000 0.879999 17.120001
v -0.880000 0.999999 17.120001
v -0.880000 -0.000001 17.120001
v -1.000000 0.119999 17.120001
v -0.880000 0.119999 17.000000
v 0.880000 0.879999 13.000000
v 0.880000 0.999999 13.120001
v 1.000000 0.879999 13.120001
v 0.880000 -0.000001 13.120001
v 0.880000 0.119999 13.000000
v 1.000000 0.119999 13.120001
v 1.000000 0.879999 16.880001
v 0.880000 0.999999 16.880001
v 0.880000 0.879999 17.000000
v 1.000000 0.119999 16.880001
v 0.880000 0.119999 17.000000
v 0.880000 -0.000001 16.880001
v -0.880000 0.879999 13.000000
v -1.000000 0.879999 13.120001
v -0.880000 0.999999 13.120001
v -1.000000 0.119999 13.120001
v -0.880000 0.119999 13.000000
v -0.880000 -0.000001 13.120001
v -1.000000 0.879999 16.880001
v -0.880000 0.879999 17.000000
v -0.880000 0.999999 16.880001
v -0.880000 -0.000001 16.880001
v -0.880000 0.119999 17.000000
v -1.000000 0.119999 16.880001
v 0.880000 0.879999 9.000001
v 0.880000 0.999999 9.120001
v 1.000000 0.879999 9.120001
v 0.880000 -0.000001 9.120001
v 0.880000 0.119999 9.000001
v 1.000000 0.119999 9.120001
v 1.000000 0.879999 12.880001
v 0.880000 0.999999 12.880001
v 0.880000 0.879999 13.000001
v 1.000000 0.119999 12.880001
v 0.880000 0.119999 13.000001
v 0.880000 -0.000001 12.880001
v -0.879999 0.879999 9.000001
v -0.999999 0.879999 9.120001
v -0.879999 0.999999 9.120001
v -0.999999 0.119999 9.120001
v -0.879999 0.119999 9.000001
v -0.879999 -0.000001 9.120001
v -0.999999 0.879999 12.880001
v -0.879999 0.879999 13.000001
v -0.879999 0.999999 12.880001
v -0.879999 -0.000001 12.880001
v -0.879999 0.119999 13.000001
v -0.999999 0.119999 12.880001
v 0.880000 0.879999 5.000002
v 0.880000 0.999999 5.120002
v 1.000000 0.879999 5.120002
v 0.880000 -0.000001 5.120002
v 0.880000 0.119999 5.000002
v 1.000000 0.119999 5.120002
v 1.000000 0.879999 8.880002
v 0.880000 0.999999 8.880002
v 0.880000 0.879999 9.000002
v 1.000000 0.119999 8.880002
v 0.880000 0.119999 9.000002
v 0.880000 -0.000001 8.880002
v -0.879999 0.879999 5.000002
v -0.999999 0.879999 5.120002
v -0.879999 0.999999 5.120002
v -0.999999 0.119999 5.120002
v -0.879999 0.119999 5.000002
v -0.879999 -0.000001 5.120002
v -0.999999 0.879999 8.880002
v -0.879999 0.879999 9.000002
v -0.879999 0.999999 8.880002
v -0.879999 -0.000001 8.880002
v -0.879999 0.119999 9.000002
v -0.999999 0.119999 8.880002
v 0.880001 0.879999 1.000002
v 0.880001 0.999999 1.120003
v 1.000001 0.879999 1.120003
v 0.880001 -0.000001 1.120003
v 0.880001 0.119999 1.000002
v 1.000001 0.119999 1.120003
v 1.000001 0.879999 4.880002
v 0.880001 0.999999 4.880002
v 0.880001 0.879999 5.000002
v 1.000001 0.119999 4.880002
v 0.880001 0.119999 5.000002
v 0.880001 -0.000001 4.880002
v -0.879999 0.879999 1.000002
v -0.999999 0.879999 1.120003
v -0.879999 0.999999 1.120003
v -0.999999 0.119999 1.120003
v -0.879999 0.119999 1.000002
v -0.879999 -0.000001 1.120003
v -0.999999 0.879999 4.880002
v -0.879999 0.879999 5.000002
v -0.879999 0.999999 4.880002
v -0.879999 -0.000001 4.880002
v -0.879999 0.119999 5.000002
v -0.999999 0.119999 4.880002
v 0.880001 0.879999 -2.999998
v 0.880001 0.999999 -2.879997
v 1.000001 0.879999 -2.879997
v 0.880001 -0.000001 -2.879997
v 0.880001 0.119999 -2.999998
v 1.000001 0.119999 -2.879997
v 1.000001 0.879999 0.880001
v 0.880001 0.999999 0.880001
v 0.880001 0.879999 1.000002
v 1.000001 0.119999 0.880001
v 0.880001 0.119999 1.000002
v 0.880001 -0.000001 0.880001
v -0.879999 0.879999 -2.999998
v -0.999999 0.879999 -2.879997
v -0.879999 0.999999 -2.879997
v -0.999999 0.119999 -2.879997
v -0.879999 0.119999 -2.999998
v -0.879999 -0.000001 -2.879997
v -0.999999 0.879999 0.880001
v -0.879999 0.879999 1.000002
v -0.879999 0.999999 0.880001
v -0.879999 -0.000001 0.880001
v -0.879999 0.119999 1.000002
v -0.999999 0.119999 0.880001
v 0.880001 0.879999 -6.999996
v 0.880001 0.999999 -6.879995
v 1.000001 0.879999 -6.879995
v 0.880001 -0.000001 -6.879995
v 0.880001 0.119999 -6.999996
v 1.000001 0.119999 -6.879995
v 1.000001 0.879999 -3.119997
v 0.880001 0.999999 -3.119997
v 0.880001 0.879999 -2.999996
v 1.000001 0.119999 -3.119997
v 0.880001 0.119999 -2.999996
v 0.880001 -0.000001 -3.119997
v -0.879999 0.879999 -6.999996
v -0.999999 0.879999 -6.879995
v -0.879999 0.999999 -6.879995
v -0.999999 0.119999 -6.879995
v -0.879999 0.119999 -6.999996
v -0.879999 -0.000001 -6.879995
v -0.999999 0.879999 -3.119997
v -0.879999 0.879999 -2.999996
v -0.879999 0.999999 -3.119997
v -0.879999 -0.000001 -3.119997
v -0.879999 0.119999 -2.999996
v -0.999999 0.119999 -3.119997
v 0.880001 0.879999 -10.999996
v 0.880001 0.999999 -10.879995
v 1.000001 0.879999 -10.879995
v 0.880001 -0.000001 -10.879995
v 0.880001 0.119999 -10.999996
v 1.000001 0.119999 -10.879995
v 1.000001 0.879999 -7.119997
v 0.880001 0.999999 -7.119997
v 0.880001 0.879999 -6.999996
v 1.000001 0.119999 -7.119997
v 0.880001 0.119999 -6.999996
v 0.880001 -0.000001 -7.119997
v -0.879999 0.879999 -10.999996
v -0.999999 0.879999 -10.879995
v -0.879999 0.999999 -10.879995
v -0.999999 0.119999 -10.879995
v -0.879999 0.119999 -10.999996
v -0.879999 -0.000001 -10.879995
v -0.999999 0.879999 -7.119997
v -0.879999 0.879999 -6.999996
v -0.879999 0.999999 -7.119997
v -0.879999 -0.000001 -7.119997
v -0.879999 0.119999 -6.999996
v -0.999999 0.119999 -7.119997
v 0.880001 0.879999 -14.999996
v 0.880001 0.999999 -14.879997
v 1.000001 0.879999 -14.879997
v 0.880001 -0.000001 -14.879997
v 0.880001 0.119999 -14.999996
v 1.000001 0.119999 -14.879997
v 1.000001 0.879999 -11.119997
v 0.880001 0.999999 -11.119997
v 0.880001 0.879999 -10.999996
v 1.000001 0.119999 -11.119997
v 0.880001 0.119999 -10.999996
v 0.880001 -0.000001 -11.119997
v -0.879999 0.879999 -14.999996
v -0.999999 0.879999 -14.879997
v -0.879999 0.999999 -14.879997
v -0.999999 0.119999 -14.879997
v -0.879999 0.119999 -14.999996
v -0.879999 -0.000001 -14.879997
v -0.999999 0.879999 -11.119997
v -0.879999 0.879999 -10.999996
v -0.879999 0.999999 -11.119997
v -0.879999 -0.000001 -11.119997
v -0.879999 0.119999 -10.999996
v -0.999999 0.119999 -11.119997
v 0.880001 0.879999 -18.999996
v 0.880001 0.999999 -18.879997
v 1.000001 0.879999 -18.879997
v 0.880001 -0.000001 -18.879997
v 0.880001 0.119999 -18.999996
v 1.000001 0.119999 -18.879997
v 1.000001 0.879999 -15.119995
v 0.880001 0.999999 -15.119995
v 0.880001 0.879999 -14.999996
v 1.000001 0.119999 -15.119995
v 0.880001 0.119999 -14.999996
v 0.880001 -0.000001 -15.119995
v -0.879999 0.879999 -18.999996
v -0.999999 0.879999 -18.879997
v -0.879999 0.999999 -18.879997
v -0.999999 0.119999 -18.879997
v -0.879999 0.119999 -18.999996
v -0.879999 -0.000001 -18.879997
v -0.999999 0.879999 -15.119995
v -0.879999 0.879999 -14.999996
v -0.879999 0.999999 -15.119995
v -0.879999 -0.000001 -15.119995
v -0.879999 0.119999 -14.999996
v -0.999999 0.119999 -15.119995
v 0.880001 1.879999 15.000000
v 0.880001 1.999999 15.120000
v 1.000001 1.879999 15.120000
v 0.880001 0.999999 15.120000
v 0.880001 1.119999 15.000000
v 1.000001 1.119999 15.120000
v 1.000001 1.879999 18.879999
v 0.880001 1.999999 18.879999
v 0.880001 1.879999 19.000000
v 1.000001 1.119999 18.879999
v 0.880001 1.119999 19.000000
v 0.880001 0.999999 18.879999
v -0.879999 1.879999 15.000000
v -0.999999 1.879999 15.120000
v -0.879999 1.999999 15.120000
v -0.999999 1.119999 15.120000
v -0.879999 1.119999 15.000000
v -0.879999 0.999999 15.120000
v -0.999999 1.879999 18.879999
v -0.879999 1.879999 19.000000
v -0.879999 1.999999 18.879999
v -0.879999 0.999999 18.879999
v -0.879999 1.119999 19.000000
v -0.999999 1.119999 18.879999
v 0.880001 1.879999 11.000000
v 0.880001 1.999999 11.120001
v 1.000001 1.879999 11.120001
v 0.880001 0.999999 11.120001
v 0.880001 1.119999 11.000000
v 1.000001 1.119999 11.120001
v 1.000001 1.879999 14.880001
v 0.880001 1.999999 14.880001
v 0.880001 1.879999 15.000000
v 1.000001 1.119999 14.880001
v 0.880001 1.119999 15.000000
v 0.880001 0.999999 14.880001
v -0.879999 1.879999 11.000000
v -0.999999 1.879999 11.120001
v -0.879999 1.999999 11.120001
v -0.999999 1.119999 11.120001
v -0.879999 1.119999 11.000000
v -0.879999 0.999999 11.120001
v -0.999999 1.879999 14.880001
v -0.879999 1.879999 15.000000
v -0.879999 1.999999 14.880001
v -0.879999 0.999999 14.880001
v -0.879999 1.119999 15.000000
v -0.999999 1.119999 14.880001
v 0.880001 1.879999 7.000001
v 0.880001 1.999999 7.120001
v 1.000001 1.879999 7.120001
v 0.880001 0.999999 7.120001
v 0.880001 1.119999 7.000001
v 1.000001 1.119999 7.120001
v 1.000001 1.879999 10.880001
v 0.880001 1.999999 10.880001
v 0.880001 1.879999 11.000001
v 1.000001 1.119999 10.880001
v 0.880001 1.119999 11.000001
v 0.880001 0.999999 10.880001
v -0.879999 1.879999 7.000001
v -0.999999 1.879999 7.120001
v -0.879999 1.999999 7.120001
v -0.999999 1.119999 7.120001
v -0.879999 1.119999 7.000001
v -0.879999 0.999999 7.120001
v -0.999999 1.879999 10.880001
v -0.879999 1.879999 11.000001
v -0.879999 1.999999 10.880001
v -0.879999 0.999999 10.880001
v -0.879999 1.119999 11.000001
v -0.999999 1.119999 10.880001
v 0.880001 1.879999 3.000002
v 0.880001 1.999999 3.120002
v 1.000001 1.879999 3.120002
v 0.880001 0.999999 3.120002
v 0.880001 1.119999 3.000002
v 1.000001 1.119999 3.120002
v 1.000001 1.879999 6.880002
v 0.880001 1.999999 6.880002
v 0.880001 1.879999 7.000002
v 1.000001 1.119999 6.880002
v 0.880001 1.119999 7.000002
v 0.880001 0.999999 6.880002
v -0.879999 1.879999 3.000002
v -0.999999 1.879999 3.120002
v -0.879999 1.999999 3.120002
v -0.999999 1.119999 3.120002
v -0.879999 1.119999 3.000002
v -0.879999 0.999999 3.120002
v -0.999999 1.879999 6.880002
v -0.879999 1.879999 7.000002
v -0.879999 1.999999 6.880002
v -0.879999 0.999999 6.880002
v -0.879999 1.119999 7.000002
v -0.999999 1.119999 6.880002
v 0.880001 1.879999 -0.999998
v 0.880001 1.999999 -0.879997
v 1.000001 1.879999 -0.879997
v 0.880001 0.999999 -0.879997
v 0.880001 1.119999 -0.999998
v 1.000001 1.119999 -0.879997
v 1.000001 1.879999 2.880001
v 0.880001 1.999999 2.880001
v 0.880001 1.879999 3.000002
v 1.000001 1.119999 2.880001
v 0.880001 1.119999 3.000002
v 0.880001 0.999999 2.880001
v -0.879999 1.879999 -0.999998
v -0.999999 1.879999 -0.879997
v -0.879999 1.999999 -0.879997
v -0.999999 1.119999 -0.879997
v -0.879999 1.119999 -0.999998
v -0.879999 0.999999 -0.879997
v -0.999999 1.879999 2.880001
v -0.879999 1.879999 3.000002
v -0.879999 1.999999 2.880001
v -0.879999 0.999999 2.880001
v -0.879999 1.119999 3.000002
v -0.999999 1.119999 2.880001
v 0.880001 1.879999 -4.999998
v 0.880001 1.999999 -4.879997
v 1.000001 1.879999 -4.879997
v 0.880001 0.999999 -4.879997
v 0.880001 1.119999 -4.999998
v 1.000001 1.119999 -4.879997
v 1.000001 1.879999 -1.119999
v 0.880001 1.999999 -1.119999
v 0.880001 1.879999 -0.999998
v 1.000001 1.119999 -1.119999
v 0.880001 1.119999 -0.999998
v 0.880001 0.999999 -1.119999
v -0.879999 1.879999 -4.999998
v -0.999999 1.879999 -4.879997
v -0.879999 1.999999 -4.879997
v -0.999999 1.119999 -4.879997
v -0.879999 1.119999 -4.999998
v -0.879999 0.999999 -4.879997
v -0.999999 1.879999 -1.119999
v -0.879999 1.879999 -0.999998
v -0.879999 1.999999 -1.119999
v -0.879999 0.999999 -1.119999
v -0.879999 1.119999 -0.999998
v -0.999999 1.119999 -1.119999
v 0.880001 1.879999 -8.999996
v 0.880001 1.999999 -8.879995
v 1.000001 1.879999 -8.879995
v 0.880001 0.999999 -8.879995
v 0.880001 1.119999 -8.999996
v 1.000001 1.119999 -8.879995
v 1.000001 1.879999 -5.119997
v 0.880001 1.999999 -5.119997
v 0.880001 1.879999 -4.999996
v 1.000001 1.119999 -5.119997
v 0.880001 1.119999 -4.999996
v 0.880001 0.999999 -5.119997
v -0.879999 1.879999 -8.999996
v -0.999999 1.879999 -8.879995
v -0.879999 1.999999 -8.879995
v -0.999999 1.119999 -8.879995
v -0.879999 1.119999 -8.999996
v -0.879999 0.999999 -8.879995
v -0.999999 1.879999 -5.119997
v -0.879999 1.879999 -4.999996
v -0.879999 1.999999 -5.119997
v -0.879999 0.999999 -5.119997
v -0.879999 1.119999 -4.999996
v -0.999999 1.119999 -5.119997
v 0.880001 1.879999 -12.999996
v 0.880001 1.999999 -12.879995
v 1.000001 1.879999 -12.879995
v 0.880001 0.999999 -12.879995
v 0.880001 1.119999 -12.999996
v 1.000001 1.119999 -12.879995
v 1.000001 1.879999 -9.119997
v 0.880001 1.999999 -9.119997
v 0.880001 1.879999 -8.999996
v 1.000001 1.119999 -9.119997
v 0.880001 1.119999 -8.999996
v 0.880001 0.999999 -9.119997
v -0.879999 1.879999 -12.999996
v -0.999999 1.879999 -12.879995
v -0.879999 1.999999 -12.879995
v -0.999999 1.119999 -12.879995
v -0.879999 1.119999 -12.999996
v -0.879999 0.999999 -12.879995
v -0.999999 1.879999 -9.119997
v -0.879999 1.879999 -8.999996
v -0.879999 1.999999 -9.119997
v -0.879999 0.999999 -9.119997
v -0.879999 1.119999 -8.999996
v -0.999999 1.119999 -9.119997
v 0.880001 1.879999 -16.999996
v 0.880001 1.999999 -16.879997
v 1.000001 1.879999 -16.879997
v 0.880001 0.999999 -16.879997
v 0.880001 1.119999 -16.999996
v 1.000001 1.119999 -16.879997
v 1.000001 1.879999 -13.119995
v 0.880001 1.999999 -13.119995
v 0.880001 1.879999 -12.999996
v 1.000001 1.119999 -13.119995
v 0.880001 1.119999 -12.999996
v 0.880001 0.999999 -13.119995
v -0.879999 1.879999 -16.999996
v -0.999999 1.879999 -16.879997
v -0.879999 1.999999 -16.879997
v -0.999999 1.119999 -16.879997
v -0.879999 1.119999 -16.999996
v -0.879999 0.999999 -16.879997
v -0.999999 1.879999 -13.119995
v -0.879999 1.879999 -12.999996
v -0.879999 1.999999 -13.119995
v -0.879999 0.999999 -13.119995
v -0.879999 1.119999 -12.999996
v -0.999999 1.119999 -13.119995
v 1.000001 1.879999 -17.119995
v 0.880001 1.999999 -17.119995
v 0.880001 1.879999 -16.999996
v 1.000001 1.119999 -17.119995
v 0.880001 1.119999 -16.999996
v 0.880001 0.999999 -17.119995
v -0.999999 1.879999 -17.119995
v -0.879999 1.879999 -16.999996
v -0.879999 1.999999 -17.119995
v -0.879999 0.999999 -17.119995
v -0.879999 1.119999 -16.999996
v -0.999999 1.119999 -17.119995
v 1.000001 2.879999 17.120001
v 0.880001 2.879999 17.000000
v 0.880001 2.999999 17.120001
v 0.880001 1.999999 17.120001
v 0.880001 2.119999 17.000000
v 1.000001 2.119999 17.120001
v -0.879999 2.879999 17.000000
v -0.999999 2.879999 17.120001
v -0.879999 2.999999 17.120001
v -0.879999 1.999999 17.120001
v -0.999999 2.119999 17.120001
v -0.879999 2.119999 17.000000
v 0.880001 2.879999 13.000000
v 0.880001 2.999999 13.120001
v 1.000001 2.879999 13.120001
v 0.880001 1.999999 13.120001
v 0.880001 2.119999 13.000000
v 1.000001 2.119999 13.120001
v 1.000001 2.879999 16.880001
v 0.880001 2.999999 16.880001
v 0.880001 2.879999 17.000000
v 1.000001 2.119999 16.880001
v 0.880001 2.119999 17.000000
v 0.880001 1.999999 16.880001
v -0.879999 2.879999 13.000000
v -0.999999 2.879999 13.120001
v -0.879999 2.999999 13.120001
v -0.999999 2.119999 13.120001
v -0.879999 2.119999 13.000000
v -0.879999 1.999999 13.120001
v -0.999999 2.879999 16.880001
v -0.879999 2.879999 17.000000
v -0.879999 2.999999 16.880001
v -0.879999 1.999999 16.880001
v -0.879999 2.119999 17.000000
v -0.999999 2.119999 16.880001
v 0.880001 2.879999 9.000001
v 0.880001 2.999999 9.120001
v 1.000001 2.879999 9.120001
v 0.880001 1.999999 9.120001
v 0.880001 2.119999 9.000001
v 1.000001 2.119999 9.120001
v 1.000001 2.879999 12.880001
v 0.880001 2.999999 12.880001
v 0.880001 2.879999 13.000001
v 1.000001 2.119999 12.880001
v 0.880001 2.119999 13.000001
v 0.880001 1.999999 12.880001
v -0.879999 2.879999 9.000001
v -0.999999 2.879999 9.120001
v -0.879999 2.999999 9.120001
v -0.999999 2.119999 9.120001
v -0.879999 2.119999 9.000001
v -0.879999 1.999999 9.120001
v -0.999999 2.879999 12.880001
v -0.879999 2.879999 13.000001
v -0.879999 2.999999 12.880001
v -0.879999 1.999999 12.880001
v -0.879999 2.119999 13.000001
v -0.999999 2.119999 12.880001
v 0.880001 2.879999 5.000002
v 0.880001 2.999999 5.120002
v 1.000001 2.879999 5.120002
v 0.880001 1.999999 5.120002
v 0.880001 2.119999 5.000002
v 1.000001 2.119999 5.120002
v 1.000001 2.879999 8.880002
v 0.880001 2.999999 8.880002
v 0.880001 2.879999 9.000002
v 1.000001 2.119999 8.880002
v 0.880001 2.119999 9.000002
v 0.880001 1.999999 8.880002
v -0.879999 2.879999 5.000002
v -0.999999 2.879999 5.120002
v -0.879999 2.999999 5.120002
v -0.999999 2.119999 5.120002
v -0.879999 2.119999 5.000002
v -0.879999 1.999999 5.120002
v -0.999999 2.879999 8.880002
v -0.879999 2.879999 9.000002
v -0.879999 2.999999 8.880002
v -0.879999 1.999999 8.880002
v -0.879999 2.119999 9.000002
v -0.999999 2.119999 8.880002
v 0.880001 2.879999 1.000002
v 0.880001 2.999999 1.120003
v 1.000001 2.879999 1.120003
v 0.880001 1.999999 1.120003
v 0.880001 2.119999 1.000002
v 1.000001 2.119999 1.120003
v 1.000001 2.879999 4.880002
v 0.880001 2.999999 4.880002
v 0.880001 2.879999 5.000002
v 1.000001 2.119999 4.880002
v 0.880001 2.119999 5.000002
v 0.880001 1.999999 4.880002
v -0.879999 2.879999 1.000002
v -0.999999 2.879999 1.120003
v -0.879999 2.999999 1.120003
v -0.999999 2.119999 1.120003
v -0.879999 2.119999 1.000002
v -0.879999 1.999999 1.120003
v -0.999999 2.879999 4.880002
v -0.879999 2.879999 5.000002
v -0.879999 2.999999 4.880002
v -0.879999 1.999999 4.880002
v -0.879999 2.119999 5.000002
v -0.999999 2.119999 4.880002
v 0.880001 2.879999 -2.999998
v 0.880001 2.999999 -2.879997
v 1.000001 2.879999 -2.879997
v 0.880001 1.999999 -2.879997
v 0.880001 2.119999 -2.999998
v 1.000001 2.119999 -2.879997
v 1.000001 2.879999 0.880001
v 0.880001 2.999999 0.880001
v 0.880001 2.879999 1.000002
v 1.000001 2.119999 0.880001
v 0.880001 2.119999 1.000002
v 0.880001 1.999999 0.880001
v -0.879999 2.879999 -2.999998
v -0.999999 2.879999 -2.879997
v -0.879999 2.999999 -2.879997
v -0.999999 2.119999 -2.879997
v -0.879999 2.119999 -2.999998
v -0.879999 1.999999 -2.879997
v -0.999999 2.879999 0.880001
v -0.879999 2.879999 1.000002
v -0.879999 2.999999 0.880001
v -0.879999 1.999999 0.880001
v -0.879999 2.119999 1.000002
v -0.999999 2.119999 0.880001
v 0.880001 2.879999 -6.999996
v 0.880001 2.999999 -6.879995
v 1.000001 2.879999 -6.879995
v 0.880001 1.999999 -6.879995
v 0.880001 2.119999 -6.999996
v 1.000001 2.119999 -6.879995
v 1.000001 2.879999 -3.119997
v 0.880001 2.999999 -3.119997
v 0.880001 2.879999 -2.999996
v 1.000001 2.119999 -3.119997
v 0.880001 2.119999 -2.999996
v 0.880001 1.999999 -3.119997
v -0.879999 2.879999 -6.999996
v -0.999999 2.879999 -6.879995
v -0.879999 2.999999 -6.879995
v -0.999999 2.119999 -6.879995
v -0.879999 2.119999 -6.999996
v -0.879999 1.999999 -6.879995
v -0.999999 2.879999 -3.119997
v -0.879999 2.879999 -2.999996
v -0.879999 2.999999 -3.119997
v -0.879999 1.999999 -3.119997
v -0.879999 2.119999 -2.999996
v -0.999999 2.119999 -3.119997
v 0.880001 2.879999 -10.999996
v 0.880001 2.999999 -10.879995
v 1.000001 2.879999 -10.879995
v 0.880001 1.999999 -10.879995
v 0.880001 2.119999 -10.999996
v 1.000001 2.119999 -10.879995
v 1.000001 2.879999 -7.119997
v 0.880001 2.999999 -7.119997
v 0.880001 2.879999 -6.999996
v 1.000001 2.119999 -7.119997
v 0.880001 2.119999 -6.999996
v 0.880001 1.999999 -7.119997
v -0.879999 2.879999 -10.999996
v -0.999999 2.879999 -10.879995
v -0.879999 2.999999 -10.879995
v -0.999999 2.119999 -10.879995
v -0.879999 2.119999 -10.999996
v -0.879999 1.999999 -10.879995
v -0.999999 2.879999 -7.119997
v -0.879999 2.879999 -6.999996
v -0.879999 2.999999 -7.119997
v -0.879999 1.999999 -7.119997
v -0.879999 2.119999 -6.999996
v -0.999999 2.119999 -7.119997
v 0.880001 2.879999 -14.999996
v 0.880001 2.999999 -14.879997
v 1.000001 2.879999 -14.879997
v 0.880001 1.999999 -14.879997
v 0.880001 2.119999 -14.999996
v 1.000001 2.119999 -14.879997
v 1.000001 2.879999 -11.119997
v 0.880001 2.999999 -11.119997
v 0.880001 2.879999 -10.999996
v 1.000001 2.119999 -11.119997
v 0.880001 2.119999 -10.999996
v 0.880001 1.999999 -11.119997
v -0.879999 2.879999 -14.999996
v -0.999999 2.879999 -14.879997
v -0.879999 2.999999 -14.879997
v -0.999999 2.119999 -14.879997
v -0.879999 2.119999 -14.999996
v -0.879999 1.999999 -14.879997
v -0.999999 2.879999 -11.119997
v -0.879999 2.879999 -10.999996
v -0.879999 2.999999 -11.119997
v -0.879999 1.999999 -11.119997
v -0.879999 2.119999 -10.999996
v -0.999999 2.119999 -11.119997
v 0.880001 2.879999 -18.999996
v 0.880001 2.999999 -18.879997
v 1.000001 2.879999 -18.879997
v 0.880001 1.999999 -18.879997
v 0.880001 2.119999 -18.999996
v 1.000001 2.119999 -18.879997
v 1.000001 2.879999 -15.119995
v 0.880001 2.999999 -15.119995
v 0.880001 2.879999 -14.999996
v 1.000001 2.119999 -15.119995
v 0.880001 2.119999 -14.999996
v 0.880001 1.999999 -15.119995
v -0.879999 2.879999 -18.999996
v -0.999999 2.879999 -18.879997
v -0.879999 2.999999 -18.879997
v -0.999999 2.119999 -18.879997
v -0.879999 2.119999 -18.999996
v -0.879999 1.999999 -18.879997
v -0.999999 2.879999 -15.119995
v -0.879999 2.879999 -14.999996
v -0.879999 2.999999 -15.119995
v -0.879999 1.999999 -15.119995
v -0.879999 2.119999 -14.999996
v -0.999999 2.119999 -15.119995
v 0.880001 3.879999 15.000000
v 0.880001 3.999999 15.120000
v 1.000001 3.879999 15.120000
v 0.880001 2.999999 15.120000
v 0.880001 3.119999 15.000000
v 1.000001 3.119999 15.120000
v 1.000001 3.879999 18.879999
v 0.880001 3.999999 18.879999
v 0.880001 3.879999 19.000000
v 1.000001 3.119999 18.879999
v 0.880001 3.119999 19.000000
v 0.880001 2.999999 18.879999
v -0.879999 3.879999 15.000000
v -0.999999 3.879999 15.120000
v -0.879999 3.999999 15.120000
v -0.999999 3.119999 15.120000
v -0.879999 3.119999 15.000000
v -0.879999 2.999999 15.120000
v -0.999999 3.879999 18.879999
v -0.879999 3.879999 19.000000
v -0.879999 3.999999 18.879999
v -0.879999 2.999999 18.879999
v -0.879999 3.119999 19.000000
v -0.999999 3.119999 18.879999
v 0.880001 3.879999 11.000000
v 0.880001 3.999999 11.120001
v 1.000001 3.879999 11.120001
v 0.880001 2.999999 11.120001
v 0.880001 3.119999 11.000000
v 1.000001 3.119999 11.120001
v 1.000001 3.879999 14.880001
v 0.880001 3.999999 14.880001
v 0.880001 3.879999 15.000000
v 1.000001 3.119999 14.880001
v 0.880001 3.119999 15.000000
v 0.880001 2.999999 14.880001
v -0.879999 3.879999 11.000000
v -0.999999 3.879999 11.120001
v -0.879999 3.999999 11.120001
v -0.999999 3.119999 11.120001
v -0.879999 3.119999 11.000000
v -0.879999 2.999999 11.120001
v -0.999999 3.879999 14.880001
v -0.879999 3.879999 15.000000
v -0.879999 3.999999 14.880001
v -0.879999 2.999999 14.880001
v -0.879999 3.119999 15.000000
v -0.999999 3.119999 14.880001
v 0.880001 3.879999 7.000001
v 0.880001 3.999999 7.120001
v 1.000001 3.879999 7.120001
v 0.880001 2.999999 7.120001
v 0.880001 3.119999 7.000001
v 1.000001 3.119999 7.120001
v 1.000001 3.879999 10.880001
v 0.880001 3.999999 10.880001
v 0.880001 3.879999 11.000001
v 1.000001 3.119999 10.880001
v 0.880001 3.119999 11.000001
v 0.880001 2.999999 10.880001
v -0.879999 3.879999 7.000001
v -0.999999 3.879999 7.120001
v -0.879999 3.999999 7.120001
v -0.999999 3.119999 7.120001
v -0.879999 3.119999 7.000001
v -0.879999 2.999999 7.120001
v -0.999999 3.879999 10.880001
v -0.879999 3.879999 11.000001
v -0.879999 3.999999 10.880001
v -0.879999 2.999999 10.880001
v -0.879999 3.119999 11.000001
v -0.999999 3.119999 10.880001
v 0.880001 3.879999 3.000002
v 0.880001 3.999999 3.120002
v 1.000001 3.879999 3.120002
v 0.880001 2.999999 3.120002
v 0.880001 3.119999 3.000002
v 1.000001 3.119999 3.120002
v 1.000001 3.879999 6.880002
v 0.880001 3.999999 6.880002
v 0.880001 3.879999 7.000002
v 1.000001 3.119999 6.880002
v 0.880001 3.119999 7.000002
v 0.880001 2.999999 6.880002
v -0.879999 3.879999 3.000002
v -0.999999 3.879999 3.120002
v -0.879999 3.999999 3.120002
v -0.999999 3.119999 3.120002
v -0.879999 3.119999 3.000002
v -0.879999 2.999999 3.120002
v -0.999999 3.879999 6.880002
v -0.879999 3.879999 7.000002
v -0.879999 3.999999 6.880002
v -0.879999 2.999999 6.880002
v -0.879999 3.119999 7.000002
v -0.999999 3.119999 6.880002
v 0.880001 3.879999 -0.999998
v 0.880001 3.999999 -0.879997
v 1.000001 3.879999 -0.879997
v 0.880001 2.999999 -0.879997
v 0.880001 3.119999 -0.999998
v 1.000001 3.119999 -0.879997
v 1.000001 3.879999 2.880001
v 0.880001 3.999999 2.880001
v 0.880001 3.879999 3.000002
v 1.000001 3.119999 2.880001
v 0.880001 3.119999 3.000002
v 0.880001 2.999999 2.880001
v -0.879999 3.879999 -0.999998
v -0.999999 3.879999 -0.879997
v -0.879999 3.999999 -0.879997
v -0.999999 3.119999 -0.879997
v -0.879999 3.119999 -0.999998
v -0.879999 2.999999 -0.879997
v -0.999999 3.879999 2.880001
v -0.879999 3.879999 3.000002
v -0.879999 3.999999 2.880001
v -0.879999 2.999999 2.880001
v -0.879999 3.119999 3.000002
v -0.999999 3.119999 2.880001
v 0.880001 3.879999 -4.999998
v 0.880001 3.999999 -4.879997
v 1.000001 3.879999 -4.879997
v 0.880001 2.999999 -4.879997
v 0.880001 3.119999 -4.999998
v 1.000001 3.119999 -4.879997
v 1.000001 3.879999 -1.119999
v 0.880001 3.999999 -1.119999
v 0.880001 3.879999 -0.999998
v 1.000001 3.119999 -1.119999
v 0.880001 3.119999 -0.999998
v 0.880001 2.999999 -1.119999
v -0.879999 3.879999 -4.999998
v -0.999999 3.879999 -4.879997
v -0.879999 3.999999 -4.879997
v -0.999999 3.119999 -4.879997
v -0.879999 3.119999 -4.999998
v -0.879999 2.999999 -4.879997
v -0.999999 3.879999 -1.119999
v -0.879999 3.879999 -0.999998
v -0.879999 3.999999 -1.119999
v -0.879999 2.999999 -1.119999
v -0.879999 3.119999 -0.999998
v -0.999999 3.119999 -1.119999
v 0.880001 3.879999 -8.999996
v 0.880001 3.999999 -8.879995
v 1.000001 3.879999 -8.879995
v 0.880001 2.999999 -8.879995
v 0.880001 3.119999 -8.999996
v 1.000001 3.119999 -8.879995
v 1.000001 3.879999 -5.119997
v 0.880001 3.999999 -5.119997
v 0.880001 3.879999 -4.999996
v 1.000001 3.119999 -5.119997
v 0.880001 3.119999 -4.999996
v 0.880001 2.999999 -5.119997
v -0.879999 3.879999 -8.999996
v -0.999999 3.879999 -8.879995
v -0.879999 3.999999 -8.879995
v -0.999999 3.119999 -8.879995
v -0.879999 3.119999 -8.999996
v -0.879999 2.999999 -8.879995
v -0.999999 3.879999 -5.119997
v -0.879999 3.879999 -4.999996
v -0.879999 3.999999 -5.119997
v -0.879999 2.999999 -5.119997
v -0.879999 3.119999 -4.999996
v -0.999999 3.119999 -5.119997
v 0.880001 3.879999 -12.999996
v 0.880001 3.999999 -12.879995
v 1.000001 3.879999 -12.879995
v 0.880001 2.999999 -12.879995
v 0.880001 3.119999 -12.999996
v 1.000001 3.119999 -12.879995
v 1.000001 3.879999 -9.119997
v 0.880001 3.999999 -9.119997
v 0.880001 3.879999 -8.999996
v 1.000001 3.119999 -9.119997
v 0.880001 3.119999 -8.999996
v 0.880001 2.999999 -9.119997
v -0.879999 3.879999 -12.999996
v -0.999999 3.879999 -12.879995
v -0.879999 3.999999 -12.879995
v -0.999999 3.119999 -12.879995
v -0.879999 3.119999 -12.999996
v -0.879999 2.999999 -12.879995
v -0.999999 3.879999 -9.119997
v -0.879999 3.879999 -8.999996
v -0.879999 3.999999 -9.119997
v -0.879999 2.999999 -9.119997
v -0.879999 3.119999 -8.999996
v -0.999999 3.119999 -9.119997
v 0.880001 3.879999 -16.999996
v 0.880001 3.999999 -16.879997
v 1.000001 3.879999 -16.879997
v 0.880001 2.999999 -16.879997
v 0.880001 3.119999 -16.999996
v 1.000001 3.119999 -16.879997
v 1.000001 3.879999 -13.119995
v 0.880001 3.999999 -13.119995
v 0.880001 3.879999 -12.999996
v 1.000001 3.119999 -13.119995
v 0.880001 3.119999 -12.999996
v 0.880001 2.999999 -13.119995
v -0.879999 3.879999 -16.999996
v -0.999999 3.879999 -16.879997
v -0.879999 3.999999 -16.879997
v -0.999999 3.119999 -16.879997
v -0.879999 3.119999 -16.999996
v -0.879999 2.999999 -16.879997
v -0.999999 3.879999 -13.119995
v -0.879999 3.879999 -12.999996
v -0.879999 3.999999 -13.119995
v -0.879999 2.999999 -13.119995
v -0.879999 3.119999 -12.999996
v -0.999999 3.119999 -13.119995
v 1.000001 3.879999 -17.119995
v 0.880001 3.999999 -17.119995
v 0.880001 3.879999 -16.999996
v 1.000001 3.119999 -17.119995
v 0.880001 3.119999 -16.999996
v 0.880001 2.999999 -17.119995
v -0.999999 3.879999 -17.119995
v -0.879999 3.879999 -16.999996
v -0.879999 3.999999 -17.119995
v -0.879999 2.999999 -17.119995
v -0.879999 3.119999 -16.999996
v -0.999999 3.119999 -17.119995
v 1.000001 4.879999 17.120001
v 0.880001 4.879999 17.000000
v 0.880001 4.999999 17.120001
v 0.880001 3.999999 17.120001
v 0.880001 4.119999 17.000000
v 1.000001 4.119999 17.120001
v -0.879999 4.879999 17.000000
v -0.999999 4.879999 17.120001
v -0.879999 4.999999 17.120001
v -0.879999 3.999999 17.120001
v -0.999999 4.119999 17.120001
v -0.879999 4.119999 17.000000
v 0.880001 4.879999 13.000000
v 0.880001 4.999999 13.120001
v 1.000001 4.879999 13.120001
v 0.880001 3.999999 13.120001
v 0.880001 4.119999 13.000000
v 1.000001 4.119999 13.120001
v 1.000001 4.879999 16.880001
v 0.880001 4.999999 16.880001
v 0.880001 4.879999 17.000000
v 1.000001 4.119999 16.880001
v 0.880001 4.119999 17.000000
v 0.880001 3.999999 16.880001
v -0.879999 4.879999 13.000000
v -0.999999 4.879999 13.120001
v -0.879999 4.999999 13.120001
v -0.999999 4.119999 13.120001
v -0.879999 4.119999 13.000000
v -0.879999 3.999999 13.120001
v -0.999999 4.879999 16.880001
v -0.879999 4.879999 17.000000
v -0.879999 4.999999 16.880001
v -0.879999 3.999999 16.880001
v -0.879999 4.119999 17.000000
v -0.999999 4.119999 16.880001
v 0.880001 4.879999 9.000001
v 0.880001 4.999999 9.120001
v 1.000001 4.879999 9.120001
v 0.880001 3.999999 9.120001
v 0.880001 4.119999 9.000001
v 1.000001 4.119999 9.120001
v 1.000001 4.879999 12.880001
v 0.880001 4.999999 12.880001
v 0.880001 4.879999 13.000001
v 1.000001 4.119999 12.880001
v 0.880001 4.119999 13.000001
v 0.880001 3.999999 12.880001
v -0.879999 4.879999 9.000001
v -0.999999 4.879999 9.120001
v -0.879999 4.999999 9.120001
v -0.999999 4.119999 9.120001
v -0.879999 4.119999 9.000001
v -0.879999 3.999999 9.120001
v -0.999999 4.879999 12.880001
v -0.879999 4.879999 13.000001
v -0.879999 4.999999 12.880001
v -0.879999 3.999999 12.880001
v -0.879999 4.119999 13.000001
v -0.999999 4.119999 12.880001
v 0.880001 4.879999 5.000002
v 0.880001 4.999999 5.120002
v 1.000001 4.879999 5.120002
v 0.880001 3.999999 5.120002
v 0.880001 4.119999 5.000002
v 1.000001 4.119999 5.120002
v 1.000001 4.879999 8.880002
v 0.880001 4.999999 8.880002
v 0.880001 4.879999 9.000002
v 1.000001 4.119999 8.880002
v 0.880001 4.119999 9.000002
v 0.880001 3.999999 8.880002
v -0.879999 4.879999 5.000002
v -0.999999 4.879999 5.120002
v -0.879999 4.999999 5.120002
v -0.999999 4.119999 5.120002
v -0.879999 4.119999 5.000002
v -0.879999 3.999999 5.120002
v -0.999999 4.879999 8.880002
v -0.879999 4.879999 9.000002
v -0.879999 4.999999 8.880002
v -0.879999 3.999999 8.880002
v -0.879999 4.119999 9.000002
v -0.999999 4.119999 8.880002
v 0.880001 4.879999 1.000002
v 0.880001 4.999999 1.120003
v 1.000001 4.879999 1.120003
v 0.880001 3.999999 1.120003
v 0.880001 4.119999 1.000002
v 1.000001 4.119999 1.120003
v 1.000001 4.879999 4.880002
v 0.880001 4.999999 4.880002
v 0.880001 4.879999 5.000002
v 1.000001 4.119999 4.880002
v 0.880001 4.119999 5.000002
v 0.880001 3.999999 4.880002
v -0.879999 4.879999 1.000002
v -0.999999 4.879999 1.120003
v -0.879999 4.999999 1.120003
v -0.999999 4.119999 1.120003
v -0.879999 4.119999 1.000002
v -0.879999 3.999999 1.120003
v -0.999999 4.879999 4.880002
v -0.879999 4.879999 5.000002
v -0.879999 4.999999 4.880002
v -0.879999 3.999999 4.880002
v -0.879999 4.119999 5.000002
v -0.999999 4.119999 4.880002
v 0.880001 4.879999 -2.999998
v 0.880001 4.999999 -2.879997
v 1.000001 4.879999 -2.879997
v 0.880001 3.999999 -2.879997
v 0.880001 4.119999 -2.999998
v 1.000001 4.119999 -2.879997
v 1.000001 4.879999 0.880001
v 0.880001 4.999999 0.880001
v 0.880001 4.879999 1.000002
v 1.000001 4.119999 0.880001
v 0.880001 4.119999 1.000002
v 0.880001 3.999999 0.880001
v -0.879999 4.879999 -2.999998
v -0.999999 4.879999 -2.879997
v -0.879999 4.999999 -2.879997
v -0.999999 4.119999 -2.879997
v -0.879999 4.119999 -2.999998
v -0.879999 3.999999 -2.879997
v -0.999999 4.879999 0.880001
v -0.879999 4.879999 1.000002
v -0.879999 4.999999 0.880001
v -0.879999 3.999999 0.880001
v -0.879999 4.119999 1.000002
v -0.999999 4.119999 0.880001
v 0.880001 4.879999 -6.999996
v 0.880001 4.999999 -6.879995
v 1.000001 4.879999 -6.879995
v 0.880001 3.999999 -6.879995
v 0.880001 4.119999 -6.999996
v 1.000001 4.119999 -6.879995
v 1.000001 4.879999 -3.119997
v 0.880001 4.999999 -3.119997
v 0.880001 4.879999 -2.999996
v 1.000001 4.119999 -3.119997
v 0.880001 4.119999 -2.999996
v 0.880001 3.999999 -3.119997
v -0.879999 4.879999 -6.999996
v -0.999999 4.879999 -6.879995
v -0.879999 4.999999 -6.879995
v -0.999999 4.119999 -6.879995
v -0.879999 4.119999 -6.999996
v -0.879999 3.999999 -6.879995
v -0.999999 4.879999 -3.119997
v -0.879999 4.879999 -2.999996
v -0.879999 4.999999 -3.119997
v -0.879999 3.999999 -3.119997
v -0.879999 4.119999 -2.999996
v -0.999999 4.119999 -3.119997
v 0.880001 4.879999 -10.999996
v 0.880001 4.999999 -10.879995
v 1.000001 4.879999 -10.879995
v 0.880001 3.999999 -10.879995
v 0.880001 4.119999 -10.999996
v 1.000001 4.119999 -10.879995
v 1.000001 4.879999 -7.119997
v 0.880001 4.999999 -7.119997
v 0.880001 4.879999 -6.999996
v 1.000001 4.119999 -7.119997
v 0.880001 4.119999 -6.999996
v 0.880001 3.999999 -7.119997
v -0.879999 4.879999 -10.999996
v -0.999999 4.879999 -10.879995
v -0.879999 4.999999 -10.879995
v -0.999999 4.119999 -10.879995
v -0.879999 4.119999 -10.999996
v -0.879999 3.999999 -10.879995
v -0.999999 4.879999 -7.119997
v -0.879999 4.879999 -6.999996
v -0.879999 4.999999 -7.119997
v -0.879999 3.999999 -7.119997
v -0.879999 4.119999 -6.999996
v -0.999999 4.119999 -7.119997
v 0.880001 4.879999 -14.999996
v 0.880001 4.999999 -14.879997
v 1.000001 4.879999 -14.879997
v 0.880001 3.999999 -14.879997
v 0.880001 4.119999 -14.999996
v 1.000001 4.119999 -14.879997
v 1.000001 4.879999 -11.119997
v 0.880001 4.999999 -11.119997
v 0.880001 4.879999 -10.999996
v 1.000001 4.119999 -11.119997
v 0.880001 4.119999 -10.999996
v 0.880001 3.999999 -11.119997
v -0.879999 4.879999 -14.999996
v -0.999999 4.879999 -14.879997
v -0.879999 4.999999 -14.879997
v -0.999999 4.119999 -14.879997
v -0.879999 4.119999 -14.999996
v -0.879999 3.999999 -14.879997
v -0.999999 4.879999 -11.119997
v -0.879999 4.879999 -10.999996
v -0.879999 4.999999 -11.119997
v -0.879999 3.999999 -11.119997
v -0.879999 4.119999 -10.999996
v -0.999999 4.119999 -11.119997
v 0.880001 4.879999 -18.999996
v 0.880001 4.999999 -18.879997
v 1.000001 4.879999 -18.879997
v 0.880001 3.999999 -18.879997
v 0.880001 4.119999 -18.999996
v 1.000001 4.119999 -18.879997
v 1.000001 4.879999 -15.119995
v 0.880001 4.999999 -15.119995
v 0.880001 4.879999 -14.999996
v 1.000001 4.119999 -15.119995
v 0.880001 4.119999 -14.999996
v 0.880001 3.999999 -15.119995
v -0.879999 4.879999 -18.999996
v -0.999999 4.879999 -18.879997
v -0.879999 4.999999 -18.879997
v -0.999999 4.119999 -18.879997
v -0.879999 4.119999 -18.999996
v -0.879999 3.999999 -18.879997
v -0.999999 4.879999 -15.119995
v -0.879999 4.879999 -14.999996
v -0.879999 4.999999 -15.119995
v -0.879999 3.999999 -15.119995
v -0.879999 4.119999 -14.999996
v -0.999999 4.119999 -15.119995
v 0.880001 5.879999 15.000000
v 0.880001 5.999999 15.120000
v 1.000001 5.879999 15.120000
v 0.880001 4.999999 15.120000
v 0.880001 5.119999 15.000000
v 1.000001 5.119999 15.120000
v 1.000001 5.879999 18.879999
v 0.880001 5.999999 18.879999
v 0.880001 5.879999 19.000000
v 1.000001 5.119999 18.879999
v 0.880001 5.119999 19.000000
v 0.880001 4.999999 18.879999
v -0.879999 5.879999 15.000000
v -0.999999 5.879999 15.120000
v -0.879999 5.999999 15.120000
v -0.999999 5.119999 15.120000
v -0.879999 5.119999 15.000000
v -0.879999 4.999999 15.120000
v -0.999999 5.879999 18.879999
v -0.879999 5.879999 19.000000
v -0.879999 5.999999 18.879999
v -0.879999 4.999999 18.879999
v -0.879999 5.119999 19.000000
v -0.999999 5.119999 18.879999
v 0.880001 5.879999 11.000000
v 0.880001 5.999999 11.120001
v 1.000001 5.879999 11.120001
v 0.880001 4.999999 11.120001
v 0.880001 5.119999 11.000000
v 1.000001 5.119999 11.120001
v 1.000001 5.879999 14.880001
v 0.880001 5.999999 14.880001
v 0.880001 5.879999 15.000000
v 1.000001 5.119999 14.880001
v 0.880001 5.119999 15.000000
v 0.880001 4.999999 14.880001
v -0.879999 5.879999 11.000000
v -0.999999 5.879999 11.120001
v -0.879999 5.999999 11.120001
v -0.999999 5.119999 11.120001
v -0.879999 5.119999 11.000000
v -0.879999 4.999999 11.120001
v -0.999999 5.879999 14.880001
v -0.879999 5.879999 15.000000
v -0.879999 5.999999 14.880001
v -0.879999 4.999999 14.880001
v -0.879999 5.119999 15.000000
v -0.999999 5.119999 14.880001
v 0.880001 5.879999 7.000001
v 0.880001 5.999999 7.120001
v 1.000001 5.879999 7.120001
v 0.880001 4.999999 7.120001
v 0.880001 5.119999 7.000001
v 1.000001 5.119999 7.120001
v 1.000001 5.879999 10.880001
v 0.880001 5.999999 10.880001
v 0.880001 5.879999 11.000001
v 1.000001 5.119999 10.880001
v 0.880001 5.119999 11.000001
v 0.880001 4.999999 10.880001
v -0.879999 5.879999 7.000001
v -0.999999 5.879999 7.120001
v -0.879999 5.999999 7.120001
v -0.999999 5.119999 7.120001
v -0.879999 5.119999 7.000001
v -0.879999 4.999999 7.120001
v -0.999999 5.879999 10.880001
v -0.879999 5.879999 11.000001
v -0.879999 5.999999 10.880001
v -0.879999 4.999999 10.880001
v -0.879999 5.119999 11.000001
v -0.999999 5.119999 10.880001
v 0.880001 5.879999 3.000002
v 0.880001 5.999999 3.120002
v 1.000001 5.879999 3.120002
v 0.880001 4.999999 3.120002
v 0.880001 5.119999 3.000002
v 1.000001 5.119999 3.120002
v 1.000001 5.879999 6.880002
v 0.880001 5.999999 6.880002
v 0.880001 5.879999 7.000002
v 1.000001 5.119999 6.880002
v 0.880001 5.119999 7.000002
v 0.880001 4.999999 6.880002
v -0.879999 5.879999 3.000002
v -0.999999 5.879999 3.120002
v -0.879999 5.999999 3.120002
v -0.999999 5.119999 3.120002
v -0.879999 5.119999 3.000002
v -0.879999 4.999999 3.120002
v -0.999999 5.879999 6.880002
v -0.879999 5.879999 7.000002
v -0.879999 5.999999 6.880002
v -0.879999 4.999999 6.880002
v -0.879999 5.119999 7.000002
v -0.999999 5.119999 6.880002
v 0.880001 5.879999 -0.999998
v 0.880001 5.999999 -0.879997
v 1.000001 5.879999 -0.879997
v 0.880001 4.999999 -0.879997
v 0.880001 5.119999 -0.999998
v 1.000001 5.119999 -0.879997
v 1.000001 5.879999 2.880001
v 0.880001 5.999999 2.880001
v 0.880001 5.879999 3.000002
v 1.000001 5.119999 2.880001
v 0.880001 5.119999 3.000002
v 0.880001 4.999999 2.880001
v -0.879999 5.879999 -0.999998
v -0.999999 5.879999 -0.879997
v -0.879999 5.999999 -0.879997
v -0.999999 5.119999 -0.879997
v -0.879999 5.119999 -0.999998
v -0.879999 4.999999 -0.879997
v -0.999999 5.879999 2.880001
v -0.879999 5.879999 3.000002
v -0.879999 5.999999 2.880001
v -0.879999 4.999999 2.880001
v -0.879999 5.119999 3.000002
v -0.999999 5.119999 2.880001
v 0.880001 5.879999 -4.999998
v 0.880001 5.999999 -4.879997
v 1.000001 5.879999 -4.879997
v 0.880001 4.999999 -4.879997
v 0.880001 5.119999 -4.999998
v 1.000001 5.119999 -4.879997
v 1.000001 5.879999 -1.119999
v 0.880001 5.999999 -1.119999
v 0.880001 5.879999 -0.999998
v 1.000001 5.119999 -1.119999
v 0.880001 5.119999 -0.999998
v 0.880001 4.999999 -1.119999
v -0.879999 5.879999 -4.999998
v -0.999999 5.879999 -4.879997
v -0.879999 5.999999 -4.879997
v -0.999999 5.119999 -4.879997
v -0.879999 5.119999 -4.999998
v -0.879999 4.999999 -4.879997
v -0.999999 5.879999 -1.119999
v -0.879999 5.879999 -0.999998
v -0.879999 5.999999 -1.119999
v -0.879999 4.999999 -1.119999
v -0.879999 5.119999 -0.999998
v -0.999999 5.119999 -1.119999
v 0.880001 5.879999 -8.999996
v 0.880001 5.999999 -8.879995
v 1.000001 5.879999 -8.879995
v 0.880001 4.999999 -8.879995
v 0.880001 5.119999 -8.999996
v 1.000001 5.119999 -8.879995
v 1.000001 5.879999 -5.119997
v 0.880001 5.999999 -5.119997
v 0.880001 5.879999 -4.999996
v 1.000001 5.119999 -5.119997
v 0.880001 5.119999 -4.999996
v 0.880001 4.999999 -5.119997
v -0.879999 5.879999 -8.999996
v -0.999999 5.879999 -8.879995
v -0.879999 5.999999 -8.879995
v -0.999999 5.119999 -8.879995
v -0.879999 5.119999 -8.999996
v -0.879999 4.999999 -8.879995
v -0.999999 5.879999 -5.119997
v -0.879999 5.879999 -4.999996
v -0.879999 5.999999 -5.119997
v -0.879999 4.999999 -5.119997
v -0.879999 5.119999 -4.999996
v -0.999999 5.119999 -5.119997
v 0.880001 5.879999 -12.999996
v 0.880001 5.999999 -12.879995
v 1.000001 5.879999 -12.879995
v 0.880001 4.999999 -12.879995
v 0.880001 5.119999 -12.999996
v 1.000001 5.119999 -12.879995
v 1.000001 5.879999 -9.119997
v 0.880001 5.999999 -9.119997
v 0.880001 5.879999 -8.999996
v 1.000001 5.119999 -9.119997
v 0.880001 5.119999 -8.999996
v 0.880001 4.999999 -9.119997
v -0.879999 5.879999 -12.999996
v -0.999999 5.879999 -12.879995
v -0.879999 5.999999 -12.879995
v -0.999999 5.119999 -12.879995
v -0.879999 5.119999 -12.999996
v -0.879999 4.999999 -12.879995
v -0.999999 5.879999 -9.119997
v -0.879999 5.879999 -8.999996
v -0.879999 5.999999 -9.119997
v -0.879999 4.999999 -9.119997
v -0.879999 5.119999 -8.999996
v -0.999999 5.119999 -9.119997
v 0.880001 5.879999 -16.999996
v 0.880001 5.999999 -16.879997
v 1.000001 5.879999 -16.879997
v 0.880001 4.999999 -16.879997
v 0.880001 5.119999 -16.999996
v 1.000001 5.119999 -16.879997
v 1.000001 5.879999 -13.119995
v 0.880001 5.999999 -13.119995
v 0.880001 5.879999 -12.999996
v 1.000001 5.119999 -13.119995
v 0.880001 5.119999 -12.999996
v 0.880001 4.999999 -13.119995
v -0.879999 5.879999 -16.999996
v -0.999999 5.879999 -16.879997
v -0.879999 5.999999 -16.879997
v -0.999999 5.119999 -16.879997
v -0.879999 5.119999 -16.999996
v -0.879999 4.999999 -16.879997
v -0.999999 5.879999 -13.119995
v -0.879999 5.879999 -12.999996
v -0.879999 5.999999 -13.119995
v -0.879999 4.999999 -13.119995
v -0.879999 5.119999 -12.999996
v -0.999999 5.119999 -13.119995
v 1.000001 5.879999 -17.119995
v 0.880001 5.999999 -17.119995
v 0.880001 5.879999 -16.999996
v 1.000001 5.119999 -17.119995
v 0.880001 5.119999 -16.999996
v 0.880001 4.999999 -17.119995
v -0.999999 5.879999 -17.119995
v -0.879999 5.879999 -16.999996
v -0.879999 5.999999 -17.119995
v -0.879999 4.999999 -17.119995
v -0.879999 5.119999 -16.999996
v -0.999999 5.119999 -17.119995
v 1.000001 6.879999 17.120001
v 0.880001 6.879999 17.000000
v 0.880001 6.999999 17.120001
v 0.880001 5.999999 17.120001
v 0.880001 6.119999 17.000000
v 1.000001 6.119999 17.120001
v -0.879999 6.879999 17.000000
v -0.999999 6.879999 17.120001
v -0.879999 6.999999 17.120001
v -0.879999 5.999999 17.120001
v -0.999999 6.119999 17.120001
v -0.879999 6.119999 17.000000
v 0.880001 6.879999 13.000000
v 0.880001 6.999999 13.120001
v 1.000001 6.879999 13.120001
v 0.880001 5.999999 13.120001
v 0.880001 6.119999 13.000000
v 1.000001 6.119999 13.120001
v 1.000001 6.879999 16.880001
v 0.880001 6.999999 16.880001
v 0.880001 6.879999 17.000000
v 1.000001 6.119999 16.880001
v 0.880001 6.119999 17.000000
v 0.880001 5.999999 16.880001
v -0.879999 6.879999 13.000000
v -0.999999 6.879999 13.120001
v -0.879999 6.999999 13.120001
v -0.999999 6.119999 13.120001
v -0.879999 6.119999 13.000000
v -0.879999 5.999999 13.120001
v -0.999999 6.879999 16.880001
v -0.879999 6.879999 17.000000
v -0.879999 6.999999 16.880001
v -0.879999 5.999999 16.880001
v -0.879999 6.119999 17.000000
v -0.999999 6.119999 16.880001
v 0.880001 6.879999 9.000001
v 0.880001 6.999999 9.120001
v 1.000001 6.879999 9.120001
v 0.880001 5.999999 9.120001
v 0.880001 6.119999 9.000001
v 1.000001 6.119999 9.120001
v 1.000001 6.879999 12.880001
v 0.880001 6.999999 12.880001
v 0.880001 6.879999 13.000001
v 1.000001 6.119999 12.880001
v 0.880001 6.119999 13.000001
v 0.880001 5.999999 12.880001
v -0.879999 6.879999 9.000001
v -0.999999 6.879999 9.120001
v -0.879999 6.999999 9.120001
v -0.999999 6.119999 9.120001
v -0.879999 6.119999 9.000001
v -0.879999 5.999999 9.120001
v -0.999999 6.879999 12.880001
v -0.879999 6.879999 13.000001
v -0.879999 6.999999 12.880001
v -0.879999 5.999999 12.880001
v -0.879999 6.119999 13.000001
v -0.999999 6.119999 12.880001
v 0.880001 6.879999 5.000002
v 0.880001 6.999999 5.120002
v 1.000001 6.879999 5.120002
v 0.880001 5.999999 5.120002
v 0.880001 6.119999 5.000002
v 1.000001 6.119999 5.120002
v 1.000001 6.879999 8.880002
v 0.880001 6.999999 8.880002
v 0.880001 6.879999 9.000002
v 1.000001 6.119999 8.880002
v 0.880001 6.119999 9.000002
v 0.880001 5.999999 8.880002
v -0.879999 6.879999 5.000002
v -0.999999 6.879999 5.120002
v -0.879999 6.999999 5.120002
v -0.999999 6.119999 5.120002
v -0.879999 6.119999 5.000002
v -0.879999 5.999999 5.120002
v -0.999999 6.879999 8.880002
v -0.879999 6.879999 9.000002
v -0.879999 6.999999 8.880002
v -0.879999 5.999999 8.880002
v -0.879999 6.119999 9.000002
v -0.999999 6.119999 8.880002
v 0.880001 6.879999 1.000002
v 0.880001 6.999999 1.120003
v 1.000001 6.879999 1.120003
v 0.880001 5.999999 1.120003
v 0.880001 6.119999 1.000002
v 1.000001 6.119999 1.120003
v 1.000001 6.879999 4.880002
v 0.880001 6.999999 4.880002
v 0.880001 6.879999 5.000002
v 1.000001 6.119999 4.880002
v 0.880001 6.119999 5.000002
v 0.880001 5.999999 4.880002
v -0.879999 6.879999 1.000002
v -0.999999 6.879999 1.120003
v -0.879999 6.999999 1.120003
v -0.999999 6.119999 1.120003
v -0.879999 6.119999 1.000002
v -0.879999 5.999999 1.120003
v -0.999999 6.879999 4.880002
v -0.879999 6.879999 5.000002
v -0.879999 6.999999 4.880002
v -0.879999 5.999999 4.880002
v -0.879999 6.119999 5.000002
v -0.999999 6.119999 4.880002
v 0.880001 6.879999 -2.999998
v 0.880001 6.999999 -2.879997
v 1.000001 6.879999 -2.879997
v 0.880001 5.999999 -2.879997
v 0.880001 6.119999 -2.999998
v 1.000001 6.119999 -2.879997
v 1.000001 6.879999 0.880001
v 0.880001 6.999999 0.880001
v 0.880001 6.879999 1.000002
v 1.000001 6.119999 0.880001
v 0.880001 6.119999 1.000002
v 0.880001 5.999999 0.880001
v -0.879999 6.879999 -2.999998
v -0.999999 6.879999 -2.879997
v -0.879999 6.999999 -2.879997
v -0.999999 6.119999 -2.879997
v -0.879999 6.119999 -2.999998
v -0.879999 5.999999 -2.879997
v -0.999999 6.879999 0.880001
v -0.879999 6.879999 1.000002
v -0.879999 6.999999 0.880001
v -0.879999 5.999999 0.880001
v -0.879999 6.119999 1.000002
v -0.999999 6.119999 0.880001
v 0.880001 6.879999 -6.999996
v 0.880001 6.999999 -6.879995
v 1.000001 6.879999 -6.879995
v 0.880001 5.999999 -6.879995
v 0.880001 6.119999 -6.999996
v 1.000001 6.119999 -6.879995
v 1.000001 6.879999 -3.119997
v 0.880001 6.999999 -3.119997
v 0.880001 6.879999 -2.999996
v 1.000001 6.119999 -3.119997
v 0.880001 6.119999 -2.999996
v 0.880001 5.999999 -3.119997
v -0.879999 6.879999 -6.999996
v -0.999999 6.879999 -6.879995
v -0.879999 6.999999 -6.879995
v -0.999999 6.119999 -6.879995
v -0.879999 6.119999 -6.999996
v -0.879999 5.999999 -6.879995
v -0.999999 6.879999 -3.119997
v -0.879999 6.879999 -2.999996
v -0.879999 6.999999 -3.119997
v -0.879999 5.999999 -3.119997
v -0.879999 6.119999 -2.999996
v -0.999999 6.119999 -3.119997
v 0.880001 6.879999 -10.999996
v 0.880001 6.999999 -10.879995
v 1.000001 6.879999 -10.879995
v 0.880001 5.999999 -10.879995
v 0.880001 6.119999 -10.999996
v 1.000001 6.119999 -10.879995
v 1.000001 6.879999 -7.119997
v 0.880001 6.999999 -7.119997
v 0.880001 6.879999 -6.999996
v 1.000001 6.119999 -7.119997
v 0.880001 6.119999 -6.999996
v 0.880001 5.999999 -7.119997
v -0.879999 6.879999 -10.999996
v -0.999999 6.879999 -10.879995
v -0.879999 6.999999 -10.879995
v -0.999999 6.119999 -10.879995
v -0.879999 6.119999 -10.999996
v -0.879999 5.999999 -10.879995
v -0.999999 6.879999 -7.119997
v -0.879999 6.879999 -6.999996
v -0.879999 6.999999 -7.119997
v -0.879999 5.999999 -7.119997
v -0.879999 6.119999 -6.999996
v -0.999999 6.119999 -7.119997
v 0.880001 6.879999 -14.999996
v 0.880001 6.999999 -14.879997
v 1.000001 6.879999 -14.879997
v 0.880001 5.999999 -14.879997
v 0.880001 6.119999 -14.999996
v 1.000001 6.119999 -14.879997
v 1.000001 6.879999 -11.119997
v 0.880001 6.999999 -11.119997
v 0.880001 6.879999 -10.999996
v 1.000001 6.119999 -11.119997
v 0.880001 6.119999 -10.999996
v 0.880001 5.999999 -11.119997
v -0.879999 6.879999 -14.999996
v -0.999999 6.879999 -14.879997
v -0.879999 6.999999 -14.879997
v -0.999999 6.119999 -14.879997
v -0.879999 6.119999 -14.999996
v -0.879999 5.999999 -14.879997
v -0.999999 6.879999 -11.119997
v -0.879999 6.879999 -10.999996
v -0.879999 6.999999 -11.119997
v -0.879999 5.999999 -11.119997
v -0.879999 6.119999 -10.999996
v -0.999999 6.119999 -11.119997
v 0.880001 6.879999 -18.999996
v 0.880001 6.999999 -18.879997
v 1.000001 6.879999 -18.879997
v 0.880001 5.999999 -18.879997
v 0.880001 6.119999 -18.999996
v 1.000001 6.119999 -18.879997
v 1.000001 6.879999 -15.119995
v 0.880001 6.999999 -15.119995
v 0.880001 6.879999 -14.999996
v 1.000001 6.119999 -15.119995
v 0.880001 6.119999 -14.999996
v 0.880001 5.999999 -15.119995
v -0.879999 6.879999 -18.999996
v -0.999999 6.879999 -18.879997
v -0.879999 6.999999 -18.879997
v -0.999999 6.119999 -18.879997
v -0.879999 6.119999 -18.999996
v -0.879999 5.999999 -18.879997
v -0.999999 6.879999 -15.119995
v -0.879999 6.879999 -14.999996
v -0.879999 6.999999 -15.119995
v -0.879999 5.999999 -15.119995
v -0.879999 6.119999 -14.999996
v -0.999999 6.119999 -15.119995
v 0.880001 7.879999 15.000000
v 0.880001 8.000000 15.120000
v 1.000001 7.879999 15.120000
v 0.880001 6.999999 15.120000
v 0.880001 7.119999 15.000000
v 1.000001 7.119999 15.120000
v 1.000001 7.879999 18.879999
v 0.880001 8.000000 18.879999
v 0.880001 7.879999 19.000000
v 1.000001 7.119999 18.879999
v 0.880001 7.119999 19.000000
v 0.880001 6.999999 18.879999
v -0.879999 7.879999 15.000000
v -0.999999 7.879999 15.120000
v -0.879999 8.000000 15.120000
v -0.999999 7.119999 15.120000
v -0.879999 7.119999 15.000000
v -0.879999 6.999999 15.120000
v -0.999999 7.879999 18.879999
v -0.879999 7.879999 19.000000
v -0.879999 8.000000 18.879999
v -0.879999 6.999999 18.879999
v -0.879999 7.119999 19.000000
v -0.999999 7.119999 18.879999
v 0.880001 7.879999 11.000000
v 0.880001 8.000000 11.120001
v 1.000001 7.879999 11.120001
v 0.880001 6.999999 11.120001
v 0.880001 7.119999 11.000000
v 1.000001 7.119999 11.120001
v 1.000001 7.879999 14.880001
v 0.880001 8.000000 14.880001
v 0.880001 7.879999 15.000000
v 1.000001 7.119999 14.880001
v 0.880001 7.119999 15.000000
v 0.880001 6.999999 14.880001
v -0.879999 7.879999 11.000000
v -0.999999 7.879999 11.120001
v -0.879999 8.000000 11.120001
v -0.999999 7.119999 11.120001
v -0.879999 7.119999 11.000000
v -0.879999 6.999999 11.120001
v -0.999999 7.879999 14.880001
v -0.879999 7.879999 15.000000
v -0.879999 8.000000 14.880001
v -0.879999 6.999999 14.880001
v -0.879999 7.119999 15.000000
v -0.999999 7.119999 14.880001
v 0.880001 7.879999 7.000001
v 0.880001 8.000000 7.120001
v 1.000001 7.879999 7.120001
v 0.880001 6.999999 7.120001
v 0.880001 7.119999 7.000001
v 1.000001 7.119999 7.120001
v 1.000001 7.879999 10.880001
v 0.880001 8.000000 10.880001
v 0.880001 7.879999 11.000001
v 1.000001 7.119999 10.880001
v 0.880001 7.119999 11.000001
v 0.880001 6.999999 10.880001
v -0.879999 7.879999 7.000001
v -0.999999 7.879999 7.120001
v -0.879999 8.000000 7.120001
v -0.999999 7.119999 7.120001
v -0.879999 7.119999 7.000001
v -0.879999 6.999999 7.120001
v -0.999999 7.879999 10.880001
v -0.879999 7.879999 11.000001
v -0.879999 8.000000 10.880001
v -0.879999 6.999999 10.880001
v -0.879999 7.119999 11.000001
v -0.999999 7.119999 10.880001
v 0.880001 7.879999 3.000002
v 0.880001 8.000000 3.120002
v 1.000001 7.879999 3.120002
v 0.880001 6.999999 3.120002
v 0.880001 7.119999 3.000002
v 1.000001 7.119999 3.120002
v 1.000001 7.879999 6.880002
v 0.880001 8.000000 6.880002
v 0.880001 7.879999 7.000002
v 1.000001 7.119999 6.880002
v 0.880001 7.119999 7.000002
v 0.880001 6.999999 6.880002
v -0.879999 7.879999 3.000002
v -0.999999 7.879999 3.120002
v -0.879999 8.000000 3.120002
v -0.999999 7.119999 3.120002
v -0.879999 7.119999 3.000002
v -0.879999 6.999999 3.120002
v -0.999999 7.879999 6.880002
v -0.879999 7.879999 7.000002
v -0.879999 8.000000 6.880002
v -0.879999 6.999999 6.880002
v -0.879999 7.119999 7.000002
v -0.999999 7.119999 6.880002
v 0.880001 7.879999 -0.999998
v 0.880001 8.000000 -0.879997
v 1.000001 7.879999 -0.879997
v 0.880001 6.999999 -0.879997
v 0.880001 7.119999 -0.999998
v 1.000001 7.119999 -0.879997
v 1.000001 7.879999 2.880001
v 0.880001 8.000000 2.880001
v 0.880001 7.879999 3.000002
v 1.000001 7.119999 2.880001
v 0.880001 7.119999 3.000002
v 0.880001 6.999999 2.880001
v -0.879999 7.879999 -0.999998
v -0.999999 7.879999 -0.879997
v -0.879999 8.000000 -0.879997
v -0.999999 7.119999 -0.879997
v -0.879999 7.119999 -0.999998
v -0.879999 6.999999 -0.879997
v -0.999999 7.879999 2.880001
v -0.879999 7.879999 3.000002
v -0.879999 8.000000 2.880001
v -0.879999 6.999999 2.880001
v -0.879999 7.119999 3.000002
v -0.999999 7.119999 2.880001
v 0.880001 7.879999 -4.999998
v 0.880001 8.000000 -4.879997
v 1.000001 7.879999 -4.879997
v 0.880001 6.999999 -4.879997
v 0.880001 7.119999 -4.999998
v 1.000001 7.119999 -4.879997
v 1.000001 7.879999 -1.119999
v 0.880001 8.000000 -1.119999
v 0.880001 7.879999 -0.999998
v 1.000001 7.119999 -1.119999
v 0.880001 7.119999 -0.999998
v 0.880001 6.999999 -1.119999
v -0.879999 7.879999 -4.999998
v -0.999999 7.879999 -4.879997
v -0.879999 8.000000 -4.879997
v -0.999999 7.119999 -4.879997
v -0.879999 7.119999 -4.999998
v -0.879999 6.999999 -4.879997
v -0.999999 7.879999 -1.119999
v -0.879999 7.879999 -0.999998
v -0.879999 8.000000 -1.119999
v -0.879999 6.999999 -1.119999
v -0.879999 7.119999 -0.999998
v -0.999999 7.119999 -1.119999
v 0.880001 7.879999 -8.999996
v 0.880001 8.000000 -8.879995
v 1.000001 7.879999 -8.879995
v 0.880001 6.999999 -8.879995
v 0.880001 7.119999 -8.999996
v 1.000001 7.119999 -8.879995
v 1.000001 7.879999 -5.119997
v 0.880001 8.000000 -5.119997
v 0.880001 7.879999 -4.999996
v 1.000001 7.119999 -5.119997
v 0.880001 7.119999 -4.999996
v 0.880001 6.999999 -5.119997
v -0.879999 7.879999 -8.999996
v -0.999999 7.879999 -8.879995
v -0.879999 8.000000 -8.879995
v -0.999999 7.119999 -8.879995
v -0.879999 7.119999 -8.999996
v -0.879999 6.999999 -8.879995
v -0.999999 7.879999 -5.119997
v -0.879999 7.879999 -4.999996
v -0.879999 8.000000 -5.119997
v -0.879999 6.999999 -5.119997
v -0.879999 7.119999 -4.999996
v -0.999999 7.119999 -5.119997
v 0.880001 7.879999 -12.999996
v 0.880001 8.000000 -12.879995
v 1.000001 7.879999 -12.879995
v 0.880001 6.999999 -12.879995
v 0.880001 7.119999 -12.999996
v 1.000001 7.119999 -12.879995
v 1.000001 7.879999 -9.119997
v 0.880001 8.000000 -9.119997
v 0.880001 7.879999 -8.999996
v 1.000001 7.119999 -9.119997
v 0.880001 7.119999 -8.999996
v 0.880001 6.999999 -9.119997
v -0.879999 7.879999 -12.999996
v -0.999999 7.879999 -12.879995
v -0.879999 8.000000 -12.879995
v -0.999999 7.119999 -12.879995
v -0.879999 7.119999 -12.999996
v -0.879999 6.999999 -12.879995
v -0.999999 7.879999 -9.119997
v -0.879999 7.879999 -8.999996
v -0.879999 8.000000 -9.119997
v -0.879999 6.999999 -9.119997
v -0.879999 7.119999 -8.999996
v -0.999999 7.119999 -9.119997
v 0.880001 7.879999 -16.999996
v 0.880001 8.000000 -16.879997
v 1.000001 7.879999 -16.879997
v 0.880001 6.999999 -16.879997
v 0.880001 7.119999 -16.999996
v 1.000001 7.119999 -16.879997
v 1.000001 7.879999 -13.119995
v 0.880001 8.000000 -13.119995
v 0.880001 7.879999 -12.999996
v 1.000001 7.119999 -13.119995
v 0.880001 7.119999 -12.999996
v 0.880001 6.999999 -13.119995
v -0.879999 7.879999 -16.999996
v -0.999999 7.879999 -16.879997
v -0.879999 8.000000 -16.879997
v -0.999999 7.119999 -16.879997
v -0.879999 7.119999 -16.999996
v -0.879999 6.999999 -16.879997
v -0.999999 7.879999 -13.119995
v -0.879999 7.879999 -12.999996
v -0.879999 8.000000 -13.119995
v -0.879999 6.999999 -13.119995
v -0.879999 7.119999 -12.999996
v -0.999999 7.119999 -13.119995
v 1.000001 7.879999 -17.119995
v 0.880001 8.000000 -17.119995
v 0.880001 7.879999 -16.999996
v 1.000001 7.119999 -17.119995
v 0.880001 7.119999 -16.999996
v 0.880001 6.999999 -17.119995
v -0.999999 7.879999 -17.119995
v -0.879999 7.879999 -16.999996
v -0.879999 8.000000 -17.119995
v -0.879999 6.999999 -17.119995
v -0.879999 7.119999 -16.999996
v -0.999999 7.119999 -17.119995
v 1.000001 8.879997 17.120001
v 0.880001 8.879997 17.000000
v 0.880001 8.999998 17.120001
v 0.880001 7.999998 17.120001
v 0.880001 8.119999 17.000000
v 1.000001 8.119999 17.120001
v -0.879999 8.879997 17.000000
v -0.999999 8.879997 17.120001
v -0.879999 8.999998 17.120001
v -0.879999 7.999998 17.120001
v -0.999999 8.119999 17.120001
v -0.879999 8.119999 17.000000
v 0.880001 8.879997 13.000000
v 0.880001 8.999998 13.120001
v 1.000001 8.879997 13.120001
v 0.880001 7.999998 13.120001
v 0.880001 8.119999 13.000000
v 1.000001 8.119999 13.120001
v 1.000001 8.879997 16.880001
v 0.880001 8.999998 16.880001
v 0.880001 8.879997 17.000000
v 1.000001 8.119999 16.880001
v 0.880001 8.119999 17.000000
v 0.880001 7.999998 16.880001
v -0.879999 8.879997 13.000000
v -0.999999 8.879997 13.120001
v -0.879999 8.999998 13.120001
v -0.999999 8.119999 13.120001
v -0.879999 8.119999 13.000000
v -0.879999 7.999998 13.120001
v -0.999999 8.879997 16.880001
v -0.879999 8.879997 17.000000
v -0.879999 8.999998 16.880001
v -0.879999 7.999998 16.880001
v -0.879999 8.119999 17.000000
v -0.999999 8.119999 16.880001
v 0.880001 8.879997 9.000001
v 0.880001 8.999998 9.120001
v 1.000001 8.879997 9.120001
v 0.880001 7.999998 9.120001
v 0.880001 8.119999 9.000001
v 1.000001 8.119999 9.120001
v 1.000001 8.879997 12.880001
v 0.880001 8.999998 12.880001
v 0.880001 8.879997 13.000001
v 1.000001 8.119999 12.880001
v 0.880001 8.119999 13.000001
v 0.880001 7.999998 12.880001
v -0.879999 8.879997 9.000001
v -0.999999 8.879997 9.120001
v -0.879999 8.999998 9.120001
v -0.999999 8.119999 9.120001
v -0.879999 8.119999 9.000001
v -0.879999 7.999998 9.120001
v -0.999999 8.879997 12.880001
v -0.879999 8.879997 13.000001
v -0.879999 8.999998 12.880001
v -0.879999 7.999998 12.880001
v -0.879999 8.119999 13.000001
v -0.999999 8.119999 12.880001
v 0.880001 8.879997 5.000002
v 0.880001 8.999998 5.120002
v 1.000001 8.879997 5.120002
v 0.880001 7.999998 5.120002
v 0.880001 8.119999 5.000002
v 1.000001 8.119999 5.120002
v 1.000001 8.879997 8.880002
v 0.880001 8.999998 8.880002
v 0.880001 8.879997 9.000002
v 1.000001 8.119999 8.880002
v 0.880001 8.119999 9.000002
v 0.880001 7.999998 8.880002
v -0.879999 8.879997 5.000002
v -0.999999 8.879997 5.120002
v -0.879999 8.999998 5.120002
v -0.999999 8.119999 5.120002
v -0.879999 8.119999 5.000002
v -0.879999 7.999998 5.120002
v -0.999999 8.879997 8.880002
v -0.879999 8.879997 9.000002
v -0.879999 8.999998 8.880002
v -0.879999 7.999998 8.880002
v -0.879999 8.119999 9.000002
v -0.999999 8.119999 8.880002
v 0.880001 8.879997 1.000002
v 0.880001 8.999998 1.120003
v 1.000001 8.879997 1.120003
v 0.880001 7.999998 1.120003
v 0.880001 8.119999 1.000002
v 1.000001 8.119999 1.120003
v 1.000001 8.879997 4.880002
v 0.880001 8.999998 4.880002
v 0.880001 8.879997 5.000002
v 1.000001 8.119999 4.880002
v 0.880001 8.119999 5.000002
v 0.880001 7.999998 4.880002
v -0.879999 8.879997 1.000002
v -0.999999 8.879997 1.120003
v -0.879999 8.999998 1.120003
v -0.999999 8.119999 1.120003
v -0.879999 8.119999 1.000002
v -0.879999 7.999998 1.120003
v -0.999999 8.879997 4.880002
v -0.879999 8.879997 5.000002
v -0.879999 8.999998 4.880002
v -0.879999 7.999998 4.880002
v -0.879999 8.119999 5.000002
v -0.999999 8.119999 4.880002
v 0.880001 8.879997 -2.999998
v 0.880001 8.999998 -2.879997
v 1.000001 8.879997 -2.879997
v 0.880001 7.999998 -2.879997
v 0.880001 8.119999 -2.999998
v 1.000001 8.119999 -2.879997
v 1.000001 8.879997 0.880001
v 0.880001 8.999998 0.880001
v 0.880001 8.879997 1.000002
v 1.000001 8.119999 0.880001
v 0.880001 8.119999 1.000002
v 0.880001 7.999998 0.880001
v -0.879999 8.879997 -2.999998
v -0.999999 8.879997 -2.879997
v -0.879999 8.999998 -2.879997
v -0.999999 8.119999 -2.879997
v -0.879999 8.119999 -2.999998
v -0.879999 7.999998 -2.879997
v -0.999999 8.879997 0.880001
v -0.879999 8.879997 1.000002
v -0.879999 8.999998 0.880001
v -0.879999 7.999998 0.880001
v -0.879999 8.119999 1.000002
v -0.999999 8.119999 0.880001
v 0.880001 8.879997 -6.999996
v 0.880001 8.999998 -6.879995
v 1.000001 8.879997 -6.879995
v 0.880001 7.999998 -6.879995
v 0.880001 8.119999 -6.999996
v 1.000001 8.119999 -6.879995
v 1.000001 8.879997 -3.119997
v 0.880001 8.999998 -3.119997
v 0.880001 8.879997 -2.999996
v 1.000001 8.119999 -3.119997
v 0.880001 8.119999 -2.999996
v 0.880001 7.999998 -3.119997
v -0.879999 8.879997 -6.999996
v -0.999999 8.879997 -6.879995
v -0.879999 8.999998 -6.879995
v -0.999999 8.119999 -6.879995
v -0.879999 8.119999 -6.999996
v -0.879999 7.999998 -6.879995
v -0.999999 8.879997 -3.119997
v -0.879999 8.879997 -2.999996
v -0.879999 8.999998 -3.119997
v -0.879999 7.999998 -3.119997
v -0.879999 8.119999 -2.999996
v -0.999999 8.119999 -3.119997
v 0.880001 8.879997 -10.999996
v 0.880001 8.999998 -10.879995
v 1.000001 8.879997 -10.879995
v 0.880001 7.999998 -10.879995
v 0.880001 8.119999 -10.999996
v 1.000001 8.119999 -10.879995
v 1.000001 8.879997 -7.119997
v 0.880001 8.999998 -7.119997
v 0.880001 8.879997 -6.999996
v 1.000001 8.119999 -7.119997
v 0.880001 8.119999 -6.999996
v 0.880001 7.999998 -7.119997
v -0.879999 8.879997 -10.999996
v -0.999999 8.879997 -10.879995
v -0.879999 8.999998 -10.879995
v -0.999999 8.119999 -10.879995
v -0.879999 8.119999 -10.999996
v -0.879999 7.999998 -10.879995
v -0.999999 8.879997 -7.119997
v -0.879999 8.879997 -6.999996
v -0.879999 8.999998 -7.119997
v -0.879999 7.999998 -7.119997
v -0.879999 8.119999 -6.999996
v -0.999999 8.119999 -7.119997
v 0.880001 8.879997 -14.999996
v 0.880001 8.999998 -14.879997
v 1.000001 8.879997 -14.879997
v 0.880001 7.999998 -14.879997
v 0.880001 8.119999 -14.999996
v 1.000001 8.119999 -14.879997
v 1.000001 8.879997 -11.119997
v 0.880001 8.999998 -11.119997
v 0.880001 8.879997 -10.999996
v 1.000001 8.119999 -11.119997
v 0.880001 8.119999 -10.999996
v 0.880001 7.999998 -11.119997
v -0.879999 8.879997 -14.999996
v -0.999999 8.879997 -14.879997
v -0.879999 8.999998 -14.879997
v -0.999999 8.119999 -14.879997
v -0.879999 8.119999 -14.999996
v -0.879999 7.999998 -14.879997
v -0.999999 8.879997 -11.119997
v -0.879999 8.879997 -10.999996
v -0.879999 8.999998 -11.119997
v -0.879999 7.999998 -11.119997
v -0.879999 8.119999 -10.999996
v -0.999999 8.119999 -11.119997
v 0.880001 8.879997 -18.999996
v 0.880001 8.999998 -18.879997
v 1.000001 8.879997 -18.879997
v 0.880001 7.999998 -18.879997
v 0.880001 8.119999 -18.999996
v 1.000001 8.119999 -18.879997
v 1.000001 8.879997 -15.119995
v 0.880001 8.999998 -15.119995
v 0.880001 8.879997 -14.999996
v 1.000001 8.119999 -15.119995
v 0.880001 8.119999 -14.999996
v 0.880001 7.999998 -15.119995
v -0.879999 8.879997 -18.999996
v -0.999999 8.879997 -18.879997
v -0.879999 8.999998 -18.879997
v -0.999999 8.119999 -18.879997
v -0.879999 8.119999 -18.999996
v -0.879999 7.999998 -18.879997
v -0.999999 8.879997 -15.119995
v -0.879999 8.879997 -14.999996
v -0.879999 8.999998 -15.119995
v -0.879999 7.999998 -15.119995
v -0.879999 8.119999 -14.999996
v -0.999999 8.119999 -15.119995
v 0.880001 9.879997 15.000000
v 0.880001 9.999998 15.120000
v 1.000001 9.879997 15.120000
v 0.880001 8.999998 15.120000
v 0.880001 9.119999 15.000000
v 1.000001 9.119999 15.120000
v 1.000001 9.879997 18.879999
v 0.880001 9.999998 18.879999
v 0.880001 9.879997 19.000000
v 1.000001 9.119999 18.879999
v 0.880001 9.119999 19.000000
v 0.880001 8.999998 18.879999
v -0.879999 9.879997 15.000000
v -0.999999 9.879997 15.120000
v -0.879999 9.999998 15.120000
v -0.999999 9.119999 15.120000
v -0.879999 9.119999 15.000000
v -0.879999 8.999998 15.120000
v -0.999999 9.879997 18.879999
v -0.879999 9.879997 19.000000
v -0.879999 9.999998 18.879999
v -0.879999 8.999998 18.879999
v -0.879999 9.119999 19.000000
v -0.999999 9.119999 18.879999
v 0.880001 9.879997 11.000000
v 0.880001 9.999998 11.120001
v 1.000001 9.879997 11.120001
v 0.880001 8.999998 11.120001
v 0.880001 9.119999 11.000000
v 1.000001 9.119999 11.120001
v 1.000001 9.879997 14.880001
v 0.880001 9.999998 14.880001
v 0.880001 9.879997 15.000000
v 1.000001 9.119999 14.880001
v 0.880001 9.119999 15.000000
v 0.880001 8.999998 14.880001
v -0.879999 9.879997 11.000000
v -0.999999 9.879997 11.120001
v -0.879999 9.999998 11.120001
v -0.999999 9.119999 11.120001
v -0.879999 9.119999 11.000000
v -0.879999 8.999998 11.120001
v -0.999999 9.879997 14.880001
v -0.879999 9.879997 15.000000
v -0.879999 9.999998 14.880001
v -0.879999 8.999998 14.880001
v -0.879999 9.119999 15.000000
v -0.999999 9.119999 14.880001
v 0.880001 9.879997 7.000001
v 0.880001 9.999998 7.120001
v 1.000001 9.879997 7.120001
v 0.880001 8.999998 7.120001
v 0.880001 9.119999 7.000001
v 1.000001 9.119999 7.120001
v 1.000001 9.879997 10.880001
v 0.880001 9.999998 10.880001
v 0.880001 9.879997 11.000001
v 1.000001 9.119999 10.880001
v 0.880001 9.119999 11.000001
v 0.880001 8.999998 10.880001
v -0.879999 9.879997 7.000001
v -0.999999 9.879997 7.120001
v -0.879999 9.999998 7.120001
v -0.999999 9.119999 7.120001
v -0.879999 9.119999 7.000001
v -0.879999 8.999998 7.120001
v -0.999999 9.879997 10.880001
v -0.879999 9.879997 11.000001
v -0.879999 9.999998 10.880001
v -0.879999 8.999998 10.880001
v -0.879999 9.119999 11.000001
v -0.999999 9.119999 10.880001
v 0.880001 9.879997 3.000002
v 0.880001 9.999998 3.120002
v 1.000001 9.879997 3.120002
v 0.880001 8.999998 3.120002
v 0.880001 9.119999 3.000002
v 1.000001 9.119999 3.120002
v 1.000001 9.879997 6.880002
v 0.880001 9.999998 6.880002
v 0.880001 9.879997 7.000002
v 1.000001 9.119999 6.880002
v 0.880001 9.119999 7.000002
v 0.880001 8.999998 6.880002
v -0.879999 9.879997 3.000002
v -0.999999 9.879997 3.120002
v -0.879999 9.999998 3.120002
v -0.999999 9.119999 3.120002
v -0.879999 9.119999 3.000002
v -0.879999 8.999998 3.120002
v -0.999999 9.879997 6.880002
v -0.879999 9.879997 7.000002
v -0.879999 9.999998 6.880002
v -0.879999 8.999998 6.880002
v -0.879999 9.119999 7.000002
v -0.999999 9.119999 6.880002
v 0.880001 9.879997 -0.999998
v 0.880001 9.999998 -0.879997
v 1.000001 9.879997 -0.879997
v 0.880001 8.999998 -0.879997
v 0.880001 9.119999 -0.999998
v 1.000001 9.119999 -0.879997
v 1.000001 9.879997 2.880001
v 0.880001 9.999998 2.880001
v 0.880001 9.879997 3.000002
v 1.000001 9.119999 2.880001
v 0.880001 9.119999 3.000002
v 0.880001 8.999998 2.880001
v -0.879999 9.879997 -0.999998
v -0.999999 9.879997 -0.879997
v -0.879999 9.999998 -0.879997
v -0.999999 9.119999 -0.879997
v -0.879999 9.119999 -0.999998
v -0.879999 8.999998 -0.879997
v -0.999999 9.879997 2.880001
v -0.879999 9.879997 3.000002
v -0.879999 9.999998 2.880001
v -0.879999 8.999998 2.880001
v -0.879999 9.119999 3.000002
v -0.999999 9.119999 2.880001
v 0.880001 9.879997 -4.999998
v 0.880001 9.999998 -4.879997
v 1.000001 9.879997 -4.879997
v 0.880001 8.999998 -4.879997
v 0.880001 9.119999 -4.999998
v 1.000001 9.119999 -4.879997
v 1.000001 9.879997 -1.119999
v 0.880001 9.999998 -1.119999
v 0.880001 9.879997 -0.999998
v 1.000001 9.119999 -1.119999
v 0.880001 9.119999 -0.999998
v 0.880001 8.999998 -1.119999
v -0.879999 9.879997 -4.999998
v -0.999999 9.879997 -4.879997
v -0.879999 9.999998 -4.879997
v -0.999999 9.119999 -4.879997
v -0.879999 9.119999 -4.999998
v -0.879999 8.999998 -4.879997
v -0.999999 9.879997 -1.119999
v -0.879999 9.879997 -0.999998
v -0.879999 9.999998 -1.119999
v -0.879999 8.999998 -1.119999
v -0.879999 9.119999 -0.999998
v -0.999999 9.119999 -1.119999
v 0.880001 9.879997 -8.999996
v 0.880001 9.999998 -8.879995
v 1.000001 9.879997 -8.879995
v 0.880001 8.999998 -8.879995
v 0.880001 9.119999 -8.999996
v 1.000001 9.119999 -8.879995
v 1.000001 9.879997 -5.119997
v 0.880001 9.999998 -5.119997
v 0.880001 9.879997 -4.999996
v 1.000001 9.119999 -5.119997
v 0.880001 9.119999 -4.999996
v 0.880001 8.999998 -5.119997
v -0.879999 9.879997 -8.999996
v -0.999999 9.879997 -8.879995
v -0.879999 9.999998 -8.879995
v -0.999999 9.119999 -8.879995
v -0.879999 9.119999 -8.999996
v -0.879999 8.999998 -8.879995
v -0.999999 9.879997 -5.119997
v -0.879999 9.879997 -4.999996
v -0.879999 9.999998 -5.119997
v -0.879999 8.999998 -5.119997
v -0.879999 9.119999 -4.999996
v -0.999999 9.119999 -5.119997
v 0.880001 9.879997 -12.999996
v 0.880001 9.999998 -12.879995
v 1.000001 9.879997 -12.879995
v 0.880001 8.999998 -12.879995
v 0.880001 9.119999 -12.999996
v 1.000001 9.119999 -12.879995
v 1.000001 9.879997 -9.119997
v 0.880001 9.999998 -9.119997
v 0.880001 9.879997 -8.999996
v 1.000001 9.119999 -9.119997
v 0.880001 9.119999 -8.999996
v 0.880001 8.999998 -9.119997
v -0.879999 9.879997 -12.999996
v -0.999999 9.879997 -12.879995
v -0.879999 9.999998 -12.879995
v -0.999999 9.119999 -12.879995
v -0.879999 9.119999 -12.999996
v -0.879999 8.999998 -12.879995
v -0.999999 9.879997 -9.119997
v -0.879999 9.879997 -8.999996
v -0.879999 9.999998 -9.119997
v -0.879999 8.999998 -9.119997
v -0.879999 9.119999 -8.999996
v -0.999999 9.119999 -9.119997
v 0.880001 9.879997 -16.999996
v 0.880001 9.999998 -16.879997
v 1.000001 9.879997 -16.879997
v 0.880001 8.999998 -16.879997
v 0.880001 9.119999 -16.999996
v 1.000001 9.119999 -16.879997
v 1.000001 9.879997 -13.119995
v 0.880001 9.999998 -13.119995
v 0.880001 9.879997 -12.999996
v 1.000001 9.119999 -13.119995
v 0.880001 9.119999 -12.999996
v 0.880001 8.999998 -13.119995
v -0.879999 9.879997 -16.999996
v -0.999999 9.879997 -16.879997
v -0.879999 9.999998 -16.879997
v -0.999999 9.119999 -16.879997
v -0.879999 9.119999 -16.999996
v -0.879999 8.999998 -16.879997
v -0.999999 9.879997 -13.119995
v -0.879999 9.879997 -12.999996
v -0.879999 9.999998 -13.119995
v -0.879999 8.999998 -13.119995
v -0.879999 9.119999 -12.999996
v -0.999999 9.119999 -13.119995
v 1.000001 9.879997 -17.119995
v 0.880001 9.999998 -17.119995
v 0.880001 9.879997 -16.999996
v 1.000001 9.119999 -17.119995
v 0.880001 9.119999 -16.999996
v 0.880001 8.999998 -17.119995
v -0.999999 9.879997 -17.119995
v -0.879999 9.879997 -16.999996
v -0.879999 9.999998 -17.119995
v -0.879999 8.999998 -17.119995
v -0.879999 9.119999 -16.999996
v -0.999999 9.119999 -17.119995
v 1.000001 10.879997 17.120001
v 0.880001 10.879997 17.000000
v 0.880001 10.999998 17.120001
v 0.880001 9.999998 17.120001
v 0.880001 10.119999 17.000000
v 1.000001 10.119999 17.120001
v -0.879999 10.879997 17.000000
v -0.999999 10.879997 17.120001
v -0.879999 10.999998 17.120001
v -0.879999 9.999998 17.120001
v -0.999999 10.119999 17.120001
v -0.879999 10.119999 17.000000
v 0.880001 10.879997 13.000000
v 0.880001 10.999998 13.120001
v 1.000001 10.879997 13.120001
v 0.880001 9.999998 13.120001
v 0.880001 10.119999 13.000000
v 1.000001 10.119999 13.120001
v 1.000001 10.879997 16.880001
v 0.880001 10.999998 16.880001
v 0.880001 10.879997 17.000000
v 1.000001 10.119999 16.880001
v 0.880001 10.119999 17.000000
v 0.880001 9.999998 16.880001
v -0.879999 10.879997 13.000000
v -0.999999 10.879997 13.120001
v -0.879999 10.999998 13.120001
v -0.999999 10.119999 13.120001
v -0.879999 10.119999 13.000000
v -0.879999 9.999998 13.120001
v -0.999999 10.879997 16.880001
v -0.879999 10.879997 17.000000
v -0.879999 10.999998 16.880001
v -0.879999 9.999998 16.880001
v -0.879999 10.119999 17.000000
v -0.999999 10.119999 16.880001
v 0.880001 10.879997 9.000001
v 0.880001 10.999998 9.120001
v 1.000001 10.879997 9.120001
v 0.880001 9.999998 9.120001
v 0.880001 10.119999 9.000001
v 1.000001 10.119999 9.120001
v 1.000001 10.879997 12.880001
v 0.880001 10.999998 12.880001
v 0.880001 10.879997 13.000001
v 1.000001 10.119999 12.880001
v 0.880001 10.119999 13.000001
v 0.880001 9.999998 12.880001
v -0.879999 10.879997 9.000001
v -0.999999 10.879997 9.120001
v -0.879999 10.999998 9.120001
v -0.999999 10.119999 9.120001
v -0.879999 10.119999 9.000001
v -0.879999 9.999998 9.120001
v -0.999999 10.879997 12.880001
v -0.879999 10.879997 13.000001
v -0.879999 10.999998 12.880001
v -0.879999 9.999998 12.880001
v -0.879999 10.119999 13.000001
v -0.999999 10.119999 12.880001
v 0.880001 10.879997 5.000002
v 0.880001 10.999998 5.120002
v 1.000001 10.879997 5.120002
v 0.880001 9.999998 5.120002
v 0.880001 10.119999 5.000002
v 1.000001 10.119999 5.120002
v 1.000001 10.879997 8.880002
v 0.880001 10.999998 8.880002
v 0.880001 10.879997 9.000002
v 1.000001 10.119999 8.880002
v 0.880001 10.119999 9.000002
v 0.880001 9.999998 8.880002
v -0.879999 10.879997 5.000002
v -0.999999 10.879997 5.120002
v -0.879999 10.999998 5.120002
v -0.999999 10.119999 5.120002
v -0.879999 10.119999 5.000002
v -0.879999 9.999998 5.120002
v -0.999999 10.879997 8.880002
v -0.879999 10.879997 9.000002
v -0.879999 10.999998 8.880002
v -0.879999 9.999998 8.880002
v -0.879999 10.119999 9.000002
v -0.999999 10.119999 8.880002
v 0.880001 10.879997 1.000002
v 0.880001 10.999998 1.120003
v 1.000001 10.879997 1.120003
v 0.880001 9.999998 1.120003
v 0.880001 10.119999 1.000002
v 1.000001 10.119999 1.120003
v 1.000001 10.879997 4.880002
v 0.880001 10.999998 4.880002
v 0.880001 10.879997 5.000002
v 1.000001 10.119999 4.880002
v 0.880001 10.119999 5.000002
v 0.880001 9.999998 4.880002
v -0.879999 10.879997 1.000002
v -0.999999 10.879997 1.120003
v -0.879999 10.999998 1.120003
v -0.999999 10.119999 1.120003
v -0.879999 10.119999 1.000002
v -0.879999 9.999998 1.120003
v -0.999999 10.879997 4.880002
v -0.879999 10.879997 5.000002
v -0.879999 10.999998 4.880002
v -0.879999 9.999998 4.880002
v -0.879999 10.119999 5.000002
v -0.999999 10.119999 4.880002
v 0.880001 10.879997 -2.999998
v 0.880001 10.999998 -2.879997
v 1.000001 10.879997 -2.879997
v 0.880001 9.999998 -2.879997
v 0.880001 10.119999 -2.999998
v 1.000001 10.119999 -2.879997
v 1.000001 10.879997 0.880001
v 0.880001 10.999998 0.880001
v 0.880001 10.879997 1.000002
v 1.000001 10.119999 0.880001
v 0.880001 10.119999 1.000002
v 0.880001 9.999998 0.880001
v -0.879999 10.879997 -2.999998
v -0.999999 10.879997 -2.879997
v -0.879999 10.999998 -2.879997
v -0.999999 10.119999 -2.879997
v -0.879999 10.119999 -2.999998
v -0.879999 9.999998 -2.879997
v -0.999999 10.879997 0.880001
v -0.879999 10.879997 1.000002
v -0.879999 10.999998 0.880001
v -0.879999 9.999998 0.880001
v -0.879999 10.119999 1.000002
v -0.999999 10.119999 0.880001
v 0.880001 10.879997 -6.999996
v 0.880001 10.999998 -6.879995
v 1.000001 10.879997 -6.879995
v 0.880001 9.999998 -6.879995
v 0.880001 10.119999 -6.999996
v 1.000001 10.119999 -6.879995
v 1.000001 10.879997 -3.119997
v 0.880001 10.999998 -3.119997
v 0.880001 10.879997 -2.999996
v 1.000001 10.119999 -3.119997
v 0.880001 10.119999 -2.999996
v 0.880001 9.999998 -3.119997
v -0.879999 10.879997 -6.999996
v -0.999999 10.879997 -6.879995
v -0.879999 10.999998 -6.879995
v -0.999999 10.119999 -6.879995
v -0.879999 10.119999 -6.999996
v -0.879999 9.999998 -6.879995
v -0.999999 10.879997 -3.119997
v -0.879999 10.879997 -2.999996
v -0.879999 10.999998 -3.119997
v -0.879999 9.999998 -3.119997
v -0.879999 10.119999 -2.999996
v -0.999999 10.119999 -3.119997
v 0.880001 10.879997 -10.999996
v 0.880001 10.999998 -10.879995
v 1.000001 10.879997 -10.879995
v 0.880001 9.999998 -10.879995
v 0.880001 10.119999 -10.999996
v 1.000001 10.119999 -10.879995
v 1.000001 10.879997 -7.119997
v 0.880001 10.999998 -7.119997
v 0.880001 10.879997 -6.999996
v 1.000001 10.119999 -7.119997
v 0.880001 10.119999 -6.999996
v 0.880001 9.999998 -7.119997
v -0.879999 10.879997 -10.999996
v -0.999999 10.879997 -10.879995
v -0.879999 10.999998 -10.879995
v -0.999999 10.119999 -10.879995
v -0.879999 10.119999 -10.999996
v -0.879999 9.999998 -10.879995
v -0.999999 10.879997 -7.119997
v -0.879999 10.879997 -6.999996
v -0.879999 10.999998 -7.119997
v -0.879999 9.999998 -7.119997
v -0.879999 10.119999 -6.999996
v -0.999999 10.119999 -7.119997
v 0.880001 10.879997 -14.999996
v 0.880001 10.999998 -14.879997
v 1.000001 10.879997 -14.879997
v 0.880001 9.999998 -14.879997
v 0.880001 10.119999 -14.999996
v 1.000001 10.119999 -14.879997
v 1.000001 10.879997 -11.119997
v 0.880001 10.999998 -11.119997
v 0.880001 10.879997 -10.999996
v 1.000001 10.119999 -11.119997
v 0.880001 10.119999 -10.999996
v 0.880001 9.999998 -11.119997
v -0.879999 10.879997 -14.999996
v -0.999999 10.879997 -14.879997
v -0.879999 10.999998 -14.879997
v -0.999999 10.119999 -14.879997
v -0.879999 10.119999 -14.999996
v -0.879999 9.999998 -14.879997
v -0.999999 10.879997 -11.119997
v -0.879999 10.879997 -10.999996
v -0.879999 10.999998 -11.119997
v -0.879999 9.999998 -11.119997
v -0.879999 10.119999 -10.999996
v -0.999999 10.119999 -11.119997
v 0.880001 10.879997 -18.999996
v 0.880001 10.999998 -18.879997
v 1.000001 10.879997 -18.879997
v 0.880001 9.999998 -18.879997
v 0.880001 10.119999 -18.999996
v 1.000001 10.119999 -18.879997
v 1.000001 10.879997 -15.119995
v 0.880001 10.999998 -15.119995
v 0.880001 10.879997 -14.999996
v 1.000001 10.119999 -15.119995
v 0.880001 10.119999 -14.999996
v 0.880001 9.999998 -15.119995
v -0.879999 10.879997 -18.999996
v -0.999999 10.879997 -18.879997
v -0.879999 10.999998 -18.879997
v -0.999999 10.119999 -18.879997
v -0.879999 10.119999 -18.999996
v -0.879999 9.999998 -18.879997
v -0.999999 10.879997 -15.119995
v -0.879999 10.879997 -14.999996
v -0.879999 10.999998 -15.119995
v -0.879999 9.999998 -15.119995
v -0.879999 10.119999 -14.999996
v -0.999999 10.119999 -15.119995
v -0.880000 -9.000000 -18.999996
v -1.000000 -8.880000 -18.999996
v 0.880000 -8.000000 -18.999996
v 1.000000 -8.120000 -18.999996
v -1.000000 -8.120000 -18.999996
v -0.880000 -8.000000 -18.999996
v 1.000000 -8.880000 -18.999996
v 0.880000 -9.000000 -18.999996
v -0.880000 -7.000000 -18.999996
v -1.000000 -6.880000 -18.999996
v 0.880000 -6.000000 -18.999996
v 1.000000 -6.120000 -18.999996
v -1.000000 -6.120000 -18.999996
v -0.880000 -6.000000 -18.999996
v 1.000000 -6.880000 -18.999996
v 0.880000 -7.000000 -18.999996
v -0.880000 -5.000000 -18.999996
v -1.000000 -4.880000 -18.999996
v 0.880000 -4.000000 -18.999996
v 1.000000 -4.120000 -18.999996
v -1.000000 -4.120000 -18.999996
v -0.880000 -4.000000 -18.999996
v 1.000000 -4.880000 -18.999996
v 0.880000 -5.000000 -18.999996
v -0.879999 -3.000000 -18.999996
v -0.999999 -2.880001 -18.999996
v 0.880000 -2.000000 -18.999996
v 1.000000 -2.120000 -18.999996
v -0.999999 -2.120000 -18.999996
v -0.879999 -2.000000 -18.999996
v 1.000000 -2.880001 -18.999996
v 0.880000 -3.000000 -18.999996
v -0.879999 -1.000000 -18.999996
v -0.999999 -0.880000 -18.999996
v 0.880001 0.000000 -18.999996
v 1.000001 -0.120000 -18.999996
v -0.999999 -0.120000 -18.999996
v -0.879999 0.000000 -18.999996
v 1.000001 -0.880000 -18.999996
v 0.880001 -1.000000 -18.999996
v -0.879999 0.999999 -18.999996
v -0.999999 1.119999 -18.999996
v 0.880001 1.999999 -18.999996
v 1.000001 1.879999 -18.999996
v -0.999999 1.879999 -18.999996
v -0.879999 1.999999 -18.999996
v 1.000001 1.119999 -18.999996
v 0.880001 0.999999 -18.999996
v -0.879999 2.999999 -18.999996
v -0.999999 3.119999 -18.999996
v 0.880001 3.999999 -18.999996
v 1.000001 3.879999 -18.999996
v -0.999999 3.879999 -18.999996
v -0.879999 3.999999 -18.999996
v 1.000001 3.119999 -18.999996
v 0.880001 2.999999 -18.999996
v -0.879999 4.999999 -18.999996
v -0.999999 5.119999 -18.999996
v 0.880001 5.999999 -18.999996
v 1.000001 5.879999 -18.999996
v -0.999999 5.879999 -18.999996
v -0.879999 5.999999 -18.999996
v 1.000001 5.119999 -18.999996
v 0.880001 4.999999 -18.999996
v -0.879999 6.999999 -18.999996
v -0.999999 7.119999 -18.999996
v 0.880001 8.000000 -18.999996
v 1.000001 7.879999 -18.999996
v -0.999999 7.879999 -18.999996
v -0.879999 8.000000 -18.999996
v 1.000001 7.119999 -18.999996
v 0.880001 6.999999 -18.999996
v -0.879999 8.999998 -18.975605
v -0.999999 9.119999 -18.975605
v 0.880001 9.999998 -18.975605
v 1.000001 9.879997 -18.975605
v -0.999999 9.879997 -18.975605
v -0.879999 9.999998 -18.975605
v 1.000001 9.119999 -18.975605
v 0.880001 8.999998 -18.975605
v -1.000000 -7.880000 19.000000
v -0.880000 -8.000000 19.000000
v 1.000000 -7.120000 19.000000
v 0.880000 -7.000000 19.000000
v -0.880000 -7.000000 19.000000
v -1.000000 -7.120000 19.000000
v 0.880000 -8.000000 19.000000
v 1.000000 -7.880000 19.000000
v -1.000000 -5.880000 19.000000
v -0.880000 -6.000000 19.000000
v 1.000000 -5.120000 19.000000
v 0.880000 -5.000000 19.000000
v -0.880000 -5.000000 19.000000
v -1.000000 -5.120000 19.000000
v 0.880000 -6.000000 19.000000
v 1.000000 -5.880000 19.000000
v -1.000000 -3.880001 19.000000
v -0.880000 -4.000000 19.000000
v 1.000000 -3.120000 19.000000
v 0.880000 -3.000000 19.000000
v -0.880000 -3.000000 19.000000
v -1.000000 -3.120000 19.000000
v 0.880000 -4.000000 19.000000
v 1.000000 -3.880001 19.000000
v -1.000000 -1.880001 19.000000
v -0.880000 -2.000000 19.000000
v 1.000000 -1.120000 19.000000
v 0.880000 -1.000000 19.000000
v -0.880000 -1.000000 19.000000
v -1.000000 -1.120000 19.000000
v 0.880000 -2.000000 19.000000
v 1.000000 -1.880001 19.000000
v -1.000000 0.119999 19.000000
v -0.880000 -0.000001 19.000000
v 1.000000 0.879999 19.000000
v 0.880000 0.999999 19.000000
v -0.880000 0.999999 19.000000
v -1.000000 0.879999 19.000000
v 0.880000 -0.000001 19.000000
v 1.000000 0.119999 19.000000
v -0.999999 2.119999 19.000000
v -0.879999 1.999999 19.000000
v 1.000001 2.879999 19.000000
v 0.880001 2.999999 19.000000
v -0.879999 2.999999 19.000000
v -0.999999 2.879999 19.000000
v 0.880001 1.999999 19.000000
v 1.000001 2.119999 19.000000
v -0.999999 4.119999 19.000000
v -0.879999 3.999999 19.000000
v 1.000001 4.879999 19.000000
v 0.880001 4.999999 19.000000
v -0.879999 4.999999 19.000000
v -0.999999 4.879999 19.000000
v 0.880001 3.999999 19.000000
v 1.000001 4.119999 19.000000
v -0.999999 6.119999 19.000000
v -0.879999 5.999999 19.000000
v 1.000001 6.879999 19.000000
v 0.880001 6.999999 19.000000
v -0.879999 6.999999 19.000000
v -0.999999 6.879999 19.000000
v 0.880001 5.999999 19.000000
v 1.000001 6.119999 19.000000
v -0.999999 8.119999 19.000000
v -0.879999 7.999998 19.000000
v 1.000001 8.879997 19.000000
v 0.880001 8.999998 19.000000
v -0.879999 8.999998 19.000000
v -0.999999 8.879997 19.000000
v 0.880001 7.999998 19.000000
v 1.000001 8.119999 19.000000
v -0.999999 10.119999 19.000000
v -0.879999 9.999998 19.000000
v 1.000001 10.879997 19.000000
v 0.880001 10.999998 19.000000
v -0.879999 10.999998 19.000000
v -0.999999 10.879997 19.000000
v 0.880001 9.999998 19.000000
v 1.000001 10.119999 19.000000
vn 0.5774 0.5773 -0.5774
vn 0.5774 -0.5773 -0.5774
vn 0.5774 0.5774 0.5774
vn 0.5774 -0.5774 0.5773
vn -0.5774 0.5773 -0.5774
vn -0.5774 -0.5773 -0.5774
vn -0.5774 0.5774 0.5774
vn -0.5774 -0.5774 0.5773
vn 0.5774 0.5774 -0.5774
vn 0.5773 -0.5774 -0.5774
vn 0.5774 0.5773 0.5774
vn 0.5774 -0.5773 0.5774
vn -0.5774 0.5774 -0.5774
vn -0.5773 -0.5774 -0.5774
vn -0.5774 0.5773 0.5774
vn -0.5774 -0.5773 0.5774
vn 0.5773 0.5774 -0.5773
vn 0.5773 -0.5774 -0.5773
vn 0.5773 -0.5774 0.5774
vn -0.5773 0.5774 -0.5773
vn -0.5773 -0.5774 -0.5773
vn -0.5773 -0.5774 0.5774
vn 0.5774 0.5773 -0.5773
vn 0.5774 -0.5773 -0.5773
vn 0.5773 0.5774 0.5773
vn 0.5773 -0.5774 0.5773
vn -0.5774 0.5773 -0.5773
vn -0.5774 -0.5773 -0.5773
vn -0.5774 0.5774 0.5773
vn -0.5773 -0.5774 0.5773
vn 0.5774 0.5773 0.5773
vn 0.5774 -0.5773 0.5773
vn -0.5774 0.5773 0.5773
vn -0.5774 -0.5773 0.5773
vn 0.5774 0.5774 -0.5773
vn 0.5774 -0.5774 -0.5773
vn -0.5774 0.5774 -0.5773
vn -0.5774 -0.5774 -0.5773
vn 0.5774 0.5774 0.5773
vn 0.5774 -0.5774 0.5774
vn 0.5773 0.5774 -0.5774
vn -0.5773 0.5774 -0.5774
vn 0.5774 -0.5774 -0.5774
vn 0.5773 0.5774 0.5774
vn -0.5774 -0.5774 -0.5774
vn -0.5773 0.5774 0.5774
vn 0.5773 0.5773 0.5774
vn -0.5773 0.5773 0.5774
vn -0.5774 -0.5774 0.5774
vn -0.5773 0.5774 0.5773
vn 0.5773 -0.5773 0.5774
vn -0.5773 -0.5773 0.5774
vn 0.5773 -0.5773 -0.5774
vn -0.5773 -0.5773 -0.5774
vn 0.5773 0.5773 -0.5774
vn -0.5773 0.5773 -0.5774
vn -0.7071 -0.7071 -0.0000
vn -0.0000 -0.7071 -0.7071
vn 0.7071 -0.0000 -0.7071
vn -0.7071 -0.0000 0.7071
vn 0.7071 -0.0000 0.7071
vn -0.7071 -0.0000 -0.7071
vn -0.0000 0.7071 0.7071
vn 0.7071 0.7071 -0.0000
vn -0.0000 -0.7071 0.7071
vn -0.7071 0.7071 -0.0000
vn -0.0000 0.7071 -0.7071
vn 0.7071 -0.7071 -0.0000
vn -0.0000 -0.0000 -1.0000
vn 1.0000 -0.0000 -0.0000
vn -0.0000 1.0000 -0.0000
vn -0.0000 -1.0000 -0.0000
vn -0.0000 -0.0000 1.0000
vn -1.0000 -0.0000 -0.0000
vt 0.853333 0.666667
vt 0.833333 0.646667
vt 0.853333 0.646667
vt 0.353333 0.646667
vt 0.340000 0.673333
vt 0.333333 0.646667
vt 0.020000 1.000000
vt 0.000000 0.980000
vt 0.020000 0.980000
vt 0.333333 0.020000
vt 0.353333 0.000000
vt 0.353333 0.020000
vt 0.686667 -0.000000
vt 0.686667 0.020000
vt 0.666667 0.020000
vt 0.666667 0.646667
vt 0.646667 0.666667
vt 0.646667 0.646667
vt 0.686667 0.646667
vt 0.686667 0.666667
vt 0.666667 0.646667
vt 0.646667 0.020000
vt 0.646667 0.000000
vt 0.666667 0.020000
vt 0.313333 0.666667
vt 0.313333 0.646667
vt 0.313333 0.020000
vt 0.313333 0.000000
vt 0.146667 1.000000
vt 0.146667 0.980000
vt 0.166667 0.980000
vt 0.020000 0.666667
vt 0.000000 0.646667
vt 0.020000 0.646667
vt 0.813333 0.020000
vt 0.813333 0.000000
vt 0.833333 0.020000
vt 0.000000 0.020000
vt 0.020000 0.000000
vt 0.020000 0.020000
vt 0.166667 0.686667
vt 0.146667 0.686667
vt 0.146667 0.666667
vt 0.340000 0.673333
vt 0.166667 0.980000
vt 0.020000 0.666667
vt 0.020000 0.646667
vt 0.020000 0.000000
vt 0.313333 0.666667
vt 0.313333 0.646667
vt 0.333333 0.646667
vt 0.353333 0.646667
vt 0.333333 0.020000
vt 0.313333 0.020000
vt 0.313333 0.000000
vt 0.020000 0.666667
vt 0.000000 0.646667
vt 0.020000 0.646667
vt 0.813333 0.020000
vt 0.833333 0.020000
vt 0.000000 0.020000
vt 0.020000 0.000000
vt 0.020000 0.020000
vt 0.313333 0.646667
vt 0.333333 0.646667
vt 0.353333 0.646667
vt 0.333333 0.020000
vt 0.313333 0.020000
vt 0.000000 0.646667
vt 0.020000 0.646667
vt 0.813333 0.020000
vt 0.833333 0.020000
vt 0.000000 0.020000
vt 0.020000 0.020000
vt 0.020000 0.020000
vt 0.186667 0.666667
vt 0.186667 0.686667
vt 0.166667 0.686667
vt 0.313333 0.686667
vt 0.686667 0.020000
vt 0.666667 0.020000
vt 0.833333 0.020000
vt 0.813333 0.020000
vt 0.813333 0.000000
vt 0.340000 0.673333
vt 0.146667 0.980000
vt 0.813333 0.020000
vt 0.146667 0.686667
vt 0.146667 0.666667
vt 0.020000 0.000000
vt 0.813333 0.020000
vt 0.813333 0.020000
vt 0.313333 0.020000
vt 0.020000 0.020000
vt 0.813333 0.020000
vt 0.186667 0.666667
vt 0.186667 0.686667
vt 0.313333 0.686667
vt 0.686667 -0.000000
vt 0.686667 0.020000
vt 0.813333 0.020000
vt 0.146667 1.000000
vt 0.813333 0.020000
vt 0.146667 0.686667
vt 0.813333 0.020000
vt 0.146667 1.000000
vt 0.146667 0.980000
vt 0.813333 0.000000
vt 0.146667 0.686667
vt 0.340000 0.673333
vt 0.146667 1.000000
vt 0.146667 0.980000
vt 0.813333 0.020000
vt 0.813333 0.000000
vt 0.146667 0.686667
vt 0.146667 0.666667
vt 0.813333 0.020000
vt 0.813333 0.020000
vt 0.313333 0.020000
vt 0.020000 0.020000
vt 0.166667 0.686667
vt 0.020000 0.020000
vt 0.146667 1.000000
vt 0.146667 0.980000
vt 0.813334 0.020000
vt 0.813333 0.000000
vt 0.146667 0.686667
vt 0.146667 0.666667
vt 0.813333 0.020000
vt 0.340000 0.673333
vt 0.340000 0.673333
vt 0.186667 0.666667
vt 0.186667 0.686667
vt 0.313333 0.686667
vt 0.313333 0.666667
vt 0.686667 -0.000000
vt 0.686667 0.020000
vt 0.813333 0.020000
vt 0.813333 0.000000
vt 0.340000 0.673333
vt 0.146667 1.000000
vt 0.146667 0.980000
vt 0.813333 0.020000
vt 0.146667 0.686667
vt 0.146667 0.666667
vt 0.340000 0.673333
vt 0.813333 0.020000
vt 0.813333 0.020000
vt 0.000000 0.020000
vt 0.980000 0.646667
vt 0.980000 0.666667
vt 0.813333 0.666667
vt 0.813333 0.646667
vt 0.000000 0.686667
vt 0.020000 0.686667
vt 0.833333 0.020000
vt 0.853333 0.020000
vt 0.166667 0.980000
vt 0.186667 0.980000
vt 0.020000 0.666667
vt 0.353333 0.020000
vt 0.833333 0.646667
vt 0.813333 0.646667
vt 0.646667 0.646667
vt 0.646667 0.666667
vt 0.853333 0.646667
vt 0.980000 0.646667
vt 0.686667 0.020000
vt 0.353333 0.020000
vt 0.833333 0.646667
vt 0.813333 0.646667
vt 0.646667 0.646667
vt 0.853333 0.646667
vt 0.980000 0.646667
vt 0.686667 0.020000
vt 0.353333 0.020000
vt 0.646667 0.333333
vt 0.646667 0.020000
vt 0.666667 0.020000
vt 0.666667 0.333333
vt 0.313333 0.333333
vt 0.333333 0.333333
vt 0.333333 0.980000
vt 0.313333 0.980000
vt 0.666667 0.333333
vt 0.686667 0.333333
vt 1.000000 0.333333
vt 1.000000 0.646667
vt 0.980000 0.646667
vt 0.980000 0.333333
vt 0.813333 0.646667
vt 0.020000 0.686667
vt 0.020000 1.000000
vt 0.686667 0.020000
vt 0.853333 0.646667
vt 0.980000 0.646667
vt 0.813333 0.646667
vt 0.980000 0.646667
vt 0.980000 0.666667
vt 0.020000 0.686667
vt 0.020000 0.666667
vt 0.020000 0.980000
vt 0.020000 1.000000
vt 0.686667 0.020000
vt 0.980000 0.646667
vt 0.686667 0.020000
vt 0.686667 0.020000
vt 0.186667 0.980000
vt 0.813333 0.646667
vt 0.980000 0.646667
vt 0.020000 0.686667
vt 0.020000 0.666667
vt 0.020000 0.980000
vt 0.813333 0.646667
vt 0.980000 0.646667
vt 0.813333 0.646667
vt 0.980000 0.646667
vt 0.980000 0.666667
vt 0.020000 0.686667
vt 0.020000 0.666667
vt 0.020000 0.980000
vt 0.020000 1.000000
vt 0.853333 0.646667
vt 0.813333 0.646667
vt 0.813333 0.646667
vt 0.980000 0.646667
vt 0.020000 0.686667
vt 0.020000 0.666667
vt 0.020000 0.980000
vt 0.686667 -0.000000
vt 0.813333 0.646667
vt 0.813333 0.646667
vt 0.980000 0.646667
vt 0.686667 0.020000
vt 0.853333 0.646667
vt 0.646667 0.020000
vt 0.333333 0.980000
vt 0.853333 0.646667
vt 0.853333 0.666667
vt 0.020000 0.686667
vt 0.020000 0.666667
vt 0.020000 0.980000
vt 0.020000 1.000000
vt 0.686667 -0.000000
vt 0.686667 0.020000
vt 0.853333 0.646667
vt 0.980000 0.646667
vt 0.686667 0.020000
vt 0.853333 0.646667
vt 0.686667 0.020000
vt 0.313333 0.980000
vt 0.686667 0.333333
vt 0.186667 0.980000
vt 0.980000 0.646667
vt 0.980000 0.333333
vt 0.813333 0.646667
vt 0.980000 0.646667
vt 0.980000 0.666667
vt 0.853333 0.666667
vt 0.020000 0.686667
vt 0.020000 0.666667
vt 0.020000 0.980000
vt 0.020000 1.000000
vt 0.686667 0.020000
vt 0.853333 0.646667
vt 0.980000 0.646667
vt 0.686667 0.020000
vt 0.813333 0.646667
vt 0.853333 0.646667
vt 0.980000 0.646667
vt 0.686667 0.020000
vt 0.813333 0.646667
vt 0.813333 0.646667
vt 0.646667 0.329268
vt 0.666667 0.329268
vt 0.313333 0.329268
vt 0.333333 0.329268
vt 0.020000 0.333333
vt 0.000000 0.333333
vt 0.353333 0.020000
vt 0.353333 0.333333
vt 0.020000 0.333333
vt 0.353333 0.020000
vt 0.353333 0.333333
vt 0.020000 0.329268
vt 0.000000 0.329268
vt 0.353333 0.329268
vt 0.333333 0.020000
vt 0.833333 0.333333
vt 0.813333 0.333333
vt 0.833333 0.646667
vt 0.853333 0.333333
vt 0.853333 0.646667
vt 0.813333 0.333333
vt 0.853334 0.333333
vt 0.853333 0.646667
vt 0.313333 0.980000
vt 0.980000 0.020000
vt 0.853333 0.020000
vt 0.980000 0.020000
vt 0.646667 0.020000
vt 0.686667 0.646667
vt 0.853333 0.020000
vt 0.980000 0.020000
vt 0.646667 0.020000
vt 0.686667 0.646667
vt 0.853333 0.020000
vt 0.980000 0.020000
vt 0.646667 0.020000
vt 0.686667 0.646667
vt 0.853333 0.020000
vt 0.980000 0.020000
vt 0.686667 0.646667
vt 0.686667 0.333333
vt 0.813333 0.333333
vt 0.646667 0.333333
vt 0.853333 0.020000
vt 0.980000 0.020000
vt 0.686667 0.646667
vt 0.853333 0.020000
vt 0.980000 0.020000
vt 0.980000 0.020000
vt 0.186667 0.980000
vt 0.853333 0.020000
vt 0.980000 0.020000
vt 0.686667 0.646667
vt 0.686667 0.646667
vt 0.980000 0.020000
vt 0.686667 0.646667
vt 0.980000 0.020000
vt 0.980000 0.020000
vt 0.313333 0.980000
vt 0.186667 0.980000
vt 0.186667 0.686667
vt 0.686667 0.646667
vt 0.686667 0.646667
vt 0.980000 0.020000
vt 0.980000 0.333333
vt 0.853333 0.020000
vt 0.980000 0.020000
vt 0.980000 0.020000
vt 0.813333 0.646667
vt 0.313333 0.980000
vt 0.980000 0.020000
vt 0.980000 0.020000
vt 0.980000 0.020000
vt 0.980000 0.020000
vt 0.686667 0.646667
vt 0.980000 0.333333
vt 0.686667 0.333333
vt 0.313333 0.980000
vt 0.186667 0.980000
vt 0.186667 0.686667
vt 0.853333 0.020000
vt 0.980000 0.020000
vt 0.686667 0.646667
vt 0.853334 0.020000
vt 0.980000 0.020000
vt 0.686667 0.646667
vt 0.853333 0.020000
vt 0.686667 0.646667
vt 0.853333 0.020000
vt 0.686667 0.646667
vt 0.853333 0.333333
vt 0.686667 0.646667
vt 0.686667 0.333333
vt 0.813333 0.333333
vt 0.853334 0.020000
vt 0.980000 0.020000
vt 0.853334 0.020000
vt 0.980000 0.020000
vt 0.686667 0.646667
vt 0.853333 0.020000
vt 0.853334 0.020000
vt 0.980000 0.020000
vt 0.686667 0.646667
vt 0.980000 0.329268
vt 0.853334 0.329268
vt 0.853334 0.020000
vt 0.980000 0.020000
vt 0.813333 0.646667
vt 0.686667 0.337399
vt 0.813333 0.337399
s 0
usemtl Material.001
f 1/1/1 2/2/1 3/3/1
f 4/4/2 5/5/2 6/6/2
f 7/7/3 8/8/3 9/9/3
f 10/10/4 11/11/4 12/12/4
f 13/13/5 14/14/5 15/15/5
f 16/16/6 17/17/6 18/18/6
f 19/19/7 20/20/7 21/21/7
f 22/22/8 23/23/8 24/24/8
f 25/25/9 26/26/9 27/6/9
f 28/4/10 29/5/10 30/6/10
f 31/10/11 32/27/11 33/28/11
f 34/29/12 35/30/12 36/31/12
f 37/32/13 38/33/13 39/34/13
f 40/35/14 41/36/14 42/37/14
f 43/38/15 44/39/15 45/40/15
f 46/41/16 47/42/16 48/43/16
f 49/25/9 50/26/9 51/6/9
f 52/4/10 53/44/10 54/6/10
f 55/10/11 56/27/11 57/28/11
f 58/29/12 59/30/12 60/45/12
f 61/46/13 62/33/13 63/47/13
f 64/35/14 65/36/14 66/37/14
f 67/38/15 68/48/15 69/40/15
f 70/41/16 71/42/16 72/43/16
f 73/25/17 74/26/17 75/6/17
f 76/4/18 77/44/18 78/6/18
f 79/10/3 80/27/3 81/28/3
f 82/29/19 83/30/19 84/45/19
f 85/46/20 86/33/20 87/47/20
f 88/35/21 89/36/21 90/37/21
f 91/38/7 92/48/7 93/40/7
f 94/41/22 95/42/22 96/43/22
f 97/49/23 98/50/23 99/51/23
f 100/52/24 101/5/24 102/51/24
f 103/53/25 104/54/25 105/55/25
f 106/29/26 107/30/26 108/31/26
f 109/56/27 110/57/27 111/58/27
f 112/59/28 113/36/28 114/60/28
f 115/61/29 116/62/29 117/63/29
f 118/41/30 119/42/30 120/43/30
f 121/25/23 122/50/23 123/51/23
f 124/52/24 125/5/24 126/51/24
f 127/53/31 128/54/31 129/28/31
f 130/29/32 131/30/32 132/31/32
f 133/32/27 134/57/27 135/58/27
f 136/59/28 137/36/28 138/60/28
f 139/61/33 140/39/33 141/63/33
f 142/41/34 143/42/34 144/43/34
f 145/25/1 146/50/1 147/51/1
f 148/52/2 149/5/2 150/51/2
f 151/53/11 152/54/11 153/28/11
f 154/29/12 155/30/12 156/31/12
f 157/32/5 158/57/5 159/58/5
f 160/59/6 161/36/6 162/60/6
f 163/61/15 164/39/15 165/63/15
f 166/41/16 167/42/16 168/43/16
f 169/25/1 170/50/1 171/51/1
f 172/52/2 173/5/2 174/51/2
f 175/53/11 176/54/11 177/28/11
f 178/29/12 179/30/12 180/31/12
f 181/32/5 182/57/5 183/58/5
f 184/59/6 185/36/6 186/60/6
f 187/61/15 188/39/15 189/63/15
f 190/41/16 191/42/16 192/43/16
f 193/25/1 194/64/1 195/65/1
f 196/66/2 197/5/2 198/65/2
f 199/67/11 200/68/11 201/28/11
f 202/29/12 203/30/12 204/31/12
f 205/32/5 206/69/5 207/70/5
f 208/71/6 209/36/6 210/72/6
f 211/73/15 212/39/15 213/74/15
f 214/41/16 215/42/16 216/43/16
f 217/67/11 218/68/11 219/28/11
f 220/29/12 221/30/12 222/45/12
f 223/73/15 224/48/15 225/75/15
f 226/41/16 227/42/16 228/43/16
f 229/76/35 230/77/35 231/78/35
f 232/5/36 233/79/36 234/49/36
f 235/13/37 236/80/37 237/81/37
f 238/82/38 239/83/38 240/84/38
f 241/25/35 242/26/35 243/6/35
f 244/4/10 245/85/10 246/6/10
f 247/10/11 248/27/11 249/28/11
f 250/29/12 251/86/12 252/45/12
f 253/46/37 254/33/37 255/47/37
f 256/87/14 257/84/14 258/37/14
f 259/38/15 260/48/15 261/40/15
f 262/41/16 263/88/16 264/89/16
f 265/25/35 266/26/35 267/6/35
f 268/4/10 269/85/10 270/6/10
f 271/10/39 272/27/39 273/28/39
f 274/29/19 275/86/19 276/31/19
f 277/32/37 278/33/37 279/47/37
f 280/87/14 281/84/14 282/37/14
f 283/38/29 284/90/29 285/40/29
f 286/41/22 287/88/22 288/89/22
f 289/25/17 290/26/17 291/6/17
f 292/4/18 293/85/18 294/6/18
f 295/10/39 296/27/39 297/28/39
f 298/29/19 299/86/19 300/31/19
f 301/32/20 302/33/20 303/47/20
f 304/87/21 305/84/21 306/37/21
f 307/38/29 308/90/29 309/40/29
f 310/41/22 311/88/22 312/89/22
f 313/25/23 314/50/23 315/51/23
f 316/52/24 317/85/24 318/51/24
f 319/10/3 320/27/3 321/28/3
f 322/29/19 323/86/19 324/31/19
f 325/32/27 326/57/27 327/58/27
f 328/91/28 329/84/28 330/60/28
f 331/38/29 332/39/29 333/40/29
f 334/41/22 335/88/22 336/89/22
f 337/25/23 338/50/23 339/51/23
f 340/52/24 341/85/24 342/51/24
f 343/53/31 344/54/31 345/28/31
f 346/29/32 347/86/32 348/45/32
f 349/46/27 350/57/27 351/58/27
f 352/91/28 353/84/28 354/60/28
f 355/61/33 356/48/33 357/63/33
f 358/41/34 359/88/34 360/89/34
f 361/25/1 362/50/1 363/51/1
f 364/52/2 365/85/2 366/51/2
f 367/53/11 368/54/11 369/28/11
f 370/29/12 371/86/12 372/45/12
f 373/46/5 374/57/5 375/58/5
f 376/91/6 377/84/6 378/60/6
f 379/61/15 380/48/15 381/63/15
f 382/41/16 383/88/16 384/89/16
f 385/25/1 386/50/1 387/51/1
f 388/52/2 389/85/2 390/51/2
f 391/53/11 392/54/11 393/28/11
f 394/29/12 395/86/12 396/45/12
f 397/46/5 398/57/5 399/58/5
f 400/91/6 401/84/6 402/60/6
f 403/61/15 404/48/15 405/63/15
f 406/41/16 407/88/16 408/89/16
f 409/25/1 410/64/1 411/65/1
f 412/66/2 413/85/2 414/65/2
f 415/53/11 416/54/11 417/28/11
f 418/29/12 419/86/12 420/45/12
f 421/46/5 422/69/5 423/70/5
f 424/92/6 425/84/6 426/72/6
f 427/61/15 428/48/15 429/63/15
f 430/41/16 431/88/16 432/89/16
f 433/25/1 434/64/1 435/65/1
f 436/66/2 437/85/2 438/65/2
f 439/67/11 440/68/11 441/28/11
f 442/29/12 443/86/12 444/31/12
f 445/32/5 446/69/5 447/70/5
f 448/92/6 449/84/6 450/72/6
f 451/73/15 452/90/15 453/74/15
f 454/41/16 455/88/16 456/89/16
f 457/25/1 458/26/1 459/6/1
f 460/4/2 461/5/2 462/6/2
f 463/10/39 464/93/39 465/28/39
f 466/29/40 467/30/40 468/31/40
f 469/32/5 470/33/5 471/34/5
f 472/35/6 473/36/6 474/37/6
f 475/38/29 476/39/29 477/94/29
f 478/41/8 479/42/8 480/43/8
f 481/25/35 482/26/35 483/6/35
f 484/4/10 485/5/10 486/6/10
f 487/10/11 488/27/11 489/28/11
f 490/29/12 491/30/12 492/31/12
f 493/32/37 494/33/37 495/34/37
f 496/35/14 497/36/14 498/37/14
f 499/38/15 500/39/15 501/40/15
f 502/41/16 503/42/16 504/43/16
f 505/25/35 506/26/35 507/6/35
f 508/4/10 509/44/10 510/6/10
f 511/10/11 512/27/11 513/28/11
f 514/29/12 515/30/12 516/45/12
f 517/46/37 518/33/37 519/47/37
f 520/35/14 521/36/14 522/37/14
f 523/38/15 524/48/15 525/40/15
f 526/41/16 527/42/16 528/43/16
f 529/25/17 530/26/17 531/6/17
f 532/4/18 533/44/18 534/6/18
f 535/10/39 536/27/39 537/28/39
f 538/29/19 539/30/19 540/45/19
f 541/46/20 542/33/20 543/47/20
f 544/35/21 545/36/21 546/37/21
f 547/38/29 548/48/29 549/40/29
f 550/41/22 551/42/22 552/43/22
f 553/49/23 554/50/23 555/51/23
f 556/52/24 557/5/24 558/51/24
f 559/53/39 560/54/39 561/55/39
f 562/29/26 563/30/26 564/31/26
f 565/56/27 566/57/27 567/58/27
f 568/59/28 569/36/28 570/60/28
f 571/61/29 572/62/29 573/63/29
f 574/41/30 575/42/30 576/43/30
f 577/25/23 578/50/23 579/51/23
f 580/52/24 581/5/24 582/51/24
f 583/53/31 584/54/31 585/28/31
f 586/29/32 587/30/32 588/31/32
f 589/32/27 590/57/27 591/58/27
f 592/59/28 593/36/28 594/60/28
f 595/61/33 596/39/33 597/63/33
f 598/41/34 599/42/34 600/43/34
f 601/25/1 602/50/1 603/51/1
f 604/52/2 605/5/2 606/51/2
f 607/53/11 608/54/11 609/28/11
f 610/29/12 611/30/12 612/31/12
f 613/32/5 614/57/5 615/58/5
f 616/59/6 617/36/6 618/60/6
f 619/61/15 620/39/15 621/63/15
f 622/41/16 623/42/16 624/43/16
f 625/25/1 626/50/1 627/51/1
f 628/52/2 629/5/2 630/51/2
f 631/53/11 632/54/11 633/28/11
f 634/29/12 635/30/12 636/31/12
f 637/32/5 638/57/5 639/58/5
f 640/59/6 641/36/6 642/60/6
f 643/61/15 644/39/15 645/63/15
f 646/41/16 647/42/16 648/43/16
f 649/25/1 650/64/1 651/65/1
f 652/66/2 653/5/2 654/65/2
f 655/67/11 656/68/11 657/28/11
f 658/29/12 659/30/12 660/31/12
f 661/32/5 662/69/5 663/70/5
f 664/95/6 665/36/6 666/72/6
f 667/73/15 668/39/15 669/74/15
f 670/41/16 671/42/16 672/43/16
f 673/67/11 674/68/11 675/28/11
f 676/29/12 677/30/12 678/45/12
f 679/73/15 680/48/15 681/75/15
f 682/41/16 683/42/16 684/43/16
f 685/96/41 686/97/41 687/78/41
f 688/85/10 689/98/10 690/49/10
f 691/99/20 692/100/20 693/81/20
f 694/82/21 695/101/21 696/84/21
f 697/25/35 698/26/35 699/6/35
f 700/4/36 701/44/36 702/6/36
f 703/10/11 704/27/11 705/28/11
f 706/102/12 707/86/12 708/45/12
f 709/46/37 710/33/37 711/47/37
f 712/103/38 713/84/38 714/37/38
f 715/38/15 716/48/15 717/40/15
f 718/41/16 719/104/16 720/89/16
f 721/25/35 722/26/35 723/6/35
f 724/4/36 725/5/36 726/6/36
f 727/10/39 728/27/39 729/28/39
f 730/102/4 731/86/4 732/31/4
f 733/32/37 734/33/37 735/47/37
f 736/103/38 737/84/38 738/37/38
f 739/38/29 740/90/29 741/40/29
f 742/41/8 743/104/8 744/89/8
f 745/25/17 746/26/17 747/6/17
f 748/4/18 749/5/18 750/6/18
f 751/10/39 752/27/39 753/28/39
f 754/102/4 755/86/4 756/31/4
f 757/32/20 758/33/20 759/47/20
f 760/103/21 761/84/21 762/37/21
f 763/38/29 764/90/29 765/40/29
f 766/41/8 767/104/8 768/89/8
f 769/25/23 770/50/23 771/51/23
f 772/52/24 773/5/24 774/51/24
f 775/10/39 776/27/39 777/28/39
f 778/102/4 779/86/4 780/31/4
f 781/32/27 782/57/27 783/58/27
f 784/105/28 785/84/28 786/60/28
f 787/38/29 788/39/29 789/40/29
f 790/41/8 791/104/8 792/89/8
f 793/25/23 794/50/23 795/51/23
f 796/52/24 797/44/24 798/51/24
f 799/53/31 800/54/31 801/28/31
f 802/102/32 803/86/32 804/45/32
f 805/46/27 806/57/27 807/58/27
f 808/105/28 809/84/28 810/60/28
f 811/61/33 812/48/33 813/63/33
f 814/41/34 815/104/34 816/89/34
f 817/25/1 818/50/1 819/51/1
f 820/52/2 821/44/2 822/51/2
f 823/53/11 824/54/11 825/28/11
f 826/102/12 827/86/12 828/45/12
f 829/46/5 830/57/5 831/58/5
f 832/105/6 833/84/6 834/60/6
f 835/61/15 836/48/15 837/63/15
f 838/41/16 839/104/16 840/89/16
f 841/25/1 842/50/1 843/51/1
f 844/52/2 845/44/2 846/51/2
f 847/53/11 848/54/11 849/28/11
f 850/102/12 851/86/12 852/45/12
f 853/46/5 854/57/5 855/58/5
f 856/105/6 857/84/6 858/60/6
f 859/61/15 860/48/15 861/63/15
f 862/41/16 863/104/16 864/89/16
f 865/25/1 866/64/1 867/65/1
f 868/66/2 869/44/2 870/65/2
f 871/53/11 872/54/11 873/28/11
f 874/102/12 875/86/12 876/45/12
f 877/46/5 878/69/5 879/70/5
f 880/71/6 881/84/6 882/72/6
f 883/61/15 884/48/15 885/63/15
f 886/41/16 887/104/16 888/89/16
f 889/25/1 890/64/1 891/65/1
f 892/66/2 893/5/2 894/65/2
f 895/67/11 896/68/11 897/28/11
f 898/102/12 899/86/12 900/31/12
f 901/32/5 902/69/5 903/70/5
f 904/71/6 905/84/6 906/72/6
f 907/73/15 908/90/15 909/74/15
f 910/41/16 911/104/16 912/89/16
f 913/25/41 914/26/41 915/6/41
f 916/4/2 917/5/2 918/6/2
f 919/10/39 920/93/39 921/28/39
f 922/106/19 923/107/19 924/31/19
f 925/32/42 926/33/42 927/34/42
f 928/35/6 929/108/6 930/37/6
f 931/38/29 932/39/29 933/94/29
f 934/41/22 935/109/22 936/43/22
f 937/25/41 938/26/41 939/6/41
f 940/4/43 941/5/43 942/6/43
f 943/10/44 944/27/44 945/28/44
f 946/106/12 947/107/12 948/31/12
f 949/32/42 950/33/42 951/34/42
f 952/35/45 953/108/45 954/37/45
f 955/38/46 956/39/46 957/40/46
f 958/41/16 959/109/16 960/43/16
f 961/25/41 962/26/41 963/6/41
f 964/4/43 965/44/43 966/6/43
f 967/10/47 968/27/47 969/28/47
f 970/106/12 971/107/12 972/45/12
f 973/46/42 974/33/42 975/47/42
f 976/35/45 977/108/45 978/37/45
f 979/38/48 980/48/48 981/40/48
f 982/41/16 983/109/16 984/43/16
f 985/25/17 986/26/17 987/6/17
f 988/4/18 989/44/18 990/6/18
f 991/10/44 992/27/44 993/28/44
f 994/106/40 995/107/40 996/45/40
f 997/46/20 998/33/20 999/47/20
f 1000/35/21 1001/108/21 1002/37/21
f 1003/38/46 1004/48/46 1005/40/46
f 1006/41/49 1007/109/49 1008/43/49
f 1009/49/35 1010/50/35 1011/51/35
f 1012/52/24 1013/5/24 1014/51/24
f 1015/53/25 1016/54/25 1017/55/25
f 1018/106/4 1019/107/4 1020/31/4
f 1021/56/37 1022/57/37 1023/58/37
f 1024/105/28 1025/108/28 1026/60/28
f 1027/61/50 1028/62/50 1029/63/50
f 1030/41/8 1031/109/8 1032/43/8
f 1033/25/35 1034/50/35 1035/51/35
f 1036/52/24 1037/5/24 1038/51/24
f 1039/53/39 1040/54/39 1041/28/39
f 1042/106/32 1043/107/32 1044/31/32
f 1045/32/37 1046/57/37 1047/58/37
f 1048/105/28 1049/108/28 1050/60/28
f 1051/61/29 1052/39/29 1053/63/29
f 1054/41/34 1055/109/34 1056/43/34
f 1057/25/1 1058/50/1 1059/51/1
f 1060/52/2 1061/5/2 1062/51/2
f 1063/53/11 1064/54/11 1065/28/11
f 1066/106/12 1067/107/12 1068/31/12
f 1069/32/5 1070/57/5 1071/58/5
f 1072/105/6 1073/108/6 1074/60/6
f 1075/61/15 1076/39/15 1077/63/15
f 1078/41/16 1079/109/16 1080/43/16
f 1081/25/1 1082/50/1 1083/51/1
f 1084/52/2 1085/5/2 1086/51/2
f 1087/53/11 1088/54/11 1089/28/11
f 1090/106/12 1091/107/12 1092/31/12
f 1093/32/5 1094/57/5 1095/58/5
f 1096/105/6 1097/108/6 1098/60/6
f 1099/61/15 1100/39/15 1101/63/15
f 1102/41/16 1103/109/16 1104/43/16
f 1105/25/1 1106/64/1 1107/65/1
f 1108/66/2 1109/5/2 1110/65/2
f 1111/67/11 1112/68/11 1113/28/11
f 1114/106/12 1115/107/12 1116/31/12
f 1117/32/5 1118/69/5 1119/70/5
f 1120/95/6 1121/108/6 1122/72/6
f 1123/73/15 1124/39/15 1125/74/15
f 1126/41/16 1127/109/16 1128/43/16
f 1129/67/11 1130/68/11 1131/28/11
f 1132/106/12 1133/107/12 1134/45/12
f 1135/73/15 1136/48/15 1137/75/15
f 1138/41/16 1139/109/16 1140/43/16
f 1141/96/35 1142/97/35 1143/78/35
f 1144/85/36 1145/98/36 1146/49/36
f 1147/99/37 1148/100/37 1149/81/37
f 1150/82/38 1151/101/38 1152/84/38
f 1153/25/41 1154/26/41 1155/6/41
f 1156/4/10 1157/44/10 1158/6/10
f 1159/10/44 1160/27/44 1161/28/44
f 1162/102/19 1163/86/19 1164/45/19
f 1165/46/42 1166/33/42 1167/47/42
f 1168/103/14 1169/84/14 1170/37/14
f 1171/38/46 1172/48/46 1173/40/46
f 1174/41/22 1175/104/22 1176/89/22
f 1177/25/41 1178/26/41 1179/6/41
f 1180/4/10 1181/5/10 1182/6/10
f 1183/10/44 1184/27/44 1185/28/44
f 1186/102/19 1187/86/19 1188/31/19
f 1189/32/42 1190/33/42 1191/47/42
f 1192/103/14 1193/84/14 1194/37/14
f 1195/38/46 1196/90/46 1197/40/46
f 1198/41/22 1199/104/22 1200/89/22
f 1201/25/17 1202/26/17 1203/6/17
f 1204/4/18 1205/5/18 1206/6/18
f 1207/10/44 1208/27/44 1209/28/44
f 1210/102/19 1211/86/19 1212/31/19
f 1213/32/20 1214/33/20 1215/47/20
f 1216/103/21 1217/84/21 1218/37/21
f 1219/38/46 1220/90/46 1221/40/46
f 1222/41/22 1223/104/22 1224/89/22
f 1225/25/35 1226/50/35 1227/51/35
f 1228/52/36 1229/5/36 1230/51/36
f 1231/10/44 1232/27/44 1233/28/44
f 1234/102/19 1235/86/19 1236/31/19
f 1237/32/37 1238/57/37 1239/58/37
f 1240/105/38 1241/84/38 1242/60/38
f 1243/38/46 1244/39/46 1245/40/46
f 1246/41/22 1247/104/22 1248/89/22
f 1249/25/35 1250/50/35 1251/51/35
f 1252/52/36 1253/44/36 1254/51/36
f 1255/53/39 1256/54/39 1257/28/39
f 1258/102/4 1259/86/4 1260/45/4
f 1261/46/37 1262/57/37 1263/58/37
f 1264/105/38 1265/84/38 1266/60/38
f 1267/61/29 1268/48/29 1269/63/29
f 1270/41/8 1271/104/8 1272/89/8
f 1273/25/1 1274/50/1 1275/51/1
f 1276/52/2 1277/44/2 1278/51/2
f 1279/53/11 1280/54/11 1281/28/11
f 1282/102/12 1283/86/12 1284/45/12
f 1285/46/5 1286/57/5 1287/58/5
f 1288/105/6 1289/84/6 1290/60/6
f 1291/61/15 1292/48/15 1293/63/15
f 1294/41/16 1295/104/16 1296/89/16
f 1297/25/1 1298/50/1 1299/51/1
f 1300/52/2 1301/44/2 1302/51/2
f 1303/53/11 1304/54/11 1305/28/11
f 1306/102/12 1307/86/12 1308/45/12
f 1309/46/5 1310/57/5 1311/58/5
f 1312/105/6 1313/84/6 1314/60/6
f 1315/61/15 1316/48/15 1317/63/15
f 1318/41/16 1319/104/16 1320/89/16
f 1321/25/1 1322/64/1 1323/65/1
f 1324/66/2 1325/44/2 1326/65/2
f 1327/53/11 1328/54/11 1329/28/11
f 1330/102/12 1331/86/12 1332/45/12
f 1333/46/5 1334/69/5 1335/70/5
f 1336/71/6 1337/84/6 1338/72/6
f 1339/61/15 1340/48/15 1341/63/15
f 1342/41/16 1343/104/16 1344/89/16
f 1345/25/1 1346/64/1 1347/65/1
f 1348/66/2 1349/5/2 1350/65/2
f 1351/67/11 1352/68/11 1353/28/11
f 1354/102/12 1355/86/12 1356/31/12
f 1357/32/5 1358/69/5 1359/70/5
f 1360/71/6 1361/84/6 1362/72/6
f 1363/73/15 1364/90/15 1365/74/15
f 1366/41/16 1367/104/16 1368/89/16
f 1369/25/41 1370/26/41 1371/6/41
f 1372/4/10 1373/5/10 1374/6/10
f 1375/10/39 1376/93/39 1377/28/39
f 1378/102/4 1379/86/4 1380/31/4
f 1381/32/42 1382/33/42 1383/34/42
f 1384/103/14 1385/84/14 1386/37/14
f 1387/38/29 1388/39/29 1389/94/29
f 1390/41/8 1391/104/8 1392/89/8
f 1393/25/41 1394/26/41 1395/6/41
f 1396/4/10 1397/5/10 1398/6/10
f 1399/10/44 1400/27/44 1401/28/44
f 1402/102/19 1403/86/19 1404/31/19
f 1405/32/42 1406/33/42 1407/34/42
f 1408/103/14 1409/84/14 1410/37/14
f 1411/38/46 1412/39/46 1413/40/46
f 1414/41/22 1415/104/22 1416/89/22
f 1417/25/41 1418/26/41 1419/6/41
f 1420/4/10 1421/44/10 1422/6/10
f 1423/10/47 1424/27/47 1425/28/47
f 1426/102/51 1427/86/51 1428/45/51
f 1429/46/42 1430/33/42 1431/47/42
f 1432/103/14 1433/84/14 1434/37/14
f 1435/38/48 1436/48/48 1437/40/48
f 1438/41/52 1439/104/52 1440/89/52
f 1441/25/17 1442/26/17 1443/6/17
f 1444/4/18 1445/44/18 1446/6/18
f 1447/10/44 1448/27/44 1449/28/44
f 1450/102/19 1451/86/19 1452/45/19
f 1453/46/20 1454/33/20 1455/47/20
f 1456/103/21 1457/84/21 1458/37/21
f 1459/38/46 1460/48/46 1461/40/46
f 1462/41/22 1463/104/22 1464/89/22
f 1465/49/35 1466/50/35 1467/51/35
f 1468/52/36 1469/5/36 1470/51/36
f 1471/53/25 1472/54/25 1473/55/25
f 1474/102/26 1475/86/26 1476/31/26
f 1477/56/37 1478/57/37 1479/58/37
f 1480/105/38 1481/84/38 1482/60/38
f 1483/61/50 1484/62/50 1485/63/50
f 1486/41/30 1487/104/30 1488/89/30
f 1489/25/35 1490/50/35 1491/51/35
f 1492/52/36 1493/5/36 1494/51/36
f 1495/53/39 1496/54/39 1497/28/39
f 1498/102/4 1499/86/4 1500/31/4
f 1501/32/37 1502/57/37 1503/58/37
f 1504/105/38 1505/84/38 1506/60/38
f 1507/61/29 1508/39/29 1509/63/29
f 1510/41/8 1511/104/8 1512/89/8
f 1513/25/1 1514/50/1 1515/51/1
f 1516/52/2 1517/5/2 1518/51/2
f 1519/53/11 1520/54/11 1521/28/11
f 1522/102/12 1523/86/12 1524/31/12
f 1525/32/5 1526/57/5 1527/58/5
f 1528/105/6 1529/84/6 1530/60/6
f 1531/61/15 1532/39/15 1533/63/15
f 1534/41/16 1535/104/16 1536/89/16
f 1537/25/1 1538/50/1 1539/51/1
f 1540/52/2 1541/5/2 1542/51/2
f 1543/53/11 1544/54/11 1545/28/11
f 1546/102/12 1547/86/12 1548/31/12
f 1549/32/5 1550/57/5 1551/58/5
f 1552/105/6 1553/84/6 1554/60/6
f 1555/61/15 1556/39/15 1557/63/15
f 1558/41/16 1559/104/16 1560/89/16
f 1561/25/1 1562/64/1 1563/65/1
f 1564/66/2 1565/5/2 1566/65/2
f 1567/67/11 1568/68/11 1569/28/11
f 1570/102/12 1571/86/12 1572/31/12
f 1573/32/5 1574/69/5 1575/70/5
f 1576/71/6 1577/84/6 1578/72/6
f 1579/73/15 1580/39/15 1581/74/15
f 1582/41/16 1583/104/16 1584/89/16
f 1585/67/11 1586/68/11 1587/28/11
f 1588/102/12 1589/86/12 1590/45/12
f 1591/73/15 1592/48/15 1593/75/15
f 1594/41/16 1595/104/16 1596/89/16
f 1597/96/35 1598/97/35 1599/78/35
f 1600/85/36 1601/98/36 1602/49/36
f 1603/99/37 1604/100/37 1605/81/37
f 1606/82/38 1607/101/38 1608/84/38
f 1609/25/41 1610/26/41 1611/6/41
f 1612/4/10 1613/44/10 1614/6/10
f 1615/10/44 1616/27/44 1617/28/44
f 1618/102/19 1619/86/19 1620/45/19
f 1621/46/42 1622/33/42 1623/47/42
f 1624/103/14 1625/84/14 1626/37/14
f 1627/38/46 1628/48/46 1629/40/46
f 1630/41/22 1631/104/22 1632/89/22
f 1633/25/41 1634/26/41 1635/6/41
f 1636/4/10 1637/5/10 1638/6/10
f 1639/10/44 1640/27/44 1641/28/44
f 1642/102/19 1643/86/19 1644/31/19
f 1645/32/42 1646/33/42 1647/47/42
f 1648/103/14 1649/84/14 1650/37/14
f 1651/38/46 1652/90/46 1653/40/46
f 1654/41/22 1655/104/22 1656/89/22
f 1657/25/17 1658/26/17 1659/6/17
f 1660/4/18 1661/5/18 1662/6/18
f 1663/10/44 1664/27/44 1665/28/44
f 1666/102/19 1667/86/19 1668/31/19
f 1669/32/20 1670/33/20 1671/47/20
f 1672/103/21 1673/84/21 1674/37/21
f 1675/38/46 1676/90/46 1677/40/46
f 1678/41/22 1679/104/22 1680/89/22
f 1681/25/35 1682/50/35 1683/51/35
f 1684/52/36 1685/5/36 1686/51/36
f 1687/10/44 1688/27/44 1689/28/44
f 1690/102/19 1691/86/19 1692/31/19
f 1693/32/37 1694/57/37 1695/58/37
f 1696/105/38 1697/84/38 1698/60/38
f 1699/38/46 1700/39/46 1701/40/46
f 1702/41/22 1703/104/22 1704/89/22
f 1705/25/35 1706/50/35 1707/51/35
f 1708/52/36 1709/44/36 1710/51/36
f 1711/53/39 1712/54/39 1713/28/39
f 1714/102/4 1715/86/4 1716/45/4
f 1717/46/37 1718/57/37 1719/58/37
f 1720/105/38 1721/84/38 1722/60/38
f 1723/61/29 1724/48/29 1725/63/29
f 1726/41/8 1727/104/8 1728/89/8
f 1729/25/1 1730/50/1 1731/51/1
f 1732/52/2 1733/44/2 1734/51/2
f 1735/53/11 1736/54/11 1737/28/11
f 1738/102/12 1739/86/12 1740/45/12
f 1741/46/5 1742/57/5 1743/58/5
f 1744/105/6 1745/84/6 1746/60/6
f 1747/61/15 1748/48/15 1749/63/15
f 1750/41/16 1751/104/16 1752/89/16
f 1753/25/1 1754/50/1 1755/51/1
f 1756/52/2 1757/44/2 1758/51/2
f 1759/53/11 1760/54/11 1761/28/11
f 1762/102/12 1763/86/12 1764/45/12
f 1765/46/5 1766/57/5 1767/58/5
f 1768/105/6 1769/84/6 1770/60/6
f 1771/61/15 1772/48/15 1773/63/15
f 1774/41/16 1775/104/16 1776/89/16
f 1777/25/1 1778/64/1 1779/65/1
f 1780/66/2 1781/44/2 1782/65/2
f 1783/53/11 1784/54/11 1785/28/11
f 1786/102/12 1787/86/12 1788/45/12
f 1789/46/5 1790/69/5 1791/70/5
f 1792/71/6 1793/84/6 1794/72/6
f 1795/61/15 1796/48/15 1797/63/15
f 1798/41/16 1799/104/16 1800/89/16
f 1801/25/1 1802/64/1 1803/65/1
f 1804/66/2 1805/5/2 1806/65/2
f 1807/67/11 1808/68/11 1809/28/11
f 1810/102/12 1811/86/12 1812/31/12
f 1813/32/5 1814/69/5 1815/70/5
f 1816/71/6 1817/84/6 1818/72/6
f 1819/73/15 1820/90/15 1821/74/15
f 1822/41/16 1823/104/16 1824/89/16
f 1825/25/23 1826/26/23 1827/6/23
f 1828/4/2 1829/110/2 1830/6/2
f 1831/10/39 1832/93/39 1833/28/39
f 1834/111/32 1835/112/32 1836/31/32
f 1837/32/27 1838/33/27 1839/34/27
f 1840/113/6 1841/114/6 1842/37/6
f 1843/38/33 1844/39/33 1845/94/33
f 1846/41/34 1847/115/34 1848/116/34
f 1849/25/23 1850/26/23 1851/6/23
f 1852/4/53 1853/110/53 1854/6/53
f 1855/10/31 1856/27/31 1857/28/31
f 1858/111/12 1859/112/12 1860/31/12
f 1861/32/27 1862/33/27 1863/34/27
f 1864/113/54 1865/114/54 1866/37/54
f 1867/38/33 1868/39/33 1869/40/33
f 1870/41/16 1871/115/16 1872/116/16
f 1873/25/23 1874/26/23 1875/6/23
f 1876/4/53 1877/110/53 1878/6/53
f 1879/10/31 1880/27/31 1881/28/31
f 1882/111/12 1883/112/12 1884/31/12
f 1885/32/27 1886/33/27 1887/34/27
f 1888/113/54 1889/114/54 1890/37/54
f 1891/38/33 1892/39/33 1893/40/33
f 1894/41/16 1895/115/16 1896/116/16
f 1897/25/35 1898/26/35 1899/6/35
f 1900/4/18 1901/110/18 1902/6/18
f 1903/10/31 1904/27/31 1905/28/31
f 1906/111/51 1907/112/51 1908/31/51
f 1909/32/37 1910/33/37 1911/34/37
f 1912/113/21 1913/114/21 1914/37/21
f 1915/38/33 1916/39/33 1917/40/33
f 1918/41/52 1919/115/52 1920/116/52
f 1921/25/23 1922/50/23 1923/51/23
f 1924/52/24 1925/110/24 1926/51/24
f 1927/53/39 1928/54/39 1929/55/39
f 1930/111/26 1931/112/26 1932/31/26
f 1933/56/27 1934/57/27 1935/58/27
f 1936/117/28 1937/114/28 1938/60/28
f 1939/61/29 1940/39/29 1941/63/29
f 1942/41/30 1943/115/30 1944/116/30
f 1945/25/23 1946/50/23 1947/51/23
f 1948/52/24 1949/110/24 1950/51/24
f 1951/53/31 1952/54/31 1953/28/31
f 1954/111/32 1955/112/32 1956/31/32
f 1957/32/27 1958/57/27 1959/58/27
f 1960/117/28 1961/114/28 1962/60/28
f 1963/61/33 1964/39/33 1965/63/33
f 1966/41/34 1967/115/34 1968/116/34
f 1969/25/1 1970/50/1 1971/51/1
f 1972/52/2 1973/110/2 1974/51/2
f 1975/53/11 1976/54/11 1977/28/11
f 1978/111/12 1979/112/12 1980/31/12
f 1981/32/5 1982/57/5 1983/58/5
f 1984/117/6 1985/114/6 1986/60/6
f 1987/61/15 1988/39/15 1989/63/15
f 1990/41/16 1991/115/16 1992/116/16
f 1993/25/1 1994/50/1 1995/51/1
f 1996/52/2 1997/110/2 1998/51/2
f 1999/53/11 2000/54/11 2001/28/11
f 2002/111/12 2003/112/12 2004/31/12
f 2005/32/5 2006/57/5 2007/58/5
f 2008/117/6 2009/114/6 2010/60/6
f 2011/61/15 2012/39/15 2013/63/15
f 2014/41/16 2015/115/16 2016/116/16
f 2017/25/1 2018/64/1 2019/65/1
f 2020/66/2 2021/110/2 2022/65/2
f 2023/67/11 2024/68/11 2025/28/11
f 2026/111/12 2027/112/12 2028/31/12
f 2029/32/5 2030/69/5 2031/70/5
f 2032/118/6 2033/114/6 2034/72/6
f 2035/73/15 2036/39/15 2037/74/15
f 2038/41/16 2039/115/16 2040/116/16
f 2041/67/11 2042/119/11 2043/28/11
f 2044/111/12 2045/112/12 2046/31/12
f 2047/73/15 2048/39/15 2049/120/15
f 2050/41/16 2051/115/16 2052/116/16
f 2053/96/35 2054/97/35 2055/121/35
f 2056/5/36 2057/98/36 2058/49/36
f 2059/99/37 2060/100/37 2061/81/37
f 2062/82/38 2063/101/38 2064/84/38
f 2065/25/35 2066/26/35 2067/6/35
f 2068/4/36 2069/5/36 2070/6/36
f 2071/10/11 2072/27/11 2073/28/11
f 2074/102/12 2075/86/12 2076/31/12
f 2077/32/37 2078/33/37 2079/34/37
f 2080/103/38 2081/84/38 2082/37/38
f 2083/38/15 2084/39/15 2085/40/15
f 2086/41/16 2087/104/16 2088/89/16
f 2089/25/35 2090/26/35 2091/6/35
f 2092/4/36 2093/44/36 2094/6/36
f 2095/10/39 2096/27/39 2097/28/39
f 2098/102/4 2099/86/4 2100/45/4
f 2101/46/37 2102/33/37 2103/47/37
f 2104/103/38 2105/84/38 2106/37/38
f 2107/38/29 2108/48/29 2109/40/29
f 2110/41/8 2111/104/8 2112/89/8
f 2113/25/17 2114/26/17 2115/6/17
f 2116/4/18 2117/44/18 2118/6/18
f 2119/10/39 2120/27/39 2121/28/39
f 2122/102/4 2123/86/4 2124/45/4
f 2125/46/20 2126/33/20 2127/47/20
f 2128/103/21 2129/84/21 2130/37/21
f 2131/38/29 2132/48/29 2133/40/29
f 2134/41/8 2135/104/8 2136/89/8
f 2137/49/35 2138/50/35 2139/51/35
f 2140/52/36 2141/5/36 2142/51/36
f 2143/10/39 2144/27/39 2145/55/39
f 2146/102/4 2147/86/4 2148/31/4
f 2149/56/37 2150/57/37 2151/58/37
f 2152/105/38 2153/84/38 2154/60/38
f 2155/38/29 2156/62/29 2157/40/29
f 2158/41/8 2159/104/8 2160/89/8
f 2161/25/35 2162/50/35 2163/51/35
f 2164/52/36 2165/5/36 2166/51/36
f 2167/53/39 2168/54/39 2169/28/39
f 2170/102/4 2171/86/4 2172/31/4
f 2173/32/37 2174/57/37 2175/58/37
f 2176/105/38 2177/84/38 2178/60/38
f 2179/61/29 2180/39/29 2181/63/29
f 2182/41/8 2183/104/8 2184/89/8
f 2185/25/1 2186/50/1 2187/51/1
f 2188/52/2 2189/5/2 2190/51/2
f 2191/53/11 2192/54/11 2193/28/11
f 2194/102/12 2195/86/12 2196/31/12
f 2197/32/5 2198/57/5 2199/58/5
f 2200/105/6 2201/84/6 2202/60/6
f 2203/61/15 2204/39/15 2205/63/15
f 2206/41/16 2207/104/16 2208/89/16
f 2209/25/1 2210/50/1 2211/51/1
f 2212/52/2 2213/5/2 2214/51/2
f 2215/53/11 2216/54/11 2217/28/11
f 2218/102/12 2219/86/12 2220/31/12
f 2221/32/5 2222/57/5 2223/58/5
f 2224/105/6 2225/84/6 2226/60/6
f 2227/61/15 2228/39/15 2229/63/15
f 2230/41/16 2231/104/16 2232/89/16
f 2233/25/1 2234/64/1 2235/65/1
f 2236/66/2 2237/5/2 2238/65/2
f 2239/53/11 2240/54/11 2241/28/11
f 2242/102/12 2243/86/12 2244/31/12
f 2245/32/5 2246/69/5 2247/70/5
f 2248/71/6 2249/84/6 2250/72/6
f 2251/61/15 2252/39/15 2253/63/15
f 2254/41/16 2255/104/16 2256/89/16
f 2257/25/1 2258/64/1 2259/65/1
f 2260/66/2 2261/44/2 2262/65/2
f 2263/67/11 2264/68/11 2265/28/11
f 2266/102/12 2267/86/12 2268/45/12
f 2269/46/5 2270/69/5 2271/70/5
f 2272/71/6 2273/84/6 2274/72/6
f 2275/73/15 2276/48/15 2277/74/15
f 2278/41/16 2279/104/16 2280/89/16
f 2281/49/1 2282/26/1 2283/6/1
f 2284/4/2 2285/5/2 2286/6/2
f 2287/10/44 2288/93/44 2289/55/44
f 2290/102/19 2291/86/19 2292/31/19
f 2293/56/5 2294/33/5 2295/34/5
f 2296/103/6 2297/84/6 2298/37/6
f 2299/38/46 2300/62/46 2301/122/46
f 2302/41/22 2303/104/22 2304/89/22
f 2305/49/35 2306/26/35 2307/6/35
f 2308/4/36 2309/5/36 2310/6/36
f 2311/10/11 2312/27/11 2313/55/11
f 2314/102/12 2315/86/12 2316/31/12
f 2317/56/37 2318/33/37 2319/34/37
f 2320/103/38 2321/84/38 2322/37/38
f 2323/38/15 2324/62/15 2325/40/15
f 2326/41/16 2327/104/16 2328/89/16
f 2329/25/35 2330/26/35 2331/6/35
f 2332/4/36 2333/5/36 2334/6/36
f 2335/10/11 2336/27/11 2337/28/11
f 2338/102/12 2339/86/12 2340/31/12
f 2341/32/37 2342/33/37 2343/34/37
f 2344/103/38 2345/84/38 2346/37/38
f 2347/38/15 2348/39/15 2349/40/15
f 2350/41/16 2351/104/16 2352/89/16
f 2353/25/17 2354/26/17 2355/6/17
f 2356/4/18 2357/5/18 2358/6/18
f 2359/10/39 2360/27/39 2361/28/39
f 2362/102/4 2363/86/4 2364/31/4
f 2365/32/20 2366/33/20 2367/34/20
f 2368/103/21 2369/84/21 2370/37/21
f 2371/38/29 2372/39/29 2373/40/29
f 2374/41/8 2375/104/8 2376/89/8
f 2377/25/35 2378/50/35 2379/51/35
f 2380/52/36 2381/5/36 2382/51/36
f 2383/53/25 2384/54/25 2385/55/25
f 2386/102/26 2387/86/26 2388/31/26
f 2389/56/37 2390/57/37 2391/58/37
f 2392/105/38 2393/84/38 2394/60/38
f 2395/61/50 2396/39/50 2397/63/50
f 2398/41/30 2399/104/30 2400/89/30
f 2401/49/35 2402/50/35 2403/51/35
f 2404/52/36 2405/5/36 2406/51/36
f 2407/53/39 2408/54/39 2409/55/39
f 2410/102/4 2411/86/4 2412/31/4
f 2413/56/37 2414/57/37 2415/58/37
f 2416/105/38 2417/84/38 2418/60/38
f 2419/61/29 2420/62/29 2421/63/29
f 2422/41/8 2423/104/8 2424/89/8
f 2425/49/1 2426/50/1 2427/51/1
f 2428/52/2 2429/5/2 2430/51/2
f 2431/53/11 2432/54/11 2433/55/11
f 2434/102/12 2435/86/12 2436/31/12
f 2437/56/5 2438/57/5 2439/58/5
f 2440/105/6 2441/84/6 2442/60/6
f 2443/61/15 2444/62/15 2445/63/15
f 2446/41/16 2447/104/16 2448/89/16
f 2449/49/1 2450/50/1 2451/51/1
f 2452/52/2 2453/5/2 2454/51/2
f 2455/53/11 2456/54/11 2457/55/11
f 2458/102/12 2459/86/12 2460/31/12
f 2461/56/5 2462/57/5 2463/58/5
f 2464/105/6 2465/84/6 2466/60/6
f 2467/61/15 2468/62/15 2469/63/15
f 2470/41/16 2471/104/16 2472/89/16
f 2473/49/1 2474/64/1 2475/65/1
f 2476/66/2 2477/5/2 2478/65/2
f 2479/67/11 2480/68/11 2481/55/11
f 2482/102/12 2483/86/12 2484/31/12
f 2485/56/5 2486/69/5 2487/70/5
f 2488/71/6 2489/84/6 2490/72/6
f 2491/73/15 2492/62/15 2493/74/15
f 2494/41/16 2495/104/16 2496/89/16
f 2497/67/11 2498/119/11 2499/28/11
f 2500/102/12 2501/86/12 2502/31/12
f 2503/73/15 2504/39/15 2505/120/15
f 2506/41/16 2507/104/16 2508/89/16
f 2509/96/35 2510/97/35 2511/121/35
f 2512/85/36 2513/98/36 2514/49/36
f 2515/99/37 2516/100/37 2517/81/37
f 2518/82/38 2519/101/38 2520/84/38
f 2521/25/35 2522/26/35 2523/6/35
f 2524/4/36 2525/5/36 2526/6/36
f 2527/10/11 2528/27/11 2529/28/11
f 2530/102/12 2531/86/12 2532/31/12
f 2533/32/37 2534/33/37 2535/34/37
f 2536/103/38 2537/84/38 2538/37/38
f 2539/38/15 2540/39/15 2541/40/15
f 2542/41/16 2543/104/16 2544/89/16
f 2545/25/35 2546/26/35 2547/6/35
f 2548/4/36 2549/44/36 2550/6/36
f 2551/10/39 2552/27/39 2553/28/39
f 2554/102/4 2555/86/4 2556/45/4
f 2557/46/37 2558/33/37 2559/47/37
f 2560/103/38 2561/84/38 2562/37/38
f 2563/38/29 2564/48/29 2565/40/29
f 2566/41/8 2567/104/8 2568/89/8
f 2569/25/17 2570/26/17 2571/6/17
f 2572/4/18 2573/44/18 2574/6/18
f 2575/10/39 2576/27/39 2577/28/39
f 2578/102/4 2579/86/4 2580/45/4
f 2581/46/20 2582/33/20 2583/47/20
f 2584/103/21 2585/84/21 2586/37/21
f 2587/38/29 2588/48/29 2589/40/29
f 2590/41/8 2591/104/8 2592/89/8
f 2593/49/35 2594/50/35 2595/51/35
f 2596/52/36 2597/5/36 2598/51/36
f 2599/10/39 2600/27/39 2601/55/39
f 2602/102/4 2603/86/4 2604/31/4
f 2605/56/37 2606/57/37 2607/58/37
f 2608/105/38 2609/84/38 2610/60/38
f 2611/38/29 2612/62/29 2613/40/29
f 2614/41/8 2615/104/8 2616/89/8
f 2617/25/35 2618/50/35 2619/51/35
f 2620/52/36 2621/5/36 2622/51/36
f 2623/53/39 2624/54/39 2625/28/39
f 2626/102/4 2627/86/4 2628/31/4
f 2629/32/37 2630/57/37 2631/58/37
f 2632/105/38 2633/84/38 2634/60/38
f 2635/61/29 2636/39/29 2637/63/29
f 2638/41/8 2639/104/8 2640/89/8
f 2641/25/1 2642/50/1 2643/51/1
f 2644/52/2 2645/5/2 2646/51/2
f 2647/53/11 2648/54/11 2649/28/11
f 2650/102/12 2651/86/12 2652/31/12
f 2653/32/5 2654/57/5 2655/58/5
f 2656/105/6 2657/84/6 2658/60/6
f 2659/61/15 2660/39/15 2661/63/15
f 2662/41/16 2663/104/16 2664/89/16
f 2665/25/1 2666/50/1 2667/51/1
f 2668/52/2 2669/5/2 2670/51/2
f 2671/53/11 2672/54/11 2673/28/11
f 2674/102/12 2675/86/12 2676/31/12
f 2677/32/5 2678/57/5 2679/58/5
f 2680/105/6 2681/84/6 2682/60/6
f 2683/61/15 2684/39/15 2685/63/15
f 2686/41/16 2687/104/16 2688/89/16
f 2689/25/1 2690/64/1 2691/65/1
f 2692/66/2 2693/5/2 2694/65/2
f 2695/53/11 2696/54/11 2697/28/11
f 2698/102/12 2699/86/12 2700/31/12
f 2701/32/5 2702/69/5 2703/70/5
f 2704/71/6 2705/84/6 2706/72/6
f 2707/61/15 2708/39/15 2709/63/15
f 2710/41/16 2711/104/16 2712/89/16
f 2713/25/1 2714/64/1 2715/65/1
f 2716/66/2 2717/44/2 2718/65/2
f 2719/67/11 2720/68/11 2721/28/11
f 2722/102/12 2723/86/12 2724/45/12
f 2725/46/5 2726/69/5 2727/70/5
f 2728/71/6 2729/84/6 2730/72/6
f 2731/73/15 2732/48/15 2733/74/15
f 2734/41/16 2735/104/16 2736/89/16
f 2737/49/1 2738/26/1 2739/6/1
f 2740/4/2 2741/5/2 2742/6/2
f 2743/10/39 2744/93/39 2745/55/39
f 2746/102/19 2747/86/19 2748/31/19
f 2749/56/5 2750/33/5 2751/34/5
f 2752/103/6 2753/84/6 2754/37/6
f 2755/38/29 2756/62/29 2757/122/29
f 2758/41/22 2759/104/22 2760/89/22
f 2761/49/35 2762/26/35 2763/6/35
f 2764/4/36 2765/5/36 2766/6/36
f 2767/10/11 2768/27/11 2769/55/11
f 2770/102/12 2771/86/12 2772/31/12
f 2773/56/37 2774/33/37 2775/34/37
f 2776/103/38 2777/84/38 2778/37/38
f 2779/38/15 2780/62/15 2781/40/15
f 2782/41/16 2783/104/16 2784/89/16
f 2785/25/35 2786/26/35 2787/6/35
f 2788/4/36 2789/5/36 2790/6/36
f 2791/10/11 2792/27/11 2793/28/11
f 2794/102/12 2795/86/12 2796/31/12
f 2797/32/37 2798/33/37 2799/34/37
f 2800/103/38 2801/84/38 2802/37/38
f 2803/38/15 2804/39/15 2805/40/15
f 2806/41/16 2807/104/16 2808/89/16
f 2809/25/17 2810/26/17 2811/6/17
f 2812/4/18 2813/5/18 2814/6/18
f 2815/10/39 2816/27/39 2817/28/39
f 2818/102/4 2819/86/4 2820/31/4
f 2821/32/20 2822/33/20 2823/34/20
f 2824/103/21 2825/84/21 2826/37/21
f 2827/38/29 2828/39/29 2829/40/29
f 2830/41/8 2831/104/8 2832/89/8
f 2833/25/35 2834/50/35 2835/51/35
f 2836/52/36 2837/5/36 2838/51/36
f 2839/53/25 2840/54/25 2841/55/25
f 2842/102/26 2843/86/26 2844/31/26
f 2845/56/37 2846/57/37 2847/58/37
f 2848/105/38 2849/84/38 2850/60/38
f 2851/61/50 2852/39/50 2853/63/50
f 2854/41/30 2855/104/30 2856/89/30
f 2857/49/35 2858/50/35 2859/51/35
f 2860/52/36 2861/5/36 2862/51/36
f 2863/53/39 2864/54/39 2865/55/39
f 2866/102/4 2867/86/4 2868/31/4
f 2869/56/37 2870/57/37 2871/58/37
f 2872/105/38 2873/84/38 2874/60/38
f 2875/61/29 2876/62/29 2877/63/29
f 2878/41/8 2879/104/8 2880/89/8
f 2881/49/1 2882/50/1 2883/51/1
f 2884/52/2 2885/5/2 2886/51/2
f 2887/53/11 2888/54/11 2889/55/11
f 2890/102/12 2891/86/12 2892/31/12
f 2893/56/5 2894/57/5 2895/58/5
f 2896/105/6 2897/84/6 2898/60/6
f 2899/61/15 2900/62/15 2901/63/15
f 2902/41/16 2903/104/16 2904/89/16
f 2905/49/1 2906/50/1 2907/51/1
f 2908/52/2 2909/5/2 2910/51/2
f 2911/53/11 2912/54/11 2913/55/11
f 2914/102/12 2915/86/12 2916/31/12
f 2917/56/5 2918/57/5 2919/58/5
f 2920/105/6 2921/84/6 2922/60/6
f 2923/61/15 2924/62/15 2925/63/15
f 2926/41/16 2927/104/16 2928/89/16
f 2929/49/1 2930/64/1 2931/65/1
f 2932/66/2 2933/5/2 2934/65/2
f 2935/67/11 2936/68/11 2937/55/11
f 2938/102/12 2939/86/12 2940/31/12
f 2941/56/5 2942/69/5 2943/70/5
f 2944/71/6 2945/84/6 2946/72/6
f 2947/73/15 2948/62/15 2949/74/15
f 2950/41/16 2951/104/16 2952/89/16
f 2953/67/11 2954/119/11 2955/28/11
f 2956/102/12 2957/86/12 2958/31/12
f 2959/73/15 2960/39/15 2961/120/15
f 2962/41/16 2963/104/16 2964/89/16
f 2965/96/35 2966/97/35 2967/121/35
f 2968/85/36 2969/98/36 2970/49/36
f 2971/99/37 2972/100/37 2973/81/37
f 2974/82/38 2975/101/38 2976/84/38
f 2977/25/35 2978/26/35 2979/6/35
f 2980/4/36 2981/5/36 2982/6/36
f 2983/10/11 2984/27/11 2985/28/11
f 2986/102/12 2987/86/12 2988/31/12
f 2989/32/37 2990/33/37 2991/34/37
f 2992/103/38 2993/84/38 2994/37/38
f 2995/38/15 2996/39/15 2997/40/15
f 2998/41/16 2999/104/16 3000/89/16
f 3001/25/35 3002/26/35 3003/6/35
f 3004/4/36 3005/44/36 3006/6/36
f 3007/10/39 3008/27/39 3009/28/39
f 3010/102/4 3011/86/4 3012/45/4
f 3013/46/37 3014/33/37 3015/47/37
f 3016/103/38 3017/84/38 3018/37/38
f 3019/38/29 3020/48/29 3021/40/29
f 3022/41/8 3023/104/8 3024/89/8
f 3025/25/17 3026/26/17 3027/6/17
f 3028/4/18 3029/44/18 3030/6/18
f 3031/10/39 3032/27/39 3033/28/39
f 3034/102/4 3035/86/4 3036/45/4
f 3037/46/20 3038/33/20 3039/47/20
f 3040/103/21 3041/84/21 3042/37/21
f 3043/38/29 3044/48/29 3045/40/29
f 3046/41/8 3047/104/8 3048/89/8
f 3049/49/35 3050/50/35 3051/51/35
f 3052/52/36 3053/5/36 3054/51/36
f 3055/10/39 3056/27/39 3057/55/39
f 3058/102/4 3059/86/4 3060/31/4
f 3061/56/37 3062/57/37 3063/58/37
f 3064/105/38 3065/84/38 3066/60/38
f 3067/38/29 3068/62/29 3069/40/29
f 3070/41/8 3071/104/8 3072/89/8
f 3073/25/35 3074/50/35 3075/51/35
f 3076/52/36 3077/5/36 3078/51/36
f 3079/53/39 3080/54/39 3081/28/39
f 3082/102/4 3083/86/4 3084/31/4
f 3085/32/37 3086/57/37 3087/58/37
f 3088/105/38 3089/84/38 3090/60/38
f 3091/61/29 3092/39/29 3093/63/29
f 3094/41/8 3095/104/8 3096/89/8
f 3097/25/1 3098/50/1 3099/51/1
f 3100/52/2 3101/5/2 3102/51/2
f 3103/53/11 3104/54/11 3105/28/11
f 3106/102/12 3107/86/12 3108/31/12
f 3109/32/5 3110/57/5 3111/58/5
f 3112/105/6 3113/84/6 3114/60/6
f 3115/61/15 3116/39/15 3117/63/15
f 3118/41/16 3119/104/16 3120/89/16
f 3121/25/1 3122/50/1 3123/51/1
f 3124/52/2 3125/5/2 3126/51/2
f 3127/53/11 3128/54/11 3129/28/11
f 3130/102/12 3131/86/12 3132/31/12
f 3133/32/5 3134/57/5 3135/58/5
f 3136/105/6 3137/84/6 3138/60/6
f 3139/61/15 3140/39/15 3141/63/15
f 3142/41/16 3143/104/16 3144/89/16
f 3145/25/1 3146/64/1 3147/65/1
f 3148/66/2 3149/5/2 3150/65/2
f 3151/53/11 3152/54/11 3153/28/11
f 3154/102/12 3155/86/12 3156/31/12
f 3157/32/5 3158/69/5 3159/70/5
f 3160/71/6 3161/84/6 3162/72/6
f 3163/61/15 3164/39/15 3165/63/15
f 3166/41/16 3167/104/16 3168/89/16
f 3169/25/1 3170/64/1 3171/65/1
f 3172/66/2 3173/44/2 3174/65/2
f 3175/67/11 3176/68/11 3177/28/11
f 3178/102/12 3179/86/12 3180/45/12
f 3181/46/5 3182/69/5 3183/70/5
f 3184/71/6 3185/84/6 3186/72/6
f 3187/73/15 3188/48/15 3189/74/15
f 3190/41/16 3191/104/16 3192/89/16
f 3193/49/1 3194/26/1 3195/6/1
f 3196/4/2 3197/5/2 3198/6/2
f 3199/10/39 3200/93/39 3201/55/39
f 3202/102/19 3203/86/19 3204/31/19
f 3205/56/5 3206/33/5 3207/34/5
f 3208/103/6 3209/84/6 3210/37/6
f 3211/38/29 3212/62/29 3213/122/29
f 3214/41/22 3215/104/22 3216/89/22
f 3217/49/35 3218/26/35 3219/6/35
f 3220/4/36 3221/5/36 3222/6/36
f 3223/10/11 3224/27/11 3225/55/11
f 3226/102/12 3227/86/12 3228/31/12
f 3229/56/37 3230/33/37 3231/34/37
f 3232/103/38 3233/84/38 3234/37/38
f 3235/38/15 3236/62/15 3237/40/15
f 3238/41/16 3239/104/16 3240/89/16
f 3241/25/35 3242/26/35 3243/6/35
f 3244/4/36 3245/5/36 3246/6/36
f 3247/10/11 3248/27/11 3249/28/11
f 3250/102/12 3251/86/12 3252/31/12
f 3253/32/37 3254/33/37 3255/34/37
f 3256/103/38 3257/84/38 3258/37/38
f 3259/38/15 3260/39/15 3261/40/15
f 3262/41/16 3263/104/16 3264/89/16
f 3265/25/17 3266/26/17 3267/6/17
f 3268/4/18 3269/5/18 3270/6/18
f 3271/10/39 3272/27/39 3273/28/39
f 3274/102/4 3275/86/4 3276/31/4
f 3277/32/20 3278/33/20 3279/34/20
f 3280/103/21 3281/84/21 3282/37/21
f 3283/38/29 3284/39/29 3285/40/29
f 3286/41/8 3287/104/8 3288/89/8
f 3289/25/35 3290/50/35 3291/51/35
f 3292/52/36 3293/5/36 3294/51/36
f 3295/53/25 3296/54/25 3297/55/25
f 3298/102/26 3299/86/26 3300/31/26
f 3301/56/37 3302/57/37 3303/58/37
f 3304/105/38 3305/84/38 3306/60/38
f 3307/61/50 3308/39/50 3309/63/50
f 3310/41/30 3311/104/30 3312/89/30
f 3313/49/35 3314/50/35 3315/51/35
f 3316/52/36 3317/5/36 3318/51/36
f 3319/53/39 3320/54/39 3321/55/39
f 3322/102/4 3323/86/4 3324/31/4
f 3325/56/37 3326/57/37 3327/58/37
f 3328/105/38 3329/84/38 3330/60/38
f 3331/61/29 3332/62/29 3333/63/29
f 3334/41/8 3335/104/8 3336/89/8
f 3337/49/1 3338/50/1 3339/51/1
f 3340/52/2 3341/5/2 3342/51/2
f 3343/53/11 3344/54/11 3345/55/11
f 3346/102/12 3347/86/12 3348/31/12
f 3349/56/5 3350/57/5 3351/58/5
f 3352/105/6 3353/84/6 3354/60/6
f 3355/61/15 3356/62/15 3357/63/15
f 3358/41/16 3359/104/16 3360/89/16
f 3361/49/1 3362/50/1 3363/51/1
f 3364/52/2 3365/5/2 3366/51/2
f 3367/53/11 3368/54/11 3369/55/11
f 3370/102/12 3371/86/12 3372/31/12
f 3373/56/5 3374/57/5 3375/58/5
f 3376/105/6 3377/84/6 3378/60/6
f 3379/61/15 3380/62/15 3381/63/15
f 3382/41/16 3383/104/16 3384/89/16
f 3385/49/1 3386/64/1 3387/65/1
f 3388/66/2 3389/5/2 3390/65/2
f 3391/67/11 3392/68/11 3393/55/11
f 3394/102/12 3395/86/12 3396/31/12
f 3397/56/5 3398/69/5 3399/70/5
f 3400/71/6 3401/84/6 3402/72/6
f 3403/73/15 3404/62/15 3405/74/15
f 3406/41/16 3407/104/16 3408/89/16
f 3409/67/11 3410/119/11 3411/28/11
f 3412/102/12 3413/86/12 3414/31/12
f 3415/73/15 3416/39/15 3417/120/15
f 3418/41/16 3419/104/16 3420/89/16
f 3421/96/35 3422/97/35 3423/121/35
f 3424/85/36 3425/98/36 3426/49/36
f 3427/99/37 3428/100/37 3429/81/37
f 3430/82/38 3431/101/38 3432/84/38
f 3433/25/35 3434/26/35 3435/6/35
f 3436/4/36 3437/5/36 3438/6/36
f 3439/10/11 3440/27/11 3441/28/11
f 3442/102/12 3443/86/12 3444/31/12
f 3445/32/37 3446/33/37 3447/34/37
f 3448/103/38 3449/84/38 3450/37/38
f 3451/38/15 3452/39/15 3453/40/15
f 3454/41/16 3455/104/16 3456/89/16
f 3457/25/35 3458/26/35 3459/6/35
f 3460/4/36 3461/44/36 3462/6/36
f 3463/10/39 3464/27/39 3465/28/39
f 3466/102/4 3467/86/4 3468/45/4
f 3469/46/37 3470/33/37 3471/47/37
f 3472/103/38 3473/84/38 3474/37/38
f 3475/38/29 3476/48/29 3477/40/29
f 3478/41/8 3479/104/8 3480/89/8
f 3481/25/17 3482/26/17 3483/6/17
f 3484/4/18 3485/44/18 3486/6/18
f 3487/10/39 3488/27/39 3489/28/39
f 3490/102/4 3491/86/4 3492/45/4
f 3493/46/20 3494/33/20 3495/47/20
f 3496/103/21 3497/84/21 3498/37/21
f 3499/38/29 3500/48/29 3501/40/29
f 3502/41/8 3503/104/8 3504/89/8
f 3505/49/35 3506/50/35 3507/51/35
f 3508/52/36 3509/5/36 3510/51/36
f 3511/10/39 3512/27/39 3513/55/39
f 3514/102/4 3515/86/4 3516/31/4
f 3517/56/37 3518/57/37 3519/58/37
f 3520/105/38 3521/84/38 3522/60/38
f 3523/38/29 3524/62/29 3525/40/29
f 3526/41/8 3527/104/8 3528/89/8
f 3529/25/35 3530/50/35 3531/51/35
f 3532/52/36 3533/5/36 3534/51/36
f 3535/53/39 3536/54/39 3537/28/39
f 3538/102/4 3539/86/4 3540/31/4
f 3541/32/37 3542/57/37 3543/58/37
f 3544/105/38 3545/84/38 3546/60/38
f 3547/61/29 3548/39/29 3549/63/29
f 3550/41/8 3551/104/8 3552/89/8
f 3553/25/1 3554/50/1 3555/51/1
f 3556/52/2 3557/5/2 3558/51/2
f 3559/53/11 3560/54/11 3561/28/11
f 3562/102/12 3563/86/12 3564/31/12
f 3565/32/5 3566/57/5 3567/58/5
f 3568/105/6 3569/84/6 3570/60/6
f 3571/61/15 3572/39/15 3573/63/15
f 3574/41/16 3575/104/16 3576/89/16
f 3577/25/1 3578/50/1 3579/51/1
f 3580/52/2 3581/5/2 3582/51/2
f 3583/53/11 3584/54/11 3585/28/11
f 3586/102/12 3587/86/12 3588/31/12
f 3589/32/5 3590/57/5 3591/58/5
f 3592/105/6 3593/84/6 3594/60/6
f 3595/61/15 3596/39/15 3597/63/15
f 3598/41/16 3599/104/16 3600/89/16
f 3601/25/1 3602/64/1 3603/65/1
f 3604/66/2 3605/5/2 3606/65/2
f 3607/53/11 3608/54/11 3609/28/11
f 3610/102/12 3611/86/12 3612/31/12
f 3613/32/5 3614/69/5 3615/70/5
f 3616/71/6 3617/84/6 3618/72/6
f 3619/61/15 3620/39/15 3621/63/15
f 3622/41/16 3623/104/16 3624/89/16
f 3625/25/1 3626/64/1 3627/65/1
f 3628/66/2 3629/44/2 3630/65/2
f 3631/67/11 3632/68/11 3633/28/11
f 3634/102/12 3635/86/12 3636/45/12
f 3637/46/5 3638/69/5 3639/70/5
f 3640/71/6 3641/84/6 3642/72/6
f 3643/73/15 3644/48/15 3645/74/15
f 3646/41/16 3647/104/16 3648/89/16
f 3649/49/41 3650/26/41 3651/6/41
f 3652/4/2 3653/44/2 3654/6/2
f 3655/10/44 3656/93/44 3657/55/44
f 3658/123/4 3659/124/4 3660/31/4
f 3661/56/42 3662/33/42 3663/34/42
f 3664/125/6 3665/126/6 3666/37/6
f 3667/38/46 3668/62/46 3669/122/46
f 3670/41/8 3671/127/8 3672/128/8
f 3673/49/41 3674/26/41 3675/6/41
f 3676/4/36 3677/85/36 3678/6/36
f 3679/10/44 3680/27/44 3681/55/44
f 3682/123/12 3683/124/12 3684/31/12
f 3685/56/42 3686/33/42 3687/34/42
f 3688/125/38 3689/126/38 3690/37/38
f 3691/38/46 3692/62/46 3693/40/46
f 3694/41/16 3695/127/16 3696/128/16
f 3697/25/41 3698/26/41 3699/6/41
f 3700/4/36 3701/44/36 3702/6/36
f 3703/10/44 3704/27/44 3705/28/44
f 3706/123/12 3707/124/12 3708/31/12
f 3709/32/42 3710/33/42 3711/34/42
f 3712/125/38 3713/126/38 3714/37/38
f 3715/38/46 3716/39/46 3717/40/46
f 3718/41/16 3719/127/16 3720/128/16
f 3721/25/41 3722/26/41 3723/6/41
f 3724/4/18 3725/85/18 3726/6/18
f 3727/10/44 3728/27/44 3729/28/44
f 3730/123/4 3731/124/4 3732/31/4
f 3733/32/42 3734/33/42 3735/34/42
f 3736/125/21 3737/126/21 3738/37/21
f 3739/38/46 3740/39/46 3741/40/46
f 3742/41/8 3743/127/8 3744/128/8
f 3745/25/55 3746/50/55 3747/51/55
f 3748/52/36 3749/44/36 3750/51/36
f 3751/53/25 3752/54/25 3753/28/25
f 3754/123/26 3755/124/26 3756/31/26
f 3757/32/56 3758/57/56 3759/58/56
f 3760/129/38 3761/126/38 3762/60/38
f 3763/61/50 3764/39/50 3765/63/50
f 3766/41/30 3767/127/30 3768/128/30
f 3769/25/55 3770/50/55 3771/51/55
f 3772/52/36 3773/130/36 3774/51/36
f 3775/53/47 3776/54/47 3777/28/47
f 3778/123/4 3779/124/4 3780/45/4
f 3781/46/56 3782/57/56 3783/58/56
f 3784/129/38 3785/126/38 3786/60/38
f 3787/61/48 3788/48/48 3789/63/48
f 3790/41/8 3791/127/8 3792/128/8
f 3793/25/1 3794/50/1 3795/51/1
f 3796/52/2 3797/131/2 3798/51/2
f 3799/53/11 3800/54/11 3801/28/11
f 3802/123/12 3803/124/12 3804/45/12
f 3805/46/5 3806/57/5 3807/58/5
f 3808/129/6 3809/126/6 3810/60/6
f 3811/61/15 3812/48/15 3813/63/15
f 3814/41/16 3815/127/16 3816/128/16
f 3817/25/1 3818/50/1 3819/51/1
f 3820/52/2 3821/130/2 3822/51/2
f 3823/53/11 3824/54/11 3825/28/11
f 3826/123/12 3827/124/12 3828/45/12
f 3829/46/5 3830/57/5 3831/58/5
f 3832/129/6 3833/126/6 3834/60/6
f 3835/61/15 3836/48/15 3837/63/15
f 3838/41/16 3839/127/16 3840/128/16
f 3841/25/1 3842/64/1 3843/65/1
f 3844/66/2 3845/131/2 3846/65/2
f 3847/67/11 3848/68/11 3849/28/11
f 3850/123/12 3851/124/12 3852/45/12
f 3853/46/5 3854/69/5 3855/70/5
f 3856/71/6 3857/126/6 3858/72/6
f 3859/73/15 3860/48/15 3861/74/15
f 3862/41/16 3863/127/16 3864/128/16
f 3865/67/11 3866/68/11 3867/28/11
f 3868/123/12 3869/124/12 3870/31/12
f 3871/73/15 3872/90/15 3873/75/15
f 3874/41/16 3875/127/16 3876/128/16
f 3877/132/55 3878/133/55 3879/121/55
f 3880/85/24 3881/134/24 3882/135/24
f 3883/136/56 3884/137/56 3885/81/56
f 3886/82/28 3887/138/28 3888/139/28
f 3889/25/55 3890/26/55 3891/6/55
f 3892/4/53 3893/140/53 3894/6/53
f 3895/10/47 3896/27/47 3897/28/47
f 3898/141/51 3899/142/51 3900/31/51
f 3901/32/56 3902/33/56 3903/34/56
f 3904/143/54 3905/139/54 3906/37/54
f 3907/38/48 3908/39/48 3909/40/48
f 3910/41/52 3911/144/52 3912/145/52
f 3913/25/55 3914/26/55 3915/6/55
f 3916/4/53 3917/110/53 3918/6/53
f 3919/10/47 3920/27/47 3921/28/47
f 3922/141/51 3923/142/51 3924/45/51
f 3925/46/56 3926/33/56 3927/47/56
f 3928/143/54 3929/139/54 3930/37/54
f 3931/38/48 3932/48/48 3933/40/48
f 3934/41/52 3935/144/52 3936/145/52
f 3937/25/17 3938/26/17 3939/6/17
f 3940/4/18 3941/5/18 3942/6/18
f 3943/10/47 3944/27/47 3945/28/47
f 3946/141/51 3947/142/51 3948/45/51
f 3949/46/20 3950/33/20 3951/47/20
f 3952/143/21 3953/139/21 3954/37/21
f 3955/38/48 3956/48/48 3957/40/48
f 3958/41/52 3959/144/52 3960/145/52
f 3961/49/23 3962/50/23 3963/51/23
f 3964/52/24 3965/146/24 3966/51/24
f 3967/10/47 3968/27/47 3969/55/47
f 3970/141/51 3971/142/51 3972/31/51
f 3973/56/27 3974/57/27 3975/58/27
f 3976/147/28 3977/139/28 3978/60/28
f 3979/38/48 3980/62/48 3981/40/48
f 3982/41/52 3983/144/52 3984/145/52
f 3985/25/23 3986/50/23 3987/51/23
f 3988/52/24 3989/140/24 3990/51/24
f 3991/53/31 3992/54/31 3993/28/31
f 3994/141/32 3995/142/32 3996/31/32
f 3997/32/27 3998/57/27 3999/58/27
f 4000/147/28 4001/139/28 4002/60/28
f 4003/61/33 4004/39/33 4005/63/33
f 4006/41/34 4007/144/34 4008/145/34
f 4009/25/1 4010/50/1 4011/51/1
f 4012/52/2 4013/146/2 4014/51/2
f 4015/53/11 4016/54/11 4017/28/11
f 4018/141/12 4019/142/12 4020/31/12
f 4021/32/5 4022/57/5 4023/58/5
f 4024/147/6 4025/139/6 4026/60/6
f 4027/61/15 4028/39/15 4029/63/15
f 4030/41/16 4031/144/16 4032/145/16
f 4033/25/1 4034/50/1 4035/51/1
f 4036/52/2 4037/140/2 4038/51/2
f 4039/53/11 4040/54/11 4041/28/11
f 4042/141/12 4043/142/12 4044/31/12
f 4045/32/5 4046/57/5 4047/58/5
f 4048/147/6 4049/139/6 4050/60/6
f 4051/61/15 4052/39/15 4053/63/15
f 4054/41/16 4055/144/16 4056/145/16
f 4057/25/1 4058/64/1 4059/65/1
f 4060/66/2 4061/146/2 4062/65/2
f 4063/53/11 4064/54/11 4065/28/11
f 4066/141/12 4067/142/12 4068/31/12
f 4069/32/5 4070/69/5 4071/70/5
f 4072/148/6 4073/139/6 4074/72/6
f 4075/61/15 4076/39/15 4077/63/15
f 4078/41/16 4079/144/16 4080/145/16
f 4081/25/1 4082/64/1 4083/65/1
f 4084/66/2 4085/5/2 4086/65/2
f 4087/67/11 4088/68/11 4089/28/11
f 4090/141/12 4091/142/12 4092/45/12
f 4093/46/5 4094/69/5 4095/70/5
f 4096/148/6 4097/139/6 4098/72/6
f 4099/73/15 4100/48/15 4101/74/15
f 4102/41/16 4103/144/16 4104/145/16
f 4105/25/55 4106/26/55 4107/6/55
f 4108/4/53 4109/110/53 4110/6/53
f 4111/10/47 4112/93/47 4113/28/47
f 4114/141/32 4115/142/32 4116/45/32
f 4117/46/56 4118/33/56 4119/47/56
f 4120/143/54 4121/139/54 4122/37/54
f 4123/38/48 4124/48/48 4125/94/48
f 4126/41/34 4127/144/34 4128/145/34
f 4129/25/55 4130/26/55 4131/6/55
f 4132/4/53 4133/5/53 4134/6/53
f 4135/10/47 4136/27/47 4137/28/47
f 4138/141/51 4139/142/51 4140/45/51
f 4141/46/56 4142/33/56 4143/47/56
f 4144/143/54 4145/139/54 4146/37/54
f 4147/38/48 4148/48/48 4149/40/48
f 4150/41/52 4151/144/52 4152/145/52
f 4153/25/55 4154/26/55 4155/6/55
f 4156/4/53 4157/146/53 4158/6/53
f 4159/10/11 4160/27/11 4161/28/11
f 4162/141/12 4163/142/12 4164/31/12
f 4165/32/56 4166/33/56 4167/47/56
f 4168/143/54 4169/139/54 4170/37/54
f 4171/38/15 4172/90/15 4173/40/15
f 4174/41/16 4175/144/16 4176/145/16
f 4177/25/17 4178/26/17 4179/6/17
f 4180/4/18 4181/140/18 4182/6/18
f 4183/10/47 4184/27/47 4185/28/47
f 4186/141/51 4187/142/51 4188/31/51
f 4189/32/20 4190/33/20 4191/47/20
f 4192/143/21 4193/139/21 4194/37/21
f 4195/38/48 4196/90/48 4197/40/48
f 4198/41/52 4199/144/52 4200/145/52
f 4201/25/23 4202/50/23 4203/51/23
f 4204/52/24 4205/146/24 4206/51/24
f 4207/53/31 4208/54/31 4209/28/31
f 4210/141/32 4211/142/32 4212/31/32
f 4213/32/27 4214/57/27 4215/58/27
f 4216/147/28 4217/139/28 4218/60/28
f 4219/61/33 4220/39/33 4221/63/33
f 4222/41/34 4223/144/34 4224/145/34
f 4225/25/23 4226/50/23 4227/51/23
f 4228/52/24 4229/5/24 4230/51/24
f 4231/53/31 4232/54/31 4233/28/31
f 4234/141/32 4235/142/32 4236/45/32
f 4237/46/27 4238/57/27 4239/58/27
f 4240/147/28 4241/139/28 4242/60/28
f 4243/61/33 4244/48/33 4245/63/33
f 4246/41/34 4247/144/34 4248/145/34
f 4249/25/1 4250/50/1 4251/51/1
f 4252/52/2 4253/110/2 4254/51/2
f 4255/53/11 4256/54/11 4257/28/11
f 4258/141/12 4259/142/12 4260/45/12
f 4261/46/5 4262/57/5 4263/58/5
f 4264/147/6 4265/139/6 4266/60/6
f 4267/61/15 4268/48/15 4269/63/15
f 4270/41/16 4271/144/16 4272/145/16
f 4273/25/1 4274/50/1 4275/51/1
f 4276/52/2 4277/5/2 4278/51/2
f 4279/53/11 4280/54/11 4281/28/11
f 4282/141/12 4283/142/12 4284/45/12
f 4285/46/5 4286/57/5 4287/58/5
f 4288/147/6 4289/139/6 4290/60/6
f 4291/61/15 4292/48/15 4293/63/15
f 4294/41/16 4295/144/16 4296/145/16
f 4297/25/1 4298/64/1 4299/65/1
f 4300/66/2 4301/110/2 4302/65/2
f 4303/67/11 4304/68/11 4305/28/11
f 4306/141/12 4307/142/12 4308/45/12
f 4309/46/5 4310/69/5 4311/70/5
f 4312/148/6 4313/139/6 4314/72/6
f 4315/73/15 4316/48/15 4317/74/15
f 4318/41/16 4319/144/16 4320/145/16
f 4321/67/11 4322/119/11 4323/28/11
f 4324/141/12 4325/142/12 4326/31/12
f 4327/149/15 4328/90/15 4329/120/15
f 4330/41/16 4331/144/16 4332/145/16
f 4333/132/55 4334/133/55 4335/121/55
f 4336/85/24 4337/134/24 4338/135/24
f 4339/136/56 4340/137/56 4341/81/56
f 4342/82/28 4343/138/28 4344/139/28
f 4345/25/55 4346/26/55 4347/6/55
f 4348/4/53 4349/146/53 4350/6/53
f 4351/10/47 4352/27/47 4353/28/47
f 4354/141/51 4355/142/51 4356/31/51
f 4357/32/56 4358/33/56 4359/34/56
f 4360/143/54 4361/139/54 4362/37/54
f 4363/38/48 4364/39/48 4365/40/48
f 4366/41/52 4367/144/52 4368/145/52
f 4369/25/55 4370/26/55 4371/6/55
f 4372/4/53 4373/5/53 4374/6/53
f 4375/10/47 4376/27/47 4377/28/47
f 4378/141/51 4379/142/51 4380/45/51
f 4381/46/56 4382/33/56 4383/47/56
f 4384/143/54 4385/139/54 4386/37/54
f 4387/38/48 4388/48/48 4389/40/48
f 4390/41/52 4391/144/52 4392/145/52
f 4393/25/17 4394/26/17 4395/6/17
f 4396/4/18 4397/110/18 4398/6/18
f 4399/10/47 4400/27/47 4401/28/47
f 4402/141/51 4403/142/51 4404/45/51
f 4405/46/20 4406/33/20 4407/47/20
f 4408/143/21 4409/139/21 4410/37/21
f 4411/38/48 4412/48/48 4413/40/48
f 4414/41/52 4415/144/52 4416/145/52
f 4417/49/23 4418/50/23 4419/51/23
f 4420/52/24 4421/140/24 4422/51/24
f 4423/10/47 4424/27/47 4425/55/47
f 4426/141/51 4427/142/51 4428/31/51
f 4429/56/27 4430/57/27 4431/58/27
f 4432/147/28 4433/139/28 4434/60/28
f 4435/38/48 4436/62/48 4437/40/48
f 4438/41/52 4439/144/52 4440/145/52
f 4441/25/23 4442/50/23 4443/51/23
f 4444/52/24 4445/146/24 4446/51/24
f 4447/53/31 4448/54/31 4449/28/31
f 4450/141/32 4451/142/32 4452/31/32
f 4453/32/27 4454/57/27 4455/58/27
f 4456/147/28 4457/139/28 4458/60/28
f 4459/61/33 4460/39/33 4461/63/33
f 4462/41/34 4463/144/34 4464/145/34
f 4465/25/1 4466/50/1 4467/51/1
f 4468/52/2 4469/140/2 4470/51/2
f 4471/53/11 4472/54/11 4473/28/11
f 4474/141/12 4475/142/12 4476/31/12
f 4477/32/5 4478/57/5 4479/58/5
f 4480/147/6 4481/139/6 4482/60/6
f 4483/61/15 4484/39/15 4485/63/15
f 4486/41/16 4487/144/16 4488/145/16
f 4489/25/1 4490/50/1 4491/51/1
f 4492/52/2 4493/146/2 4494/51/2
f 4495/53/11 4496/54/11 4497/28/11
f 4498/141/12 4499/142/12 4500/31/12
f 4501/32/5 4502/57/5 4503/58/5
f 4504/147/6 4505/139/6 4506/60/6
f 4507/61/15 4508/39/15 4509/63/15
f 4510/41/16 4511/144/16 4512/145/16
f 4513/25/1 4514/64/1 4515/65/1
f 4516/66/2 4517/140/2 4518/65/2
f 4519/53/11 4520/54/11 4521/28/11
f 4522/141/12 4523/142/12 4524/31/12
f 4525/32/5 4526/69/5 4527/70/5
f 4528/148/6 4529/139/6 4530/72/6
f 4531/61/15 4532/39/15 4533/63/15
f 4534/41/16 4535/144/16 4536/145/16
f 4537/25/1 4538/64/1 4539/65/1
f 4540/66/2 4541/110/2 4542/65/2
f 4543/67/11 4544/68/11 4545/28/11
f 4546/141/12 4547/142/12 4548/45/12
f 4549/46/5 4550/69/5 4551/70/5
f 4552/148/6 4553/139/6 4554/72/6
f 4555/73/15 4556/48/15 4557/74/15
f 4558/41/16 4559/144/16 4560/145/16
f 18/18/57 22/22/57 24/24/57 16/16/57
f 4/4/58 18/18/58 17/17/58 5/5/58
f 3/3/59 6/150/59 5/151/59 1/1/59
f 23/152/60 20/20/60 19/19/60 24/153/60
f 9/9/61 11/30/61 10/29/61 7/7/61
f 13/13/62 17/36/62 16/35/62 14/14/62
f 8/8/63 21/154/63 20/155/63 9/9/63
f 2/2/64 8/156/64 7/157/64 3/3/64
f 22/22/65 12/12/65 11/11/65 23/23/65
f 21/21/66 15/15/66 14/14/66 19/19/66
f 15/158/67 2/121/67 1/77/67 13/159/67
f 12/12/68 4/4/68 6/6/68 10/10/68
f 42/37/57 46/2/57 48/153/57 40/35/57
f 28/4/58 42/18/58 41/17/58 29/5/58
f 27/3/59 30/150/59 29/151/59 25/1/59
f 47/42/60 44/155/60 43/160/60 48/43/60
f 33/9/61 35/30/61 34/29/61 31/7/61
f 37/13/62 41/36/62 40/35/62 38/14/62
f 32/27/63 45/40/63 44/39/63 33/28/63
f 26/26/64 32/27/64 31/10/64 27/6/64
f 46/41/65 36/31/65 35/30/65 47/42/65
f 45/40/66 39/34/66 38/33/66 43/38/66
f 39/34/67 26/26/67 25/25/67 37/32/67
f 36/161/68 28/4/68 30/6/68 34/10/68
f 66/37/57 70/2/57 72/153/57 64/35/57
f 52/4/58 66/18/58 65/17/58 53/44/58
f 51/3/59 54/150/59 53/151/59 49/1/59
f 71/42/60 68/155/60 67/160/60 72/43/60
f 57/9/61 59/30/61 58/29/61 55/7/61
f 61/13/62 65/36/62 64/35/62 62/14/62
f 56/27/63 69/40/63 68/48/63 57/28/63
f 50/26/64 56/27/64 55/10/64 51/6/64
f 70/41/65 60/45/65 59/30/65 71/42/65
f 69/40/66 63/47/66 62/33/66 67/38/66
f 63/47/67 50/26/67 49/25/67 61/46/67
f 60/161/68 52/4/68 54/6/68 58/10/68
f 90/37/57 94/2/57 96/153/57 88/35/57
f 76/4/58 90/18/58 89/17/58 77/44/58
f 75/3/59 78/150/59 77/151/59 73/1/59
f 95/42/60 92/155/60 91/160/60 96/43/60
f 81/9/61 83/30/61 82/29/61 79/7/61
f 85/13/62 89/36/62 88/35/62 86/14/62
f 80/27/63 93/40/63 92/48/63 81/28/63
f 74/26/64 80/27/64 79/10/64 75/6/64
f 94/41/65 84/45/65 83/30/65 95/42/65
f 93/40/66 87/47/66 86/33/66 91/38/66
f 87/47/67 74/26/67 73/25/67 85/46/67
f 84/161/68 76/4/68 78/6/68 82/10/68
f 114/60/57 118/162/57 120/163/57 112/59/57
f 100/52/58 114/164/58 113/165/58 101/5/58
f 99/166/59 102/167/59 101/151/59 97/1/59
f 119/42/60 116/155/60 115/160/60 120/43/60
f 105/9/61 107/30/61 106/29/61 103/7/61
f 109/13/62 113/36/62 112/59/62 110/168/62
f 104/54/63 117/63/63 116/62/63 105/55/63
f 98/50/64 104/54/64 103/53/64 99/51/64
f 118/41/65 108/31/65 107/30/65 119/42/65
f 117/63/66 111/58/66 110/57/66 115/61/66
f 111/58/67 98/50/67 97/49/67 109/56/67
f 108/169/68 100/52/68 102/51/68 106/53/68
f 138/60/57 142/162/57 144/163/57 136/59/57
f 124/52/58 138/164/58 137/17/58 125/5/58
f 123/166/59 126/167/59 125/151/59 121/1/59
f 143/42/60 140/155/60 139/160/60 144/43/60
f 129/9/61 131/30/61 130/29/61 127/7/61
f 133/13/62 137/36/62 136/59/62 134/168/62
f 128/54/63 141/63/63 140/39/63 129/28/63
f 122/50/64 128/54/64 127/53/64 123/51/64
f 142/41/65 132/31/65 131/30/65 143/42/65
f 141/63/66 135/58/66 134/57/66 139/61/66
f 135/58/67 122/50/67 121/25/67 133/32/67
f 132/169/68 124/52/68 126/51/68 130/53/68
f 162/60/57 166/162/57 168/163/57 160/59/57
f 148/52/58 162/164/58 161/17/58 149/5/58
f 147/166/59 150/167/59 149/151/59 145/1/59
f 167/42/60 164/155/60 163/160/60 168/43/60
f 153/9/61 155/30/61 154/29/61 151/7/61
f 157/13/62 161/36/62 160/59/62 158/168/62
f 152/54/63 165/63/63 164/39/63 153/28/63
f 146/50/64 152/54/64 151/53/64 147/51/64
f 166/41/65 156/31/65 155/30/65 167/42/65
f 165/63/66 159/58/66 158/57/66 163/61/66
f 159/58/67 146/50/67 145/25/67 157/32/67
f 156/169/68 148/52/68 150/51/68 154/53/68
f 186/60/57 190/162/57 192/163/57 184/59/57
f 172/52/58 186/164/58 185/17/58 173/5/58
f 171/166/59 174/167/59 173/151/59 169/1/59
f 191/42/60 188/155/60 187/160/60 192/43/60
f 177/9/61 179/30/61 178/29/61 175/7/61
f 181/13/62 185/36/62 184/59/62 182/168/62
f 176/54/63 189/63/63 188/39/63 177/28/63
f 170/50/64 176/54/64 175/53/64 171/51/64
f 190/41/65 180/31/65 179/30/65 191/42/65
f 189/63/66 183/58/66 182/57/66 187/61/66
f 183/58/67 170/50/67 169/25/67 181/32/67
f 180/169/68 172/52/68 174/51/68 178/53/68
f 210/72/57 214/170/57 216/171/57 208/71/57
f 196/66/58 210/172/58 209/17/58 197/5/58
f 195/173/59 198/174/59 197/151/59 193/1/59
f 215/42/60 212/155/60 211/160/60 216/43/60
f 201/9/61 203/30/61 202/29/61 199/7/61
f 205/13/62 209/36/62 208/71/62 206/175/62
f 200/68/63 213/74/63 212/39/63 201/28/63
f 194/64/64 200/68/64 199/67/64 195/65/64
f 214/41/65 204/31/65 203/30/65 215/42/65
f 213/74/66 207/70/66 206/69/66 211/73/66
f 207/70/67 194/64/67 193/25/67 205/32/67
f 204/176/68 196/66/68 198/65/68 202/67/68
f 4561/177/57 226/178/57 228/179/57 4562/180/57
f 227/42/60 224/155/60 223/160/60 228/43/60
f 219/9/61 221/30/61 220/29/61 217/7/61
f 218/68/63 225/75/63 224/48/63 219/28/63
f 4563/181/64 218/68/64 217/67/64 4564/182/64
f 226/41/65 222/45/65 221/30/65 227/42/65
f 232/5/58 238/183/58 240/184/58 233/79/58
f 229/76/59 234/49/59 233/79/59 230/77/59
f 235/13/62 240/84/62 239/83/62 236/80/62
f 4645/185/66 237/81/66 236/80/66 4646/186/66
f 237/158/67 231/78/67 230/77/67 235/159/67
f 4647/187/68 232/188/68 234/189/68 4648/190/68
f 258/37/57 262/2/57 264/191/57 256/87/57
f 244/4/58 258/18/58 257/17/58 245/85/58
f 243/3/59 246/150/59 245/151/59 241/1/59
f 263/88/60 260/192/60 259/160/60 264/89/60
f 249/9/61 251/86/61 250/29/61 247/193/61
f 253/13/62 257/84/62 256/87/62 254/194/62
f 248/27/63 261/40/63 260/48/63 249/28/63
f 242/26/64 248/27/64 247/10/64 243/6/64
f 262/41/65 252/45/65 251/86/65 263/88/65
f 261/40/66 255/47/66 254/33/66 259/38/66
f 255/47/67 242/26/67 241/25/67 253/46/67
f 252/161/68 244/4/68 246/6/68 250/10/68
f 282/37/57 286/2/57 288/191/57 280/87/57
f 268/4/58 282/18/58 281/17/58 269/85/58
f 267/3/59 270/150/59 269/151/59 265/1/59
f 287/88/60 284/155/60 283/160/60 288/89/60
f 273/9/61 275/86/61 274/29/61 271/193/61
f 277/13/62 281/84/62 280/87/62 278/194/62
f 272/27/63 285/40/63 284/90/63 273/28/63
f 266/26/64 272/27/64 271/10/64 267/6/64
f 286/41/65 276/31/65 275/86/65 287/88/65
f 285/40/66 279/47/66 278/33/66 283/38/66
f 279/47/67 266/26/67 265/25/67 277/32/67
f 276/161/68 268/4/68 270/6/68 274/10/68
f 306/37/57 310/2/57 312/191/57 304/87/57
f 292/4/58 306/18/58 305/17/58 293/85/58
f 291/3/59 294/150/59 293/151/59 289/1/59
f 311/88/60 308/155/60 307/160/60 312/89/60
f 297/9/61 299/86/61 298/29/61 295/193/61
f 301/13/62 305/84/62 304/87/62 302/194/62
f 296/27/63 309/40/63 308/90/63 297/28/63
f 290/26/64 296/27/64 295/10/64 291/6/64
f 310/41/65 300/31/65 299/86/65 311/88/65
f 309/40/66 303/47/66 302/33/66 307/38/66
f 303/47/67 290/26/67 289/25/67 301/32/67
f 300/161/68 292/4/68 294/6/68 298/10/68
f 330/60/57 334/2/57 336/191/57 328/91/57
f 316/52/58 330/164/58 329/17/58 317/85/58
f 315/195/59 318/167/59 317/151/59 313/1/59
f 335/88/60 332/192/60 331/160/60 336/89/60
f 321/9/61 323/86/61 322/29/61 319/193/61
f 325/13/62 329/84/62 328/91/62 326/168/62
f 320/27/63 333/40/63 332/39/63 321/28/63
f 314/50/64 320/27/64 319/10/64 315/51/64
f 334/41/65 324/31/65 323/86/65 335/88/65
f 333/40/66 327/58/66 326/57/66 331/38/66
f 327/58/67 314/50/67 313/25/67 325/32/67
f 324/161/68 316/52/68 318/51/68 322/10/68
f 354/60/57 358/162/57 360/163/57 352/91/57
f 340/52/58 354/164/58 353/17/58 341/85/58
f 339/195/59 342/167/59 341/151/59 337/1/59
f 359/88/60 356/192/60 355/160/60 360/89/60
f 345/9/61 347/86/61 346/29/61 343/193/61
f 349/13/62 353/84/62 352/91/62 350/168/62
f 344/54/63 357/63/63 356/48/63 345/28/63
f 338/50/64 344/54/64 343/53/64 339/51/64
f 358/41/65 348/45/65 347/86/65 359/88/65
f 357/63/66 351/58/66 350/57/66 355/61/66
f 351/58/67 338/50/67 337/25/67 349/46/67
f 348/169/68 340/52/68 342/51/68 346/53/68
f 378/60/57 382/162/57 384/163/57 376/91/57
f 364/52/58 378/164/58 377/17/58 365/85/58
f 363/195/59 366/167/59 365/151/59 361/1/59
f 383/88/60 380/192/60 379/160/60 384/89/60
f 369/9/61 371/86/61 370/29/61 367/193/61
f 373/13/62 377/84/62 376/91/62 374/168/62
f 368/54/63 381/63/63 380/48/63 369/28/63
f 362/50/64 368/54/64 367/53/64 363/51/64
f 382/41/65 372/45/65 371/86/65 383/88/65
f 381/63/66 375/58/66 374/57/66 379/61/66
f 375/58/67 362/50/67 361/25/67 373/46/67
f 372/169/68 364/52/68 366/51/68 370/53/68
f 402/60/57 406/162/57 408/163/57 400/91/57
f 388/52/58 402/164/58 401/17/58 389/85/58
f 387/195/59 390/167/59 389/151/59 385/1/59
f 407/88/60 404/192/60 403/160/60 408/89/60
f 393/9/61 395/86/61 394/29/61 391/193/61
f 397/13/62 401/84/62 400/91/62 398/168/62
f 392/54/63 405/63/63 404/48/63 393/28/63
f 386/50/64 392/54/64 391/53/64 387/51/64
f 406/41/65 396/45/65 395/86/65 407/88/65
f 405/63/66 399/58/66 398/57/66 403/61/66
f 399/58/67 386/50/67 385/25/67 397/46/67
f 396/169/68 388/52/68 390/51/68 394/53/68
f 426/72/57 430/162/57 432/163/57 424/92/57
f 412/66/58 426/172/58 425/17/58 413/85/58
f 411/173/59 414/196/59 413/151/59 409/1/59
f 431/88/60 428/192/60 427/160/60 432/89/60
f 417/9/61 419/86/61 418/29/61 415/193/61
f 421/13/62 425/84/62 424/92/62 422/175/62
f 416/54/63 429/63/63 428/48/63 417/28/63
f 410/64/64 416/54/64 415/53/64 411/65/64
f 430/41/65 420/45/65 419/86/65 431/88/65
f 429/63/66 423/70/66 422/69/66 427/61/66
f 423/70/67 410/64/67 409/25/67 421/46/67
f 420/169/68 412/66/68 414/65/68 418/53/68
f 450/72/57 454/170/57 456/197/57 448/92/57
f 436/66/58 450/172/58 449/17/58 437/85/58
f 435/173/59 438/196/59 437/151/59 433/1/59
f 455/88/60 452/155/60 451/160/60 456/89/60
f 441/9/61 443/86/61 442/29/61 439/193/61
f 445/13/62 449/84/62 448/92/62 446/175/62
f 440/68/63 453/74/63 452/90/63 441/28/63
f 434/64/64 440/68/64 439/67/64 435/65/64
f 454/41/65 444/31/65 443/86/65 455/88/65
f 453/74/66 447/70/66 446/69/66 451/73/66
f 447/70/67 434/64/67 433/25/67 445/32/67
f 444/176/68 436/66/68 438/65/68 442/67/68
f 474/37/57 478/2/57 480/153/57 472/35/57
f 460/4/58 474/18/58 473/17/58 461/5/58
f 459/3/59 462/198/59 461/199/59 457/1/59
f 479/42/60 476/200/60 475/201/60 480/43/60
f 465/202/61 467/30/61 466/29/61 463/203/61
f 469/99/62 473/36/62 472/35/62 470/204/62
f 464/93/63 477/94/63 476/39/63 465/28/63
f 458/26/64 464/93/64 463/10/64 459/6/64
f 478/41/65 468/31/65 467/30/65 479/42/65
f 477/94/66 471/34/66 470/33/66 475/38/66
f 471/34/67 458/26/67 457/25/67 469/32/67
f 468/12/68 460/4/68 462/6/68 466/10/68
f 498/37/57 502/2/57 504/153/57 496/35/57
f 484/4/58 498/18/58 497/17/58 485/5/58
f 483/3/59 486/198/59 485/199/59 481/1/59
f 503/42/60 500/200/60 499/201/60 504/43/60
f 489/202/61 491/30/61 490/29/61 487/203/61
f 493/99/62 497/36/62 496/35/62 494/204/62
f 488/27/63 501/40/63 500/39/63 489/28/63
f 482/26/64 488/27/64 487/10/64 483/6/64
f 502/41/65 492/31/65 491/30/65 503/42/65
f 501/40/66 495/34/66 494/33/66 499/38/66
f 495/34/67 482/26/67 481/25/67 493/32/67
f 492/161/68 484/4/68 486/6/68 490/10/68
f 522/37/57 526/2/57 528/153/57 520/35/57
f 508/4/58 522/18/58 521/17/58 509/44/58
f 507/3/59 510/198/59 509/199/59 505/1/59
f 527/42/60 524/200/60 523/201/60 528/43/60
f 513/202/61 515/30/61 514/29/61 511/203/61
f 517/99/62 521/36/62 520/35/62 518/204/62
f 512/27/63 525/40/63 524/48/63 513/28/63
f 506/26/64 512/27/64 511/10/64 507/6/64
f 526/41/65 516/45/65 515/30/65 527/42/65
f 525/40/66 519/47/66 518/33/66 523/38/66
f 519/47/67 506/26/67 505/25/67 517/46/67
f 516/161/68 508/4/68 510/6/68 514/10/68
f 546/37/57 550/2/57 552/153/57 544/35/57
f 532/4/58 546/18/58 545/17/58 533/44/58
f 531/3/59 534/198/59 533/199/59 529/1/59
f 551/42/60 548/200/60 547/201/60 552/43/60
f 537/202/61 539/30/61 538/29/61 535/203/61
f 541/99/62 545/36/62 544/35/62 542/204/62
f 536/27/63 549/40/63 548/48/63 537/28/63
f 530/26/64 536/27/64 535/10/64 531/6/64
f 550/41/65 540/45/65 539/30/65 551/42/65
f 549/40/66 543/47/66 542/33/66 547/38/66
f 543/47/67 530/26/67 529/25/67 541/46/67
f 540/161/68 532/4/68 534/6/68 538/10/68
f 570/60/57 574/162/57 576/163/57 568/59/57
f 556/52/58 570/164/58 569/165/58 557/5/58
f 555/195/59 558/205/59 557/199/59 553/1/59
f 575/42/60 572/200/60 571/201/60 576/43/60
f 561/202/61 563/30/61 562/29/61 559/203/61
f 565/99/62 569/36/62 568/59/62 566/206/62
f 560/54/63 573/63/63 572/62/63 561/55/63
f 554/50/64 560/54/64 559/53/64 555/51/64
f 574/41/65 564/31/65 563/30/65 575/42/65
f 573/63/66 567/58/66 566/57/66 571/61/66
f 567/58/67 554/50/67 553/49/67 565/56/67
f 564/169/68 556/52/68 558/51/68 562/53/68
f 594/60/57 598/162/57 600/163/57 592/59/57
f 580/52/58 594/164/58 593/17/58 581/5/58
f 579/195/59 582/205/59 581/199/59 577/1/59
f 599/42/60 596/200/60 595/201/60 600/43/60
f 585/202/61 587/30/61 586/29/61 583/203/61
f 589/99/62 593/36/62 592/59/62 590/206/62
f 584/54/63 597/63/63 596/39/63 585/28/63
f 578/50/64 584/54/64 583/53/64 579/51/64
f 598/41/65 588/31/65 587/30/65 599/42/65
f 597/63/66 591/58/66 590/57/66 595/61/66
f 591/58/67 578/50/67 577/25/67 589/32/67
f 588/169/68 580/52/68 582/51/68 586/53/68
f 618/60/57 622/162/57 624/163/57 616/59/57
f 604/52/58 618/164/58 617/17/58 605/5/58
f 603/195/59 606/205/59 605/199/59 601/1/59
f 623/42/60 620/200/60 619/201/60 624/43/60
f 609/202/61 611/30/61 610/29/61 607/203/61
f 613/99/62 617/36/62 616/59/62 614/206/62
f 608/54/63 621/63/63 620/39/63 609/28/63
f 602/50/64 608/54/64 607/53/64 603/51/64
f 622/41/65 612/31/65 611/30/65 623/42/65
f 621/63/66 615/58/66 614/57/66 619/61/66
f 615/58/67 602/50/67 601/25/67 613/32/67
f 612/169/68 604/52/68 606/51/68 610/53/68
f 642/60/57 646/162/57 648/163/57 640/59/57
f 628/52/58 642/164/58 641/17/58 629/5/58
f 627/195/59 630/205/59 629/199/59 625/1/59
f 647/42/60 644/200/60 643/201/60 648/43/60
f 633/202/61 635/30/61 634/29/61 631/203/61
f 637/99/62 641/36/62 640/59/62 638/206/62
f 632/54/63 645/63/63 644/39/63 633/28/63
f 626/50/64 632/54/64 631/53/64 627/51/64
f 646/41/65 636/31/65 635/30/65 647/42/65
f 645/63/66 639/58/66 638/57/66 643/61/66
f 639/58/67 626/50/67 625/25/67 637/32/67
f 636/169/68 628/52/68 630/51/68 634/53/68
f 666/72/57 670/170/57 672/171/57 664/95/57
f 652/66/58 666/172/58 665/17/58 653/5/58
f 651/173/59 654/174/59 653/199/59 649/1/59
f 671/42/60 668/200/60 667/201/60 672/43/60
f 657/202/61 659/30/61 658/29/61 655/203/61
f 661/99/62 665/36/62 664/95/62 662/207/62
f 656/68/63 669/74/63 668/39/63 657/28/63
f 650/64/64 656/68/64 655/67/64 651/65/64
f 670/41/65 660/31/65 659/30/65 671/42/65
f 669/74/66 663/70/66 662/69/66 667/73/66
f 663/70/67 650/64/67 649/25/67 661/32/67
f 660/176/68 652/66/68 654/65/68 658/67/68
f 4569/177/57 682/178/57 684/179/57 4570/180/57
f 683/42/60 680/200/60 679/201/60 684/43/60
f 675/202/61 677/30/61 676/29/61 673/203/61
f 674/68/63 681/75/63 680/48/63 675/28/63
f 4571/181/64 674/68/64 673/67/64 4572/182/64
f 682/41/65 678/45/65 677/30/65 683/42/65
f 688/85/58 694/183/58 696/184/58 689/98/58
f 685/96/59 690/49/59 689/98/59 686/97/59
f 691/99/62 696/84/62 695/101/62 692/100/62
f 4653/185/66 693/81/66 692/100/66 4654/186/66
f 693/158/67 687/78/67 686/97/67 691/208/67
f 4655/187/68 688/188/68 690/189/68 4656/190/68
f 714/37/57 718/2/57 720/209/57 712/103/57
f 700/4/58 714/18/58 713/17/58 701/44/58
f 699/3/59 702/210/59 701/151/59 697/1/59
f 719/104/60 716/211/60 715/212/60 720/89/60
f 705/213/61 707/86/61 706/102/61 703/203/61
f 709/99/62 713/84/62 712/103/62 710/204/62
f 704/27/63 717/40/63 716/48/63 705/28/63
f 698/26/64 704/27/64 703/10/64 699/6/64
f 718/41/65 708/45/65 707/86/65 719/104/65
f 717/40/66 711/47/66 710/33/66 715/38/66
f 711/47/67 698/26/67 697/25/67 709/46/67
f 708/161/68 700/4/68 702/6/68 706/10/68
f 738/37/57 742/2/57 744/209/57 736/103/57
f 724/4/58 738/18/58 737/17/58 725/5/58
f 723/3/59 726/210/59 725/151/59 721/1/59
f 743/104/60 740/211/60 739/212/60 744/89/60
f 729/213/61 731/86/61 730/102/61 727/203/61
f 733/99/62 737/84/62 736/103/62 734/204/62
f 728/27/63 741/40/63 740/90/63 729/28/63
f 722/26/64 728/27/64 727/10/64 723/6/64
f 742/41/65 732/31/65 731/86/65 743/104/65
f 741/40/66 735/47/66 734/33/66 739/38/66
f 735/47/67 722/26/67 721/25/67 733/32/67
f 732/161/68 724/4/68 726/6/68 730/10/68
f 762/37/57 766/2/57 768/209/57 760/103/57
f 748/4/58 762/18/58 761/17/58 749/5/58
f 747/3/59 750/210/59 749/151/59 745/1/59
f 767/104/60 764/211/60 763/212/60 768/89/60
f 753/213/61 755/86/61 754/102/61 751/203/61
f 757/99/62 761/84/62 760/103/62 758/204/62
f 752/27/63 765/40/63 764/90/63 753/28/63
f 746/26/64 752/27/64 751/10/64 747/6/64
f 766/41/65 756/31/65 755/86/65 767/104/65
f 765/40/66 759/47/66 758/33/66 763/38/66
f 759/47/67 746/26/67 745/25/67 757/32/67
f 756/161/68 748/4/68 750/6/68 754/10/68
f 786/60/57 790/2/57 792/209/57 784/105/57
f 772/52/58 786/164/58 785/17/58 773/5/58
f 771/166/59 774/167/59 773/151/59 769/1/59
f 791/104/60 788/200/60 787/212/60 792/89/60
f 777/213/61 779/86/61 778/102/61 775/203/61
f 781/99/62 785/84/62 784/105/62 782/206/62
f 776/27/63 789/40/63 788/39/63 777/28/63
f 770/50/64 776/27/64 775/10/64 771/51/64
f 790/41/65 780/31/65 779/86/65 791/104/65
f 789/40/66 783/58/66 782/57/66 787/38/66
f 783/58/67 770/50/67 769/25/67 781/32/67
f 780/161/68 772/52/68 774/51/68 778/10/68
f 810/60/57 814/162/57 816/214/57 808/105/57
f 796/52/58 810/164/58 809/17/58 797/44/58
f 795/166/59 798/167/59 797/151/59 793/1/59
f 815/104/60 812/211/60 811/212/60 816/89/60
f 801/213/61 803/86/61 802/102/61 799/203/61
f 805/99/62 809/84/62 808/105/62 806/206/62
f 800/54/63 813/63/63 812/48/63 801/28/63
f 794/50/64 800/54/64 799/53/64 795/51/64
f 814/41/65 804/45/65 803/86/65 815/104/65
f 813/63/66 807/58/66 806/57/66 811/61/66
f 807/58/67 794/50/67 793/25/67 805/46/67
f 804/169/68 796/52/68 798/51/68 802/53/68
f 834/60/57 838/162/57 840/214/57 832/105/57
f 820/52/58 834/164/58 833/17/58 821/44/58
f 819/166/59 822/167/59 821/151/59 817/1/59
f 839/104/60 836/211/60 835/212/60 840/89/60
f 825/213/61 827/86/61 826/102/61 823/203/61
f 829/99/62 833/84/62 832/105/62 830/206/62
f 824/54/63 837/63/63 836/48/63 825/28/63
f 818/50/64 824/54/64 823/53/64 819/51/64
f 838/41/65 828/45/65 827/86/65 839/104/65
f 837/63/66 831/58/66 830/57/66 835/61/66
f 831/58/67 818/50/67 817/25/67 829/46/67
f 828/169/68 820/52/68 822/51/68 826/53/68
f 858/60/57 862/162/57 864/214/57 856/105/57
f 844/52/58 858/164/58 857/17/58 845/44/58
f 843/166/59 846/167/59 845/151/59 841/1/59
f 863/104/60 860/211/60 859/212/60 864/89/60
f 849/213/61 851/86/61 850/102/61 847/203/61
f 853/99/62 857/84/62 856/105/62 854/206/62
f 848/54/63 861/63/63 860/48/63 849/28/63
f 842/50/64 848/54/64 847/53/64 843/51/64
f 862/41/65 852/45/65 851/86/65 863/104/65
f 861/63/66 855/58/66 854/57/66 859/61/66
f 855/58/67 842/50/67 841/25/67 853/46/67
f 852/169/68 844/52/68 846/51/68 850/53/68
f 882/72/57 886/162/57 888/214/57 880/71/57
f 868/66/58 882/172/58 881/17/58 869/44/58
f 867/173/59 870/215/59 869/151/59 865/1/59
f 887/104/60 884/211/60 883/212/60 888/89/60
f 873/213/61 875/86/61 874/102/61 871/203/61
f 877/99/62 881/84/62 880/71/62 878/175/62
f 872/54/63 885/63/63 884/48/63 873/28/63
f 866/64/64 872/54/64 871/53/64 867/65/64
f 886/41/65 876/45/65 875/86/65 887/104/65
f 885/63/66 879/70/66 878/69/66 883/61/66
f 879/70/67 866/64/67 865/25/67 877/46/67
f 876/169/68 868/66/68 870/65/68 874/53/68
f 906/72/57 910/170/57 912/171/57 904/71/57
f 892/66/58 906/172/58 905/17/58 893/5/58
f 891/173/59 894/215/59 893/151/59 889/1/59
f 911/104/60 908/211/60 907/212/60 912/89/60
f 897/213/61 899/86/61 898/102/61 895/203/61
f 901/99/62 905/84/62 904/71/62 902/175/62
f 896/68/63 909/74/63 908/90/63 897/28/63
f 890/64/64 896/68/64 895/67/64 891/65/64
f 910/41/65 900/31/65 899/86/65 911/104/65
f 909/74/66 903/70/66 902/69/66 907/73/66
f 903/70/67 890/64/67 889/25/67 901/32/67
f 900/176/68 892/66/68 894/65/68 898/67/68
f 930/37/57 934/2/57 936/216/57 928/35/57
f 916/4/58 930/18/58 929/17/58 917/5/58
f 915/3/59 918/217/59 917/218/59 913/1/59
f 935/109/60 932/219/60 931/220/60 936/43/60
f 921/221/61 923/107/61 922/106/61 919/222/61
f 925/99/62 929/108/62 928/35/62 926/14/62
f 920/93/63 933/94/63 932/39/63 921/28/63
f 914/26/64 920/93/64 919/10/64 915/6/64
f 934/41/65 924/31/65 923/107/65 935/109/65
f 933/94/66 927/34/66 926/33/66 931/38/66
f 927/34/67 914/26/67 913/25/67 925/32/67
f 924/12/68 916/4/68 918/6/68 922/10/68
f 954/37/57 958/2/57 960/216/57 952/35/57
f 940/4/58 954/18/58 953/17/58 941/5/58
f 939/3/59 942/217/59 941/218/59 937/1/59
f 959/109/60 956/219/60 955/220/60 960/43/60
f 945/221/61 947/107/61 946/106/61 943/222/61
f 949/99/62 953/108/62 952/35/62 950/14/62
f 944/27/63 957/40/63 956/39/63 945/28/63
f 938/26/64 944/27/64 943/10/64 939/6/64
f 958/41/65 948/31/65 947/107/65 959/109/65
f 957/40/66 951/34/66 950/33/66 955/38/66
f 951/34/67 938/26/67 937/25/67 949/32/67
f 948/161/68 940/4/68 942/6/68 946/10/68
f 978/37/57 982/2/57 984/216/57 976/35/57
f 964/4/58 978/18/58 977/17/58 965/44/58
f 963/3/59 966/217/59 965/218/59 961/1/59
f 983/109/60 980/219/60 979/220/60 984/43/60
f 969/221/61 971/107/61 970/106/61 967/222/61
f 973/99/62 977/108/62 976/35/62 974/14/62
f 968/27/63 981/40/63 980/48/63 969/28/63
f 962/26/64 968/27/64 967/10/64 963/6/64
f 982/41/65 972/45/65 971/107/65 983/109/65
f 981/40/66 975/47/66 974/33/66 979/38/66
f 975/47/67 962/26/67 961/25/67 973/46/67
f 972/161/68 964/4/68 966/6/68 970/10/68
f 1002/37/57 1006/2/57 1008/216/57 1000/35/57
f 988/4/58 1002/18/58 1001/17/58 989/44/58
f 987/3/59 990/217/59 989/218/59 985/1/59
f 1007/109/60 1004/219/60 1003/220/60 1008/43/60
f 993/221/61 995/107/61 994/106/61 991/222/61
f 997/99/62 1001/108/62 1000/35/62 998/14/62
f 992/27/63 1005/40/63 1004/48/63 993/28/63
f 986/26/64 992/27/64 991/10/64 987/6/64
f 1006/41/65 996/45/65 995/107/65 1007/109/65
f 1005/40/66 999/47/66 998/33/66 1003/38/66
f 999/47/67 986/26/67 985/25/67 997/46/67
f 996/161/68 988/4/68 990/6/68 994/10/68
f 1026/60/57 1030/162/57 1032/163/57 1024/105/57
f 1012/52/58 1026/164/58 1025/165/58 1013/5/58
f 1011/223/59 1014/167/59 1013/218/59 1009/1/59
f 1031/109/60 1028/219/60 1027/220/60 1032/43/60
f 1017/221/61 1019/107/61 1018/106/61 1015/222/61
f 1021/99/62 1025/108/62 1024/105/62 1022/206/62
f 1016/54/63 1029/63/63 1028/62/63 1017/55/63
f 1010/50/64 1016/54/64 1015/53/64 1011/51/64
f 1030/41/65 1020/31/65 1019/107/65 1031/109/65
f 1029/63/66 1023/58/66 1022/57/66 1027/61/66
f 1023/58/67 1010/50/67 1009/49/67 1021/56/67
f 1020/169/68 1012/52/68 1014/51/68 1018/53/68
f 1050/60/57 1054/162/57 1056/163/57 1048/105/57
f 1036/52/58 1050/164/58 1049/17/58 1037/5/58
f 1035/223/59 1038/167/59 1037/218/59 1033/1/59
f 1055/109/60 1052/219/60 1051/220/60 1056/43/60
f 1041/221/61 1043/107/61 1042/106/61 1039/222/61
f 1045/99/62 1049/108/62 1048/105/62 1046/206/62
f 1040/54/63 1053/63/63 1052/39/63 1041/28/63
f 1034/50/64 1040/54/64 1039/53/64 1035/51/64
f 1054/41/65 1044/31/65 1043/107/65 1055/109/65
f 1053/63/66 1047/58/66 1046/57/66 1051/61/66
f 1047/58/67 1034/50/67 1033/25/67 1045/32/67
f 1044/169/68 1036/52/68 1038/51/68 1042/53/68
f 1074/60/57 1078/162/57 1080/163/57 1072/105/57
f 1060/52/58 1074/164/58 1073/17/58 1061/5/58
f 1059/223/59 1062/167/59 1061/218/59 1057/1/59
f 1079/109/60 1076/219/60 1075/220/60 1080/43/60
f 1065/221/61 1067/107/61 1066/106/61 1063/222/61
f 1069/99/62 1073/108/62 1072/105/62 1070/206/62
f 1064/54/63 1077/63/63 1076/39/63 1065/28/63
f 1058/50/64 1064/54/64 1063/53/64 1059/51/64
f 1078/41/65 1068/31/65 1067/107/65 1079/109/65
f 1077/63/66 1071/58/66 1070/57/66 1075/61/66
f 1071/58/67 1058/50/67 1057/25/67 1069/32/67
f 1068/169/68 1060/52/68 1062/51/68 1066/53/68
f 1098/60/57 1102/162/57 1104/163/57 1096/105/57
f 1084/52/58 1098/164/58 1097/17/58 1085/5/58
f 1083/223/59 1086/167/59 1085/218/59 1081/1/59
f 1103/109/60 1100/219/60 1099/220/60 1104/43/60
f 1089/221/61 1091/107/61 1090/106/61 1087/222/61
f 1093/99/62 1097/108/62 1096/105/62 1094/206/62
f 1088/54/63 1101/63/63 1100/39/63 1089/28/63
f 1082/50/64 1088/54/64 1087/53/64 1083/51/64
f 1102/41/65 1092/31/65 1091/107/65 1103/109/65
f 1101/63/66 1095/58/66 1094/57/66 1099/61/66
f 1095/58/67 1082/50/67 1081/25/67 1093/32/67
f 1092/169/68 1084/52/68 1086/51/68 1090/53/68
f 1122/72/57 1126/170/57 1128/171/57 1120/95/57
f 1108/66/58 1122/172/58 1121/17/58 1109/5/58
f 1107/173/59 1110/215/59 1109/218/59 1105/1/59
f 1127/109/60 1124/219/60 1123/220/60 1128/43/60
f 1113/221/61 1115/107/61 1114/106/61 1111/222/61
f 1117/99/62 1121/108/62 1120/95/62 1118/207/62
f 1112/68/63 1125/74/63 1124/39/63 1113/28/63
f 1106/64/64 1112/68/64 1111/67/64 1107/65/64
f 1126/41/65 1116/31/65 1115/107/65 1127/109/65
f 1125/74/66 1119/70/66 1118/69/66 1123/73/66
f 1119/70/67 1106/64/67 1105/25/67 1117/32/67
f 1116/176/68 1108/66/68 1110/65/68 1114/67/68
f 4577/177/57 1138/178/57 1140/179/57 4578/180/57
f 1139/109/60 1136/219/60 1135/220/60 1140/43/60
f 1131/221/61 1133/107/61 1132/106/61 1129/222/61
f 1130/68/63 1137/75/63 1136/48/63 1131/28/63
f 4579/181/64 1130/68/64 1129/67/64 4580/182/64
f 1138/41/65 1134/45/65 1133/107/65 1139/109/65
f 1144/85/58 1150/183/58 1152/184/58 1145/98/58
f 1141/96/59 1146/49/59 1145/98/59 1142/97/59
f 1147/99/62 1152/84/62 1151/101/62 1148/100/62
f 4661/185/66 1149/81/66 1148/100/66 4662/186/66
f 1149/158/67 1143/78/67 1142/97/67 1147/208/67
f 4663/187/68 1144/188/68 1146/189/68 4664/190/68
f 1170/37/57 1174/2/57 1176/209/57 1168/103/57
f 1156/4/58 1170/18/58 1169/17/58 1157/44/58
f 1155/3/59 1158/210/59 1157/151/59 1153/1/59
f 1175/104/60 1172/211/60 1171/212/60 1176/89/60
f 1161/213/61 1163/86/61 1162/102/61 1159/203/61
f 1165/99/62 1169/84/62 1168/103/62 1166/204/62
f 1160/27/63 1173/40/63 1172/48/63 1161/28/63
f 1154/26/64 1160/27/64 1159/10/64 1155/6/64
f 1174/41/65 1164/45/65 1163/86/65 1175/104/65
f 1173/40/66 1167/47/66 1166/33/66 1171/38/66
f 1167/47/67 1154/26/67 1153/25/67 1165/46/67
f 1164/161/68 1156/4/68 1158/6/68 1162/10/68
f 1194/37/57 1198/2/57 1200/209/57 1192/103/57
f 1180/4/58 1194/18/58 1193/17/58 1181/5/58
f 1179/3/59 1182/210/59 1181/151/59 1177/1/59
f 1199/104/60 1196/211/60 1195/212/60 1200/89/60
f 1185/213/61 1187/86/61 1186/102/61 1183/203/61
f 1189/99/62 1193/84/62 1192/103/62 1190/204/62
f 1184/27/63 1197/40/63 1196/90/63 1185/28/63
f 1178/26/64 1184/27/64 1183/10/64 1179/6/64
f 1198/41/65 1188/31/65 1187/86/65 1199/104/65
f 1197/40/66 1191/47/66 1190/33/66 1195/38/66
f 1191/47/67 1178/26/67 1177/25/67 1189/32/67
f 1188/161/68 1180/4/68 1182/6/68 1186/10/68
f 1218/37/57 1222/2/57 1224/209/57 1216/103/57
f 1204/4/58 1218/18/58 1217/17/58 1205/5/58
f 1203/3/59 1206/210/59 1205/151/59 1201/1/59
f 1223/104/60 1220/211/60 1219/212/60 1224/89/60
f 1209/213/61 1211/86/61 1210/102/61 1207/203/61
f 1213/99/62 1217/84/62 1216/103/62 1214/204/62
f 1208/27/63 1221/40/63 1220/90/63 1209/28/63
f 1202/26/64 1208/27/64 1207/10/64 1203/6/64
f 1222/41/65 1212/31/65 1211/86/65 1223/104/65
f 1221/40/66 1215/47/66 1214/33/66 1219/38/66
f 1215/47/67 1202/26/67 1201/25/67 1213/32/67
f 1212/161/68 1204/4/68 1206/6/68 1210/10/68
f 1242/60/57 1246/2/57 1248/209/57 1240/105/57
f 1228/52/58 1242/164/58 1241/17/58 1229/5/58
f 1227/166/59 1230/167/59 1229/151/59 1225/1/59
f 1247/104/60 1244/200/60 1243/212/60 1248/89/60
f 1233/213/61 1235/86/61 1234/102/61 1231/203/61
f 1237/99/62 1241/84/62 1240/105/62 1238/206/62
f 1232/27/63 1245/40/63 1244/39/63 1233/28/63
f 1226/50/64 1232/27/64 1231/10/64 1227/51/64
f 1246/41/65 1236/31/65 1235/86/65 1247/104/65
f 1245/40/66 1239/58/66 1238/57/66 1243/38/66
f 1239/58/67 1226/50/67 1225/25/67 1237/32/67
f 1236/161/68 1228/52/68 1230/51/68 1234/10/68
f 1266/60/57 1270/162/57 1272/214/57 1264/105/57
f 1252/52/58 1266/164/58 1265/17/58 1253/44/58
f 1251/166/59 1254/167/59 1253/151/59 1249/1/59
f 1271/104/60 1268/211/60 1267/212/60 1272/89/60
f 1257/213/61 1259/86/61 1258/102/61 1255/203/61
f 1261/99/62 1265/84/62 1264/105/62 1262/206/62
f 1256/54/63 1269/63/63 1268/48/63 1257/28/63
f 1250/50/64 1256/54/64 1255/53/64 1251/51/64
f 1270/41/65 1260/45/65 1259/86/65 1271/104/65
f 1269/63/66 1263/58/66 1262/57/66 1267/61/66
f 1263/58/67 1250/50/67 1249/25/67 1261/46/67
f 1260/169/68 1252/52/68 1254/51/68 1258/53/68
f 1290/60/57 1294/162/57 1296/214/57 1288/105/57
f 1276/52/58 1290/164/58 1289/17/58 1277/44/58
f 1275/166/59 1278/167/59 1277/151/59 1273/1/59
f 1295/104/60 1292/211/60 1291/212/60 1296/89/60
f 1281/213/61 1283/86/61 1282/102/61 1279/203/61
f 1285/99/62 1289/84/62 1288/105/62 1286/206/62
f 1280/54/63 1293/63/63 1292/48/63 1281/28/63
f 1274/50/64 1280/54/64 1279/53/64 1275/51/64
f 1294/41/65 1284/45/65 1283/86/65 1295/104/65
f 1293/63/66 1287/58/66 1286/57/66 1291/61/66
f 1287/58/67 1274/50/67 1273/25/67 1285/46/67
f 1284/169/68 1276/52/68 1278/51/68 1282/53/68
f 1314/60/57 1318/162/57 1320/214/57 1312/105/57
f 1300/52/58 1314/164/58 1313/17/58 1301/44/58
f 1299/166/59 1302/167/59 1301/151/59 1297/1/59
f 1319/104/60 1316/211/60 1315/212/60 1320/89/60
f 1305/213/61 1307/86/61 1306/102/61 1303/203/61
f 1309/99/62 1313/84/62 1312/105/62 1310/206/62
f 1304/54/63 1317/63/63 1316/48/63 1305/28/63
f 1298/50/64 1304/54/64 1303/53/64 1299/51/64
f 1318/41/65 1308/45/65 1307/86/65 1319/104/65
f 1317/63/66 1311/58/66 1310/57/66 1315/61/66
f 1311/58/67 1298/50/67 1297/25/67 1309/46/67
f 1308/169/68 1300/52/68 1302/51/68 1306/53/68
f 1338/72/57 1342/162/57 1344/214/57 1336/71/57
f 1324/66/58 1338/172/58 1337/17/58 1325/44/58
f 1323/173/59 1326/215/59 1325/151/59 1321/1/59
f 1343/104/60 1340/211/60 1339/212/60 1344/89/60
f 1329/213/61 1331/86/61 1330/102/61 1327/203/61
f 1333/99/62 1337/84/62 1336/71/62 1334/175/62
f 1328/54/63 1341/63/63 1340/48/63 1329/28/63
f 1322/64/64 1328/54/64 1327/53/64 1323/65/64
f 1342/41/65 1332/45/65 1331/86/65 1343/104/65
f 1341/63/66 1335/70/66 1334/69/66 1339/61/66
f 1335/70/67 1322/64/67 1321/25/67 1333/46/67
f 1332/169/68 1324/66/68 1326/65/68 1330/53/68
f 1362/72/57 1366/170/57 1368/171/57 1360/71/57
f 1348/66/58 1362/172/58 1361/17/58 1349/5/58
f 1347/173/59 1350/215/59 1349/151/59 1345/1/59
f 1367/104/60 1364/211/60 1363/212/60 1368/89/60
f 1353/213/61 1355/86/61 1354/102/61 1351/203/61
f 1357/99/62 1361/84/62 1360/71/62 1358/175/62
f 1352/68/63 1365/74/63 1364/90/63 1353/28/63
f 1346/64/64 1352/68/64 1351/67/64 1347/65/64
f 1366/41/65 1356/31/65 1355/86/65 1367/104/65
f 1365/74/66 1359/70/66 1358/69/66 1363/73/66
f 1359/70/67 1346/64/67 1345/25/67 1357/32/67
f 1356/176/68 1348/66/68 1350/65/68 1354/67/68
f 1386/37/57 1390/2/57 1392/224/57 1384/103/57
f 1372/4/58 1386/18/58 1385/17/58 1373/5/58
f 1371/3/59 1374/210/59 1373/151/59 1369/1/59
f 1391/104/60 1388/200/60 1387/212/60 1392/89/60
f 1377/213/61 1379/86/61 1378/102/61 1375/203/61
f 1381/99/62 1385/84/62 1384/103/62 1382/204/62
f 1376/93/63 1389/94/63 1388/39/63 1377/28/63
f 1370/26/64 1376/93/64 1375/10/64 1371/6/64
f 1390/41/65 1380/31/65 1379/86/65 1391/104/65
f 1389/94/66 1383/34/66 1382/33/66 1387/38/66
f 1383/34/67 1370/26/67 1369/25/67 1381/32/67
f 1380/12/68 1372/4/68 1374/6/68 1378/10/68
f 1410/37/57 1414/2/57 1416/209/57 1408/103/57
f 1396/4/58 1410/18/58 1409/17/58 1397/5/58
f 1395/3/59 1398/210/59 1397/151/59 1393/1/59
f 1415/104/60 1412/200/60 1411/212/60 1416/89/60
f 1401/213/61 1403/86/61 1402/102/61 1399/203/61
f 1405/99/62 1409/84/62 1408/103/62 1406/204/62
f 1400/27/63 1413/40/63 1412/39/63 1401/28/63
f 1394/26/64 1400/27/64 1399/10/64 1395/6/64
f 1414/41/65 1404/31/65 1403/86/65 1415/104/65
f 1413/40/66 1407/34/66 1406/33/66 1411/38/66
f 1407/34/67 1394/26/67 1393/25/67 1405/32/67
f 1404/161/68 1396/4/68 1398/6/68 1402/10/68
f 1434/37/57 1438/2/57 1440/209/57 1432/103/57
f 1420/4/58 1434/18/58 1433/17/58 1421/44/58
f 1419/3/59 1422/210/59 1421/151/59 1417/1/59
f 1439/104/60 1436/211/60 1435/212/60 1440/89/60
f 1425/213/61 1427/86/61 1426/102/61 1423/203/61
f 1429/99/62 1433/84/62 1432/103/62 1430/204/62
f 1424/27/63 1437/40/63 1436/48/63 1425/28/63
f 1418/26/64 1424/27/64 1423/10/64 1419/6/64
f 1438/41/65 1428/45/65 1427/86/65 1439/104/65
f 1437/40/66 1431/47/66 1430/33/66 1435/38/66
f 1431/47/67 1418/26/67 1417/25/67 1429/46/67
f 1428/161/68 1420/4/68 1422/6/68 1426/10/68
f 1458/37/57 1462/2/57 1464/209/57 1456/103/57
f 1444/4/58 1458/18/58 1457/17/58 1445/44/58
f 1443/3/59 1446/210/59 1445/151/59 1441/1/59
f 1463/104/60 1460/211/60 1459/212/60 1464/89/60
f 1449/213/61 1451/86/61 1450/102/61 1447/203/61
f 1453/99/62 1457/84/62 1456/103/62 1454/204/62
f 1448/27/63 1461/40/63 1460/48/63 1449/28/63
f 1442/26/64 1448/27/64 1447/10/64 1443/6/64
f 1462/41/65 1452/45/65 1451/86/65 1463/104/65
f 1461/40/66 1455/47/66 1454/33/66 1459/38/66
f 1455/47/67 1442/26/67 1441/25/67 1453/46/67
f 1452/161/68 1444/4/68 1446/6/68 1450/10/68
f 1482/60/57 1486/162/57 1488/214/57 1480/105/57
f 1468/52/58 1482/164/58 1481/165/58 1469/5/58
f 1467/166/59 1470/167/59 1469/151/59 1465/1/59
f 1487/104/60 1484/200/60 1483/212/60 1488/89/60
f 1473/213/61 1475/86/61 1474/102/61 1471/203/61
f 1477/99/62 1481/84/62 1480/105/62 1478/206/62
f 1472/54/63 1485/63/63 1484/62/63 1473/55/63
f 1466/50/64 1472/54/64 1471/53/64 1467/51/64
f 1486/41/65 1476/31/65 1475/86/65 1487/104/65
f 1485/63/66 1479/58/66 1478/57/66 1483/61/66
f 1479/58/67 1466/50/67 1465/49/67 1477/56/67
f 1476/169/68 1468/52/68 1470/51/68 1474/53/68
f 1506/60/57 1510/162/57 1512/214/57 1504/105/57
f 1492/52/58 1506/164/58 1505/17/58 1493/5/58
f 1491/166/59 1494/167/59 1493/151/59 1489/1/59
f 1511/104/60 1508/200/60 1507/212/60 1512/89/60
f 1497/213/61 1499/86/61 1498/102/61 1495/203/61
f 1501/99/62 1505/84/62 1504/105/62 1502/206/62
f 1496/54/63 1509/63/63 1508/39/63 1497/28/63
f 1490/50/64 1496/54/64 1495/53/64 1491/51/64
f 1510/41/65 1500/31/65 1499/86/65 1511/104/65
f 1509/63/66 1503/58/66 1502/57/66 1507/61/66
f 1503/58/67 1490/50/67 1489/25/67 1501/32/67
f 1500/169/68 1492/52/68 1494/51/68 1498/53/68
f 1530/60/57 1534/162/57 1536/214/57 1528/105/57
f 1516/52/58 1530/164/58 1529/17/58 1517/5/58
f 1515/166/59 1518/167/59 1517/151/59 1513/1/59
f 1535/104/60 1532/200/60 1531/212/60 1536/89/60
f 1521/213/61 1523/86/61 1522/102/61 1519/203/61
f 1525/99/62 1529/84/62 1528/105/62 1526/206/62
f 1520/54/63 1533/63/63 1532/39/63 1521/28/63
f 1514/50/64 1520/54/64 1519/53/64 1515/51/64
f 1534/41/65 1524/31/65 1523/86/65 1535/104/65
f 1533/63/66 1527/58/66 1526/57/66 1531/61/66
f 1527/58/67 1514/50/67 1513/25/67 1525/32/67
f 1524/169/68 1516/52/68 1518/51/68 1522/53/68
f 1554/60/57 1558/162/57 1560/214/57 1552/105/57
f 1540/52/58 1554/164/58 1553/17/58 1541/5/58
f 1539/166/59 1542/167/59 1541/151/59 1537/1/59
f 1559/104/60 1556/200/60 1555/212/60 1560/89/60
f 1545/213/61 1547/86/61 1546/102/61 1543/203/61
f 1549/99/62 1553/84/62 1552/105/62 1550/206/62
f 1544/54/63 1557/63/63 1556/39/63 1545/28/63
f 1538/50/64 1544/54/64 1543/53/64 1539/51/64
f 1558/41/65 1548/31/65 1547/86/65 1559/104/65
f 1557/63/66 1551/58/66 1550/57/66 1555/61/66
f 1551/58/67 1538/50/67 1537/25/67 1549/32/67
f 1548/169/68 1540/52/68 1542/51/68 1546/53/68
f 1578/72/57 1582/170/57 1584/171/57 1576/71/57
f 1564/66/58 1578/172/58 1577/17/58 1565/5/58
f 1563/173/59 1566/215/59 1565/151/59 1561/1/59
f 1583/104/60 1580/200/60 1579/212/60 1584/89/60
f 1569/213/61 1571/86/61 1570/102/61 1567/203/61
f 1573/99/62 1577/84/62 1576/71/62 1574/175/62
f 1568/68/63 1581/74/63 1580/39/63 1569/28/63
f 1562/64/64 1568/68/64 1567/67/64 1563/65/64
f 1582/41/65 1572/31/65 1571/86/65 1583/104/65
f 1581/74/66 1575/70/66 1574/69/66 1579/73/66
f 1575/70/67 1562/64/67 1561/25/67 1573/32/67
f 1572/176/68 1564/66/68 1566/65/68 1570/67/68
f 4585/177/57 1594/178/57 1596/179/57 4586/180/57
f 1595/104/60 1592/211/60 1591/212/60 1596/89/60
f 1587/213/61 1589/86/61 1588/102/61 1585/203/61
f 1586/68/63 1593/75/63 1592/48/63 1587/28/63
f 4587/181/64 1586/68/64 1585/67/64 4588/182/64
f 1594/41/65 1590/45/65 1589/86/65 1595/104/65
f 1600/85/58 1606/183/58 1608/184/58 1601/98/58
f 1597/96/59 1602/49/59 1601/98/59 1598/97/59
f 1603/99/62 1608/84/62 1607/101/62 1604/100/62
f 4669/185/66 1605/81/66 1604/100/66 4670/186/66
f 1605/158/67 1599/78/67 1598/97/67 1603/208/67
f 4671/187/68 1600/188/68 1602/189/68 4672/190/68
f 1626/37/57 1630/2/57 1632/209/57 1624/103/57
f 1612/4/58 1626/18/58 1625/17/58 1613/44/58
f 1611/3/59 1614/210/59 1613/151/59 1609/1/59
f 1631/104/60 1628/211/60 1627/212/60 1632/89/60
f 1617/213/61 1619/86/61 1618/102/61 1615/203/61
f 1621/99/62 1625/84/62 1624/103/62 1622/204/62
f 1616/27/63 1629/40/63 1628/48/63 1617/28/63
f 1610/26/64 1616/27/64 1615/10/64 1611/6/64
f 1630/41/65 1620/45/65 1619/86/65 1631/104/65
f 1629/40/66 1623/47/66 1622/33/66 1627/38/66
f 1623/47/67 1610/26/67 1609/25/67 1621/46/67
f 1620/161/68 1612/4/68 1614/6/68 1618/10/68
f 1650/37/57 1654/2/57 1656/209/57 1648/103/57
f 1636/4/58 1650/18/58 1649/17/58 1637/5/58
f 1635/3/59 1638/210/59 1637/151/59 1633/1/59
f 1655/104/60 1652/211/60 1651/212/60 1656/89/60
f 1641/213/61 1643/86/61 1642/102/61 1639/203/61
f 1645/99/62 1649/84/62 1648/103/62 1646/204/62
f 1640/27/63 1653/40/63 1652/90/63 1641/28/63
f 1634/26/64 1640/27/64 1639/10/64 1635/6/64
f 1654/41/65 1644/31/65 1643/86/65 1655/104/65
f 1653/40/66 1647/47/66 1646/33/66 1651/38/66
f 1647/47/67 1634/26/67 1633/25/67 1645/32/67
f 1644/161/68 1636/4/68 1638/6/68 1642/10/68
f 1674/37/57 1678/2/57 1680/209/57 1672/103/57
f 1660/4/58 1674/18/58 1673/17/58 1661/5/58
f 1659/3/59 1662/210/59 1661/151/59 1657/1/59
f 1679/104/60 1676/211/60 1675/212/60 1680/89/60
f 1665/213/61 1667/86/61 1666/102/61 1663/203/61
f 1669/99/62 1673/84/62 1672/103/62 1670/204/62
f 1664/27/63 1677/40/63 1676/90/63 1665/28/63
f 1658/26/64 1664/27/64 1663/10/64 1659/6/64
f 1678/41/65 1668/31/65 1667/86/65 1679/104/65
f 1677/40/66 1671/47/66 1670/33/66 1675/38/66
f 1671/47/67 1658/26/67 1657/25/67 1669/32/67
f 1668/161/68 1660/4/68 1662/6/68 1666/10/68
f 1698/60/57 1702/2/57 1704/209/57 1696/105/57
f 1684/52/58 1698/164/58 1697/17/58 1685/5/58
f 1683/166/59 1686/167/59 1685/151/59 1681/1/59
f 1703/104/60 1700/200/60 1699/212/60 1704/89/60
f 1689/213/61 1691/86/61 1690/102/61 1687/203/61
f 1693/99/62 1697/84/62 1696/105/62 1694/206/62
f 1688/27/63 1701/40/63 1700/39/63 1689/28/63
f 1682/50/64 1688/27/64 1687/10/64 1683/51/64
f 1702/41/65 1692/31/65 1691/86/65 1703/104/65
f 1701/40/66 1695/58/66 1694/57/66 1699/38/66
f 1695/58/67 1682/50/67 1681/25/67 1693/32/67
f 1692/161/68 1684/52/68 1686/51/68 1690/10/68
f 1722/60/57 1726/162/57 1728/214/57 1720/105/57
f 1708/52/58 1722/164/58 1721/17/58 1709/44/58
f 1707/166/59 1710/167/59 1709/151/59 1705/1/59
f 1727/104/60 1724/211/60 1723/212/60 1728/89/60
f 1713/213/61 1715/86/61 1714/102/61 1711/203/61
f 1717/99/62 1721/84/62 1720/105/62 1718/206/62
f 1712/54/63 1725/63/63 1724/48/63 1713/28/63
f 1706/50/64 1712/54/64 1711/53/64 1707/51/64
f 1726/41/65 1716/45/65 1715/86/65 1727/104/65
f 1725/63/66 1719/58/66 1718/57/66 1723/61/66
f 1719/58/67 1706/50/67 1705/25/67 1717/46/67
f 1716/169/68 1708/52/68 1710/51/68 1714/53/68
f 1746/60/57 1750/162/57 1752/214/57 1744/105/57
f 1732/52/58 1746/164/58 1745/17/58 1733/44/58
f 1731/166/59 1734/167/59 1733/151/59 1729/1/59
f 1751/104/60 1748/211/60 1747/212/60 1752/89/60
f 1737/213/61 1739/86/61 1738/102/61 1735/203/61
f 1741/99/62 1745/84/62 1744/105/62 1742/206/62
f 1736/54/63 1749/63/63 1748/48/63 1737/28/63
f 1730/50/64 1736/54/64 1735/53/64 1731/51/64
f 1750/41/65 1740/45/65 1739/86/65 1751/104/65
f 1749/63/66 1743/58/66 1742/57/66 1747/61/66
f 1743/58/67 1730/50/67 1729/25/67 1741/46/67
f 1740/169/68 1732/52/68 1734/51/68 1738/53/68
f 1770/60/57 1774/162/57 1776/214/57 1768/105/57
f 1756/52/58 1770/164/58 1769/17/58 1757/44/58
f 1755/166/59 1758/167/59 1757/151/59 1753/1/59
f 1775/104/60 1772/211/60 1771/212/60 1776/89/60
f 1761/213/61 1763/86/61 1762/102/61 1759/203/61
f 1765/99/62 1769/84/62 1768/105/62 1766/206/62
f 1760/54/63 1773/63/63 1772/48/63 1761/28/63
f 1754/50/64 1760/54/64 1759/53/64 1755/51/64
f 1774/41/65 1764/45/65 1763/86/65 1775/104/65
f 1773/63/66 1767/58/66 1766/57/66 1771/61/66
f 1767/58/67 1754/50/67 1753/25/67 1765/46/67
f 1764/169/68 1756/52/68 1758/51/68 1762/53/68
f 1794/72/57 1798/162/57 1800/214/57 1792/71/57
f 1780/66/58 1794/172/58 1793/17/58 1781/44/58
f 1779/173/59 1782/215/59 1781/151/59 1777/1/59
f 1799/104/60 1796/211/60 1795/212/60 1800/89/60
f 1785/213/61 1787/86/61 1786/102/61 1783/203/61
f 1789/99/62 1793/84/62 1792/71/62 1790/175/62
f 1784/54/63 1797/63/63 1796/48/63 1785/28/63
f 1778/64/64 1784/54/64 1783/53/64 1779/65/64
f 1798/41/65 1788/45/65 1787/86/65 1799/104/65
f 1797/63/66 1791/70/66 1790/69/66 1795/61/66
f 1791/70/67 1778/64/67 1777/25/67 1789/46/67
f 1788/169/68 1780/66/68 1782/65/68 1786/53/68
f 1818/72/57 1822/170/57 1824/171/57 1816/71/57
f 1804/66/58 1818/172/58 1817/17/58 1805/5/58
f 1803/173/59 1806/215/59 1805/151/59 1801/1/59
f 1823/104/60 1820/211/60 1819/212/60 1824/89/60
f 1809/213/61 1811/86/61 1810/102/61 1807/203/61
f 1813/99/62 1817/84/62 1816/71/62 1814/175/62
f 1808/68/63 1821/74/63 1820/90/63 1809/28/63
f 1802/64/64 1808/68/64 1807/67/64 1803/65/64
f 1822/41/65 1812/31/65 1811/86/65 1823/104/65
f 1821/74/66 1815/70/66 1814/69/66 1819/73/66
f 1815/70/67 1802/64/67 1801/25/67 1813/32/67
f 1812/176/68 1804/66/68 1806/65/68 1810/67/68
f 1842/37/57 1846/2/57 1848/225/57 1840/113/57
f 1828/4/58 1842/18/58 1841/17/58 1829/110/58
f 1827/3/59 1830/226/59 1829/199/59 1825/1/59
f 1847/115/60 1844/227/60 1843/228/60 1848/116/60
f 1833/229/61 1835/112/61 1834/111/61 1831/222/61
f 1837/230/62 1841/114/62 1840/113/62 1838/204/62
f 1832/93/63 1845/94/63 1844/39/63 1833/28/63
f 1826/26/64 1832/93/64 1831/10/64 1827/6/64
f 1846/41/65 1836/31/65 1835/112/65 1847/115/65
f 1845/94/66 1839/34/66 1838/33/66 1843/38/66
f 1839/34/67 1826/26/67 1825/25/67 1837/32/67
f 1836/12/68 1828/4/68 1830/6/68 1834/10/68
f 1866/37/57 1870/2/57 1872/231/57 1864/113/57
f 1852/4/58 1866/18/58 1865/17/58 1853/110/58
f 1851/3/59 1854/226/59 1853/199/59 1849/1/59
f 1871/115/60 1868/227/60 1867/228/60 1872/116/60
f 1857/229/61 1859/112/61 1858/111/61 1855/222/61
f 1861/230/62 1865/114/62 1864/113/62 1862/204/62
f 1856/27/63 1869/40/63 1868/39/63 1857/28/63
f 1850/26/64 1856/27/64 1855/10/64 1851/6/64
f 1870/41/65 1860/31/65 1859/112/65 1871/115/65
f 1869/40/66 1863/34/66 1862/33/66 1867/38/66
f 1863/34/67 1850/26/67 1849/25/67 1861/32/67
f 1860/161/68 1852/4/68 1854/6/68 1858/10/68
f 1890/37/57 1894/2/57 1896/231/57 1888/113/57
f 1876/4/58 1890/18/58 1889/17/58 1877/110/58
f 1875/3/59 1878/226/59 1877/199/59 1873/1/59
f 1895/115/60 1892/227/60 1891/228/60 1896/116/60
f 1881/229/61 1883/112/61 1882/111/61 1879/222/61
f 1885/230/62 1889/114/62 1888/113/62 1886/204/62
f 1880/27/63 1893/40/63 1892/39/63 1881/28/63
f 1874/26/64 1880/27/64 1879/10/64 1875/6/64
f 1894/41/65 1884/31/65 1883/112/65 1895/115/65
f 1893/40/66 1887/34/66 1886/33/66 1891/38/66
f 1887/34/67 1874/26/67 1873/25/67 1885/32/67
f 1884/161/68 1876/4/68 1878/6/68 1882/10/68
f 1914/37/57 1918/2/57 1920/231/57 1912/113/57
f 1900/4/58 1914/18/58 1913/17/58 1901/110/58
f 1899/3/59 1902/226/59 1901/199/59 1897/1/59
f 1919/115/60 1916/227/60 1915/228/60 1920/116/60
f 1905/229/61 1907/112/61 1906/111/61 1903/222/61
f 1909/230/62 1913/114/62 1912/113/62 1910/204/62
f 1904/27/63 1917/40/63 1916/39/63 1905/28/63
f 1898/26/64 1904/27/64 1903/10/64 1899/6/64
f 1918/41/65 1908/31/65 1907/112/65 1919/115/65
f 1917/40/66 1911/34/66 1910/33/66 1915/38/66
f 1911/34/67 1898/26/67 1897/25/67 1909/32/67
f 1908/161/68 1900/4/68 1902/6/68 1906/10/68
f 1938/60/57 1942/162/57 1944/232/57 1936/117/57
f 1924/52/58 1938/164/58 1937/17/58 1925/110/58
f 1923/166/59 1926/233/59 1925/199/59 1921/1/59
f 1943/115/60 1940/227/60 1939/228/60 1944/116/60
f 1929/229/61 1931/112/61 1930/111/61 1927/222/61
f 1933/230/62 1937/114/62 1936/117/62 1934/234/62
f 1928/54/63 1941/63/63 1940/39/63 1929/55/63
f 1922/50/64 1928/54/64 1927/53/64 1923/51/64
f 1942/41/65 1932/31/65 1931/112/65 1943/115/65
f 1941/63/66 1935/58/66 1934/57/66 1939/61/66
f 1935/58/67 1922/50/67 1921/25/67 1933/56/67
f 1932/169/68 1924/52/68 1926/51/68 1930/53/68
f 1962/60/57 1966/162/57 1968/232/57 1960/117/57
f 1948/52/58 1962/164/58 1961/17/58 1949/110/58
f 1947/166/59 1950/233/59 1949/199/59 1945/1/59
f 1967/115/60 1964/227/60 1963/228/60 1968/116/60
f 1953/229/61 1955/112/61 1954/111/61 1951/222/61
f 1957/230/62 1961/114/62 1960/117/62 1958/234/62
f 1952/54/63 1965/63/63 1964/39/63 1953/28/63
f 1946/50/64 1952/54/64 1951/53/64 1947/51/64
f 1966/41/65 1956/31/65 1955/112/65 1967/115/65
f 1965/63/66 1959/58/66 1958/57/66 1963/61/66
f 1959/58/67 1946/50/67 1945/25/67 1957/32/67
f 1956/169/68 1948/52/68 1950/51/68 1954/53/68
f 1986/60/57 1990/162/57 1992/232/57 1984/117/57
f 1972/52/58 1986/164/58 1985/17/58 1973/110/58
f 1971/166/59 1974/233/59 1973/199/59 1969/1/59
f 1991/115/60 1988/227/60 1987/228/60 1992/116/60
f 1977/229/61 1979/112/61 1978/111/61 1975/222/61
f 1981/230/62 1985/114/62 1984/117/62 1982/234/62
f 1976/54/63 1989/63/63 1988/39/63 1977/28/63
f 1970/50/64 1976/54/64 1975/53/64 1971/51/64
f 1990/41/65 1980/31/65 1979/112/65 1991/115/65
f 1989/63/66 1983/58/66 1982/57/66 1987/61/66
f 1983/58/67 1970/50/67 1969/25/67 1981/32/67
f 1980/169/68 1972/52/68 1974/51/68 1978/53/68
f 2010/60/57 2014/162/57 2016/232/57 2008/117/57
f 1996/52/58 2010/164/58 2009/17/58 1997/110/58
f 1995/166/59 1998/233/59 1997/199/59 1993/1/59
f 2015/115/60 2012/227/60 2011/228/60 2016/116/60
f 2001/229/61 2003/112/61 2002/111/61 1999/222/61
f 2005/230/62 2009/114/62 2008/117/62 2006/234/62
f 2000/54/63 2013/63/63 2012/39/63 2001/28/63
f 1994/50/64 2000/54/64 1999/53/64 1995/51/64
f 2014/41/65 2004/31/65 2003/112/65 2015/115/65
f 2013/63/66 2007/58/66 2006/57/66 2011/61/66
f 2007/58/67 1994/50/67 1993/25/67 2005/32/67
f 2004/169/68 1996/52/68 1998/51/68 2002/53/68
f 2034/72/57 2038/170/57 2040/197/57 2032/118/57
f 2020/66/58 2034/172/58 2033/17/58 2021/110/58
f 2019/235/59 2022/196/59 2021/199/59 2017/1/59
f 2039/115/60 2036/227/60 2035/228/60 2040/116/60
f 2025/229/61 2027/112/61 2026/111/61 2023/222/61
f 2029/230/62 2033/114/62 2032/118/62 2030/175/62
f 2024/68/63 2037/74/63 2036/39/63 2025/28/63
f 2018/64/64 2024/68/64 2023/67/64 2019/65/64
f 2038/41/65 2028/31/65 2027/112/65 2039/115/65
f 2037/74/66 2031/70/66 2030/69/66 2035/73/66
f 2031/70/67 2018/64/67 2017/25/67 2029/32/67
f 2028/176/68 2020/66/68 2022/65/68 2026/67/68
f 4593/177/57 2050/236/57 2052/179/57 4594/180/57
f 2051/115/60 2048/227/60 2047/228/60 2052/116/60
f 2043/229/61 2045/112/61 2044/111/61 2041/222/61
f 2042/119/63 2049/120/63 2048/39/63 2043/28/63
f 4595/181/64 2042/119/64 2041/67/64 4596/182/64
f 2050/41/65 2046/31/65 2045/112/65 2051/115/65
f 2056/5/58 2062/237/58 2064/184/58 2057/98/58
f 2053/96/59 2058/49/59 2057/98/59 2054/97/59
f 2059/99/62 2064/84/62 2063/101/62 2060/100/62
f 4677/185/66 2061/81/66 2060/100/66 4678/186/66
f 2061/158/67 2055/121/67 2054/97/67 2059/208/67
f 4679/187/68 2056/188/68 2058/189/68 4680/190/68
f 2082/37/57 2086/2/57 2088/209/57 2080/103/57
f 2068/4/58 2082/18/58 2081/17/58 2069/5/58
f 2067/3/59 2070/210/59 2069/151/59 2065/1/59
f 2087/104/60 2084/200/60 2083/212/60 2088/89/60
f 2073/213/61 2075/86/61 2074/102/61 2071/203/61
f 2077/99/62 2081/84/62 2080/103/62 2078/204/62
f 2072/27/63 2085/40/63 2084/39/63 2073/28/63
f 2066/26/64 2072/27/64 2071/10/64 2067/6/64
f 2086/41/65 2076/31/65 2075/86/65 2087/104/65
f 2085/40/66 2079/34/66 2078/33/66 2083/38/66
f 2079/34/67 2066/26/67 2065/25/67 2077/32/67
f 2076/161/68 2068/4/68 2070/6/68 2074/10/68
f 2106/37/57 2110/2/57 2112/209/57 2104/103/57
f 2092/4/58 2106/18/58 2105/17/58 2093/44/58
f 2091/3/59 2094/210/59 2093/151/59 2089/1/59
f 2111/104/60 2108/211/60 2107/212/60 2112/89/60
f 2097/213/61 2099/86/61 2098/102/61 2095/203/61
f 2101/99/62 2105/84/62 2104/103/62 2102/204/62
f 2096/27/63 2109/40/63 2108/48/63 2097/28/63
f 2090/26/64 2096/27/64 2095/10/64 2091/6/64
f 2110/41/65 2100/45/65 2099/86/65 2111/104/65
f 2109/40/66 2103/47/66 2102/33/66 2107/38/66
f 2103/47/67 2090/26/67 2089/25/67 2101/46/67
f 2100/161/68 2092/4/68 2094/6/68 2098/10/68
f 2130/37/57 2134/2/57 2136/209/57 2128/103/57
f 2116/4/58 2130/18/58 2129/17/58 2117/44/58
f 2115/3/59 2118/210/59 2117/151/59 2113/1/59
f 2135/104/60 2132/211/60 2131/212/60 2136/89/60
f 2121/213/61 2123/86/61 2122/102/61 2119/203/61
f 2125/99/62 2129/84/62 2128/103/62 2126/204/62
f 2120/27/63 2133/40/63 2132/48/63 2121/28/63
f 2114/26/64 2120/27/64 2119/10/64 2115/6/64
f 2134/41/65 2124/45/65 2123/86/65 2135/104/65
f 2133/40/66 2127/47/66 2126/33/66 2131/38/66
f 2127/47/67 2114/26/67 2113/25/67 2125/46/67
f 2124/161/68 2116/4/68 2118/6/68 2122/10/68
f 2154/60/57 2158/2/57 2160/209/57 2152/105/57
f 2140/52/58 2154/164/58 2153/165/58 2141/5/58
f 2139/166/59 2142/167/59 2141/151/59 2137/1/59
f 2159/104/60 2156/200/60 2155/212/60 2160/89/60
f 2145/213/61 2147/86/61 2146/102/61 2143/203/61
f 2149/99/62 2153/84/62 2152/105/62 2150/206/62
f 2144/27/63 2157/40/63 2156/62/63 2145/55/63
f 2138/50/64 2144/27/64 2143/10/64 2139/51/64
f 2158/41/65 2148/31/65 2147/86/65 2159/104/65
f 2157/40/66 2151/58/66 2150/57/66 2155/38/66
f 2151/58/67 2138/50/67 2137/49/67 2149/56/67
f 2148/161/68 2140/52/68 2142/51/68 2146/10/68
f 2178/60/57 2182/162/57 2184/214/57 2176/105/57
f 2164/52/58 2178/164/58 2177/17/58 2165/5/58
f 2163/166/59 2166/167/59 2165/151/59 2161/1/59
f 2183/104/60 2180/200/60 2179/212/60 2184/89/60
f 2169/213/61 2171/86/61 2170/102/61 2167/203/61
f 2173/99/62 2177/84/62 2176/105/62 2174/206/62
f 2168/54/63 2181/63/63 2180/39/63 2169/28/63
f 2162/50/64 2168/54/64 2167/53/64 2163/51/64
f 2182/41/65 2172/31/65 2171/86/65 2183/104/65
f 2181/63/66 2175/58/66 2174/57/66 2179/61/66
f 2175/58/67 2162/50/67 2161/25/67 2173/32/67
f 2172/169/68 2164/52/68 2166/51/68 2170/53/68
f 2202/60/57 2206/162/57 2208/214/57 2200/105/57
f 2188/52/58 2202/164/58 2201/17/58 2189/5/58
f 2187/166/59 2190/167/59 2189/151/59 2185/1/59
f 2207/104/60 2204/200/60 2203/212/60 2208/89/60
f 2193/213/61 2195/86/61 2194/102/61 2191/203/61
f 2197/99/62 2201/84/62 2200/105/62 2198/206/62
f 2192/54/63 2205/63/63 2204/39/63 2193/28/63
f 2186/50/64 2192/54/64 2191/53/64 2187/51/64
f 2206/41/65 2196/31/65 2195/86/65 2207/104/65
f 2205/63/66 2199/58/66 2198/57/66 2203/61/66
f 2199/58/67 2186/50/67 2185/25/67 2197/32/67
f 2196/169/68 2188/52/68 2190/51/68 2194/53/68
f 2226/60/57 2230/162/57 2232/214/57 2224/105/57
f 2212/52/58 2226/164/58 2225/17/58 2213/5/58
f 2211/166/59 2214/167/59 2213/151/59 2209/1/59
f 2231/104/60 2228/200/60 2227/212/60 2232/89/60
f 2217/213/61 2219/86/61 2218/102/61 2215/203/61
f 2221/99/62 2225/84/62 2224/105/62 2222/206/62
f 2216/54/63 2229/63/63 2228/39/63 2217/28/63
f 2210/50/64 2216/54/64 2215/53/64 2211/51/64
f 2230/41/65 2220/31/65 2219/86/65 2231/104/65
f 2229/63/66 2223/58/66 2222/57/66 2227/61/66
f 2223/58/67 2210/50/67 2209/25/67 2221/32/67
f 2220/169/68 2212/52/68 2214/51/68 2218/53/68
f 2250/72/57 2254/162/57 2256/214/57 2248/71/57
f 2236/66/58 2250/172/58 2249/17/58 2237/5/58
f 2235/173/59 2238/215/59 2237/151/59 2233/1/59
f 2255/104/60 2252/200/60 2251/212/60 2256/89/60
f 2241/213/61 2243/86/61 2242/102/61 2239/203/61
f 2245/99/62 2249/84/62 2248/71/62 2246/175/62
f 2240/54/63 2253/63/63 2252/39/63 2241/28/63
f 2234/64/64 2240/54/64 2239/53/64 2235/65/64
f 2254/41/65 2244/31/65 2243/86/65 2255/104/65
f 2253/63/66 2247/70/66 2246/69/66 2251/61/66
f 2247/70/67 2234/64/67 2233/25/67 2245/32/67
f 2244/169/68 2236/66/68 2238/65/68 2242/53/68
f 2274/72/57 2278/170/57 2280/171/57 2272/71/57
f 2260/66/58 2274/172/58 2273/17/58 2261/44/58
f 2259/173/59 2262/215/59 2261/151/59 2257/1/59
f 2279/104/60 2276/211/60 2275/212/60 2280/89/60
f 2265/213/61 2267/86/61 2266/102/61 2263/203/61
f 2269/99/62 2273/84/62 2272/71/62 2270/175/62
f 2264/68/63 2277/74/63 2276/48/63 2265/28/63
f 2258/64/64 2264/68/64 2263/67/64 2259/65/64
f 2278/41/65 2268/45/65 2267/86/65 2279/104/65
f 2277/74/66 2271/70/66 2270/69/66 2275/73/66
f 2271/70/67 2258/64/67 2257/25/67 2269/46/67
f 2268/176/68 2260/66/68 2262/65/68 2266/67/68
f 2298/37/57 2302/2/57 2304/224/57 2296/103/57
f 2284/4/58 2298/18/58 2297/165/58 2285/5/58
f 2283/3/59 2286/210/59 2285/151/59 2281/1/59
f 2303/104/60 2300/200/60 2299/212/60 2304/89/60
f 2289/213/61 2291/86/61 2290/102/61 2287/203/61
f 2293/99/62 2297/84/62 2296/103/62 2294/204/62
f 2288/93/63 2301/122/63 2300/62/63 2289/55/63
f 2282/26/64 2288/93/64 2287/10/64 2283/6/64
f 2302/41/65 2292/31/65 2291/86/65 2303/104/65
f 2301/122/66 2295/34/66 2294/33/66 2299/38/66
f 2295/34/67 2282/26/67 2281/49/67 2293/56/67
f 2292/12/68 2284/4/68 2286/6/68 2290/10/68
f 2322/37/57 2326/2/57 2328/209/57 2320/103/57
f 2308/4/58 2322/18/58 2321/165/58 2309/5/58
f 2307/3/59 2310/210/59 2309/151/59 2305/1/59
f 2327/104/60 2324/200/60 2323/212/60 2328/89/60
f 2313/213/61 2315/86/61 2314/102/61 2311/203/61
f 2317/99/62 2321/84/62 2320/103/62 2318/204/62
f 2312/27/63 2325/40/63 2324/62/63 2313/55/63
f 2306/26/64 2312/27/64 2311/10/64 2307/6/64
f 2326/41/65 2316/31/65 2315/86/65 2327/104/65
f 2325/40/66 2319/34/66 2318/33/66 2323/38/66
f 2319/34/67 2306/26/67 2305/49/67 2317/56/67
f 2316/161/68 2308/4/68 2310/6/68 2314/10/68
f 2346/37/57 2350/2/57 2352/209/57 2344/103/57
f 2332/4/58 2346/18/58 2345/17/58 2333/5/58
f 2331/3/59 2334/210/59 2333/151/59 2329/1/59
f 2351/104/60 2348/200/60 2347/212/60 2352/89/60
f 2337/213/61 2339/86/61 2338/102/61 2335/203/61
f 2341/99/62 2345/84/62 2344/103/62 2342/204/62
f 2336/27/63 2349/40/63 2348/39/63 2337/28/63
f 2330/26/64 2336/27/64 2335/10/64 2331/6/64
f 2350/41/65 2340/31/65 2339/86/65 2351/104/65
f 2349/40/66 2343/34/66 2342/33/66 2347/38/66
f 2343/34/67 2330/26/67 2329/25/67 2341/32/67
f 2340/161/68 2332/4/68 2334/6/68 2338/10/68
f 2370/37/57 2374/2/57 2376/209/57 2368/103/57
f 2356/4/58 2370/18/58 2369/17/58 2357/5/58
f 2355/3/59 2358/210/59 2357/151/59 2353/1/59
f 2375/104/60 2372/200/60 2371/212/60 2376/89/60
f 2361/213/61 2363/86/61 2362/102/61 2359/203/61
f 2365/99/62 2369/84/62 2368/103/62 2366/204/62
f 2360/27/63 2373/40/63 2372/39/63 2361/28/63
f 2354/26/64 2360/27/64 2359/10/64 2355/6/64
f 2374/41/65 2364/31/65 2363/86/65 2375/104/65
f 2373/40/66 2367/34/66 2366/33/66 2371/38/66
f 2367/34/67 2354/26/67 2353/25/67 2365/32/67
f 2364/161/68 2356/4/68 2358/6/68 2362/10/68
f 2394/60/57 2398/162/57 2400/214/57 2392/105/57
f 2380/52/58 2394/164/58 2393/17/58 2381/5/58
f 2379/166/59 2382/167/59 2381/151/59 2377/1/59
f 2399/104/60 2396/200/60 2395/212/60 2400/89/60
f 2385/213/61 2387/86/61 2386/102/61 2383/203/61
f 2389/99/62 2393/84/62 2392/105/62 2390/206/62
f 2384/54/63 2397/63/63 2396/39/63 2385/55/63
f 2378/50/64 2384/54/64 2383/53/64 2379/51/64
f 2398/41/65 2388/31/65 2387/86/65 2399/104/65
f 2397/63/66 2391/58/66 2390/57/66 2395/61/66
f 2391/58/67 2378/50/67 2377/25/67 2389/56/67
f 2388/169/68 2380/52/68 2382/51/68 2386/53/68
f 2418/60/57 2422/162/57 2424/214/57 2416/105/57
f 2404/52/58 2418/164/58 2417/165/58 2405/5/58
f 2403/166/59 2406/167/59 2405/151/59 2401/1/59
f 2423/104/60 2420/200/60 2419/212/60 2424/89/60
f 2409/213/61 2411/86/61 2410/102/61 2407/203/61
f 2413/99/62 2417/84/62 2416/105/62 2414/206/62
f 2408/54/63 2421/63/63 2420/62/63 2409/55/63
f 2402/50/64 2408/54/64 2407/53/64 2403/51/64
f 2422/41/65 2412/31/65 2411/86/65 2423/104/65
f 2421/63/66 2415/58/66 2414/57/66 2419/61/66
f 2415/58/67 2402/50/67 2401/49/67 2413/56/67
f 2412/169/68 2404/52/68 2406/51/68 2410/53/68
f 2442/60/57 2446/162/57 2448/214/57 2440/105/57
f 2428/52/58 2442/164/58 2441/165/58 2429/5/58
f 2427/166/59 2430/167/59 2429/151/59 2425/1/59
f 2447/104/60 2444/200/60 2443/212/60 2448/89/60
f 2433/213/61 2435/86/61 2434/102/61 2431/203/61
f 2437/99/62 2441/84/62 2440/105/62 2438/206/62
f 2432/54/63 2445/63/63 2444/62/63 2433/55/63
f 2426/50/64 2432/54/64 2431/53/64 2427/51/64
f 2446/41/65 2436/31/65 2435/86/65 2447/104/65
f 2445/63/66 2439/58/66 2438/57/66 2443/61/66
f 2439/58/67 2426/50/67 2425/49/67 2437/56/67
f 2436/169/68 2428/52/68 2430/51/68 2434/53/68
f 2466/60/57 2470/162/57 2472/214/57 2464/105/57
f 2452/52/58 2466/164/58 2465/165/58 2453/5/58
f 2451/166/59 2454/167/59 2453/151/59 2449/1/59
f 2471/104/60 2468/200/60 2467/212/60 2472/89/60
f 2457/213/61 2459/86/61 2458/102/61 2455/203/61
f 2461/99/62 2465/84/62 2464/105/62 2462/206/62
f 2456/54/63 2469/63/63 2468/62/63 2457/55/63
f 2450/50/64 2456/54/64 2455/53/64 2451/51/64
f 2470/41/65 2460/31/65 2459/86/65 2471/104/65
f 2469/63/66 2463/58/66 2462/57/66 2467/61/66
f 2463/58/67 2450/50/67 2449/49/67 2461/56/67
f 2460/169/68 2452/52/68 2454/51/68 2458/53/68
f 2490/72/57 2494/170/57 2496/171/57 2488/71/57
f 2476/66/58 2490/172/58 2489/165/58 2477/5/58
f 2475/173/59 2478/215/59 2477/151/59 2473/1/59
f 2495/104/60 2492/200/60 2491/212/60 2496/89/60
f 2481/213/61 2483/86/61 2482/102/61 2479/203/61
f 2485/99/62 2489/84/62 2488/71/62 2486/175/62
f 2480/68/63 2493/74/63 2492/62/63 2481/55/63
f 2474/64/64 2480/68/64 2479/67/64 2475/65/64
f 2494/41/65 2484/31/65 2483/86/65 2495/104/65
f 2493/74/66 2487/70/66 2486/69/66 2491/73/66
f 2487/70/67 2474/64/67 2473/49/67 2485/56/67
f 2484/176/68 2476/66/68 2478/65/68 2482/67/68
f 4601/177/57 2506/236/57 2508/179/57 4602/180/57
f 2507/104/60 2504/200/60 2503/212/60 2508/89/60
f 2499/213/61 2501/86/61 2500/102/61 2497/203/61
f 2498/119/63 2505/120/63 2504/39/63 2499/28/63
f 4603/181/64 2498/119/64 2497/67/64 4604/182/64
f 2506/41/65 2502/31/65 2501/86/65 2507/104/65
f 2512/85/58 2518/237/58 2520/184/58 2513/98/58
f 2509/96/59 2514/49/59 2513/98/59 2510/97/59
f 2515/99/62 2520/84/62 2519/101/62 2516/100/62
f 4685/185/66 2517/81/66 2516/100/66 4686/186/66
f 2517/158/67 2511/121/67 2510/97/67 2515/208/67
f 4687/187/68 2512/188/68 2514/189/68 4688/190/68
f 2538/37/57 2542/2/57 2544/209/57 2536/103/57
f 2524/4/58 2538/18/58 2537/17/58 2525/5/58
f 2523/3/59 2526/210/59 2525/151/59 2521/1/59
f 2543/104/60 2540/200/60 2539/212/60 2544/89/60
f 2529/213/61 2531/86/61 2530/102/61 2527/203/61
f 2533/99/62 2537/84/62 2536/103/62 2534/204/62
f 2528/27/63 2541/40/63 2540/39/63 2529/28/63
f 2522/26/64 2528/27/64 2527/10/64 2523/6/64
f 2542/41/65 2532/31/65 2531/86/65 2543/104/65
f 2541/40/66 2535/34/66 2534/33/66 2539/38/66
f 2535/34/67 2522/26/67 2521/25/67 2533/32/67
f 2532/161/68 2524/4/68 2526/6/68 2530/10/68
f 2562/37/57 2566/2/57 2568/209/57 2560/103/57
f 2548/4/58 2562/18/58 2561/17/58 2549/44/58
f 2547/3/59 2550/210/59 2549/151/59 2545/1/59
f 2567/104/60 2564/211/60 2563/212/60 2568/89/60
f 2553/213/61 2555/86/61 2554/102/61 2551/203/61
f 2557/99/62 2561/84/62 2560/103/62 2558/204/62
f 2552/27/63 2565/40/63 2564/48/63 2553/28/63
f 2546/26/64 2552/27/64 2551/10/64 2547/6/64
f 2566/41/65 2556/45/65 2555/86/65 2567/104/65
f 2565/40/66 2559/47/66 2558/33/66 2563/38/66
f 2559/47/67 2546/26/67 2545/25/67 2557/46/67
f 2556/161/68 2548/4/68 2550/6/68 2554/10/68
f 2586/37/57 2590/2/57 2592/209/57 2584/103/57
f 2572/4/58 2586/18/58 2585/17/58 2573/44/58
f 2571/3/59 2574/210/59 2573/151/59 2569/1/59
f 2591/104/60 2588/211/60 2587/212/60 2592/89/60
f 2577/213/61 2579/86/61 2578/102/61 2575/203/61
f 2581/99/62 2585/84/62 2584/103/62 2582/204/62
f 2576/27/63 2589/40/63 2588/48/63 2577/28/63
f 2570/26/64 2576/27/64 2575/10/64 2571/6/64
f 2590/41/65 2580/45/65 2579/86/65 2591/104/65
f 2589/40/66 2583/47/66 2582/33/66 2587/38/66
f 2583/47/67 2570/26/67 2569/25/67 2581/46/67
f 2580/161/68 2572/4/68 2574/6/68 2578/10/68
f 2610/60/57 2614/2/57 2616/209/57 2608/105/57
f 2596/52/58 2610/164/58 2609/165/58 2597/5/58
f 2595/166/59 2598/167/59 2597/151/59 2593/1/59
f 2615/104/60 2612/200/60 2611/212/60 2616/89/60
f 2601/213/61 2603/86/61 2602/102/61 2599/203/61
f 2605/99/62 2609/84/62 2608/105/62 2606/206/62
f 2600/27/63 2613/40/63 2612/62/63 2601/55/63
f 2594/50/64 2600/27/64 2599/10/64 2595/51/64
f 2614/41/65 2604/31/65 2603/86/65 2615/104/65
f 2613/40/66 2607/58/66 2606/57/66 2611/38/66
f 2607/58/67 2594/50/67 2593/49/67 2605/56/67
f 2604/161/68 2596/52/68 2598/51/68 2602/10/68
f 2634/60/57 2638/162/57 2640/214/57 2632/105/57
f 2620/52/58 2634/164/58 2633/17/58 2621/5/58
f 2619/166/59 2622/167/59 2621/151/59 2617/1/59
f 2639/104/60 2636/200/60 2635/212/60 2640/89/60
f 2625/213/61 2627/86/61 2626/102/61 2623/203/61
f 2629/99/62 2633/84/62 2632/105/62 2630/206/62
f 2624/54/63 2637/63/63 2636/39/63 2625/28/63
f 2618/50/64 2624/54/64 2623/53/64 2619/51/64
f 2638/41/65 2628/31/65 2627/86/65 2639/104/65
f 2637/63/66 2631/58/66 2630/57/66 2635/61/66
f 2631/58/67 2618/50/67 2617/25/67 2629/32/67
f 2628/169/68 2620/52/68 2622/51/68 2626/53/68
f 2658/60/57 2662/162/57 2664/214/57 2656/105/57
f 2644/52/58 2658/164/58 2657/17/58 2645/5/58
f 2643/166/59 2646/167/59 2645/151/59 2641/1/59
f 2663/104/60 2660/200/60 2659/212/60 2664/89/60
f 2649/213/61 2651/86/61 2650/102/61 2647/203/61
f 2653/99/62 2657/84/62 2656/105/62 2654/206/62
f 2648/54/63 2661/63/63 2660/39/63 2649/28/63
f 2642/50/64 2648/54/64 2647/53/64 2643/51/64
f 2662/41/65 2652/31/65 2651/86/65 2663/104/65
f 2661/63/66 2655/58/66 2654/57/66 2659/61/66
f 2655/58/67 2642/50/67 2641/25/67 2653/32/67
f 2652/169/68 2644/52/68 2646/51/68 2650/53/68
f 2682/60/57 2686/162/57 2688/214/57 2680/105/57
f 2668/52/58 2682/164/58 2681/17/58 2669/5/58
f 2667/166/59 2670/167/59 2669/151/59 2665/1/59
f 2687/104/60 2684/200/60 2683/212/60 2688/89/60
f 2673/213/61 2675/86/61 2674/102/61 2671/203/61
f 2677/99/62 2681/84/62 2680/105/62 2678/206/62
f 2672/54/63 2685/63/63 2684/39/63 2673/28/63
f 2666/50/64 2672/54/64 2671/53/64 2667/51/64
f 2686/41/65 2676/31/65 2675/86/65 2687/104/65
f 2685/63/66 2679/58/66 2678/57/66 2683/61/66
f 2679/58/67 2666/50/67 2665/25/67 2677/32/67
f 2676/169/68 2668/52/68 2670/51/68 2674/53/68
f 2706/72/57 2710/162/57 2712/214/57 2704/71/57
f 2692/66/58 2706/172/58 2705/17/58 2693/5/58
f 2691/173/59 2694/215/59 2693/151/59 2689/1/59
f 2711/104/60 2708/200/60 2707/212/60 2712/89/60
f 2697/213/61 2699/86/61 2698/102/61 2695/203/61
f 2701/99/62 2705/84/62 2704/71/62 2702/175/62
f 2696/54/63 2709/63/63 2708/39/63 2697/28/63
f 2690/64/64 2696/54/64 2695/53/64 2691/65/64
f 2710/41/65 2700/31/65 2699/86/65 2711/104/65
f 2709/63/66 2703/70/66 2702/69/66 2707/61/66
f 2703/70/67 2690/64/67 2689/25/67 2701/32/67
f 2700/169/68 2692/66/68 2694/65/68 2698/53/68
f 2730/72/57 2734/170/57 2736/171/57 2728/71/57
f 2716/66/58 2730/172/58 2729/17/58 2717/44/58
f 2715/173/59 2718/215/59 2717/151/59 2713/1/59
f 2735/104/60 2732/211/60 2731/212/60 2736/89/60
f 2721/213/61 2723/86/61 2722/102/61 2719/203/61
f 2725/99/62 2729/84/62 2728/71/62 2726/175/62
f 2720/68/63 2733/74/63 2732/48/63 2721/28/63
f 2714/64/64 2720/68/64 2719/67/64 2715/65/64
f 2734/41/65 2724/45/65 2723/86/65 2735/104/65
f 2733/74/66 2727/70/66 2726/69/66 2731/73/66
f 2727/70/67 2714/64/67 2713/25/67 2725/46/67
f 2724/176/68 2716/66/68 2718/65/68 2722/67/68
f 2754/37/57 2758/2/57 2760/224/57 2752/103/57
f 2740/4/58 2754/18/58 2753/165/58 2741/5/58
f 2739/3/59 2742/210/59 2741/151/59 2737/1/59
f 2759/104/60 2756/200/60 2755/212/60 2760/89/60
f 2745/213/61 2747/86/61 2746/102/61 2743/203/61
f 2749/99/62 2753/84/62 2752/103/62 2750/204/62
f 2744/93/63 2757/122/63 2756/62/63 2745/55/63
f 2738/26/64 2744/93/64 2743/10/64 2739/6/64
f 2758/41/65 2748/31/65 2747/86/65 2759/104/65
f 2757/122/66 2751/34/66 2750/33/66 2755/38/66
f 2751/34/67 2738/26/67 2737/49/67 2749/56/67
f 2748/12/68 2740/4/68 2742/6/68 2746/10/68
f 2778/37/57 2782/2/57 2784/209/57 2776/103/57
f 2764/4/58 2778/18/58 2777/165/58 2765/5/58
f 2763/3/59 2766/210/59 2765/151/59 2761/1/59
f 2783/104/60 2780/200/60 2779/212/60 2784/89/60
f 2769/213/61 2771/86/61 2770/102/61 2767/203/61
f 2773/99/62 2777/84/62 2776/103/62 2774/204/62
f 2768/27/63 2781/40/63 2780/62/63 2769/55/63
f 2762/26/64 2768/27/64 2767/10/64 2763/6/64
f 2782/41/65 2772/31/65 2771/86/65 2783/104/65
f 2781/40/66 2775/34/66 2774/33/66 2779/38/66
f 2775/34/67 2762/26/67 2761/49/67 2773/56/67
f 2772/161/68 2764/4/68 2766/6/68 2770/10/68
f 2802/37/57 2806/2/57 2808/209/57 2800/103/57
f 2788/4/58 2802/18/58 2801/17/58 2789/5/58
f 2787/3/59 2790/210/59 2789/151/59 2785/1/59
f 2807/104/60 2804/200/60 2803/212/60 2808/89/60
f 2793/213/61 2795/86/61 2794/102/61 2791/203/61
f 2797/99/62 2801/84/62 2800/103/62 2798/204/62
f 2792/27/63 2805/40/63 2804/39/63 2793/28/63
f 2786/26/64 2792/27/64 2791/10/64 2787/6/64
f 2806/41/65 2796/31/65 2795/86/65 2807/104/65
f 2805/40/66 2799/34/66 2798/33/66 2803/38/66
f 2799/34/67 2786/26/67 2785/25/67 2797/32/67
f 2796/161/68 2788/4/68 2790/6/68 2794/10/68
f 2826/37/57 2830/2/57 2832/209/57 2824/103/57
f 2812/4/58 2826/18/58 2825/17/58 2813/5/58
f 2811/3/59 2814/210/59 2813/151/59 2809/1/59
f 2831/104/60 2828/200/60 2827/212/60 2832/89/60
f 2817/213/61 2819/86/61 2818/102/61 2815/203/61
f 2821/99/62 2825/84/62 2824/103/62 2822/204/62
f 2816/27/63 2829/40/63 2828/39/63 2817/28/63
f 2810/26/64 2816/27/64 2815/10/64 2811/6/64
f 2830/41/65 2820/31/65 2819/86/65 2831/104/65
f 2829/40/66 2823/34/66 2822/33/66 2827/38/66
f 2823/34/67 2810/26/67 2809/25/67 2821/32/67
f 2820/161/68 2812/4/68 2814/6/68 2818/10/68
f 2850/60/57 2854/162/57 2856/214/57 2848/105/57
f 2836/52/58 2850/164/58 2849/17/58 2837/5/58
f 2835/166/59 2838/167/59 2837/151/59 2833/1/59
f 2855/104/60 2852/200/60 2851/212/60 2856/89/60
f 2841/213/61 2843/86/61 2842/102/61 2839/203/61
f 2845/99/62 2849/84/62 2848/105/62 2846/206/62
f 2840/54/63 2853/63/63 2852/39/63 2841/55/63
f 2834/50/64 2840/54/64 2839/53/64 2835/51/64
f 2854/41/65 2844/31/65 2843/86/65 2855/104/65
f 2853/63/66 2847/58/66 2846/57/66 2851/61/66
f 2847/58/67 2834/50/67 2833/25/67 2845/56/67
f 2844/169/68 2836/52/68 2838/51/68 2842/53/68
f 2874/60/57 2878/162/57 2880/214/57 2872/105/57
f 2860/52/58 2874/164/58 2873/165/58 2861/5/58
f 2859/166/59 2862/167/59 2861/151/59 2857/1/59
f 2879/104/60 2876/200/60 2875/212/60 2880/89/60
f 2865/213/61 2867/86/61 2866/102/61 2863/203/61
f 2869/99/62 2873/84/62 2872/105/62 2870/206/62
f 2864/54/63 2877/63/63 2876/62/63 2865/55/63
f 2858/50/64 2864/54/64 2863/53/64 2859/51/64
f 2878/41/65 2868/31/65 2867/86/65 2879/104/65
f 2877/63/66 2871/58/66 2870/57/66 2875/61/66
f 2871/58/67 2858/50/67 2857/49/67 2869/56/67
f 2868/169/68 2860/52/68 2862/51/68 2866/53/68
f 2898/60/57 2902/162/57 2904/214/57 2896/105/57
f 2884/52/58 2898/164/58 2897/165/58 2885/5/58
f 2883/166/59 2886/167/59 2885/151/59 2881/1/59
f 2903/104/60 2900/200/60 2899/212/60 2904/89/60
f 2889/213/61 2891/86/61 2890/102/61 2887/203/61
f 2893/99/62 2897/84/62 2896/105/62 2894/206/62
f 2888/54/63 2901/63/63 2900/62/63 2889/55/63
f 2882/50/64 2888/54/64 2887/53/64 2883/51/64
f 2902/41/65 2892/31/65 2891/86/65 2903/104/65
f 2901/63/66 2895/58/66 2894/57/66 2899/61/66
f 2895/58/67 2882/50/67 2881/49/67 2893/56/67
f 2892/169/68 2884/52/68 2886/51/68 2890/53/68
f 2922/60/57 2926/162/57 2928/214/57 2920/105/57
f 2908/52/58 2922/164/58 2921/165/58 2909/5/58
f 2907/166/59 2910/167/59 2909/151/59 2905/1/59
f 2927/104/60 2924/200/60 2923/212/60 2928/89/60
f 2913/213/61 2915/86/61 2914/102/61 2911/203/61
f 2917/99/62 2921/84/62 2920/105/62 2918/206/62
f 2912/54/63 2925/63/63 2924/62/63 2913/55/63
f 2906/50/64 2912/54/64 2911/53/64 2907/51/64
f 2926/41/65 2916/31/65 2915/86/65 2927/104/65
f 2925/63/66 2919/58/66 2918/57/66 2923/61/66
f 2919/58/67 2906/50/67 2905/49/67 2917/56/67
f 2916/169/68 2908/52/68 2910/51/68 2914/53/68
f 2946/72/57 2950/170/57 2952/171/57 2944/71/57
f 2932/66/58 2946/172/58 2945/165/58 2933/5/58
f 2931/173/59 2934/215/59 2933/151/59 2929/1/59
f 2951/104/60 2948/200/60 2947/212/60 2952/89/60
f 2937/213/61 2939/86/61 2938/102/61 2935/203/61
f 2941/99/62 2945/84/62 2944/71/62 2942/175/62
f 2936/68/63 2949/74/63 2948/62/63 2937/55/63
f 2930/64/64 2936/68/64 2935/67/64 2931/65/64
f 2950/41/65 2940/31/65 2939/86/65 2951/104/65
f 2949/74/66 2943/70/66 2942/69/66 2947/73/66
f 2943/70/67 2930/64/67 2929/49/67 2941/56/67
f 2940/176/68 2932/66/68 2934/65/68 2938/67/68
f 4609/177/57 2962/236/57 2964/179/57 4610/180/57
f 2963/104/60 2960/200/60 2959/212/60 2964/89/60
f 2955/213/61 2957/86/61 2956/102/61 2953/203/61
f 2954/119/63 2961/120/63 2960/39/63 2955/28/63
f 4611/181/64 2954/119/64 2953/67/64 4612/182/64
f 2962/41/65 2958/31/65 2957/86/65 2963/104/65
f 2968/85/58 2974/237/58 2976/184/58 2969/98/58
f 2965/96/59 2970/49/59 2969/98/59 2966/97/59
f 2971/99/62 2976/84/62 2975/101/62 2972/100/62
f 4693/185/66 2973/81/66 2972/100/66 4694/186/66
f 2973/158/67 2967/121/67 2966/97/67 2971/208/67
f 4695/187/68 2968/188/68 2970/189/68 4696/190/68
f 2994/37/57 2998/2/57 3000/209/57 2992/103/57
f 2980/4/58 2994/18/58 2993/17/58 2981/5/58
f 2979/3/59 2982/210/59 2981/151/59 2977/1/59
f 2999/104/60 2996/200/60 2995/212/60 3000/89/60
f 2985/213/61 2987/86/61 2986/102/61 2983/203/61
f 2989/99/62 2993/84/62 2992/103/62 2990/204/62
f 2984/27/63 2997/40/63 2996/39/63 2985/28/63
f 2978/26/64 2984/27/64 2983/10/64 2979/6/64
f 2998/41/65 2988/31/65 2987/86/65 2999/104/65
f 2997/40/66 2991/34/66 2990/33/66 2995/38/66
f 2991/34/67 2978/26/67 2977/25/67 2989/32/67
f 2988/161/68 2980/4/68 2982/6/68 2986/10/68
f 3018/37/57 3022/2/57 3024/209/57 3016/103/57
f 3004/4/58 3018/18/58 3017/17/58 3005/44/58
f 3003/3/59 3006/210/59 3005/151/59 3001/1/59
f 3023/104/60 3020/211/60 3019/212/60 3024/89/60
f 3009/213/61 3011/86/61 3010/102/61 3007/203/61
f 3013/99/62 3017/84/62 3016/103/62 3014/204/62
f 3008/27/63 3021/40/63 3020/48/63 3009/28/63
f 3002/26/64 3008/27/64 3007/10/64 3003/6/64
f 3022/41/65 3012/45/65 3011/86/65 3023/104/65
f 3021/40/66 3015/47/66 3014/33/66 3019/38/66
f 3015/47/67 3002/26/67 3001/25/67 3013/46/67
f 3012/161/68 3004/4/68 3006/6/68 3010/10/68
f 3042/37/57 3046/2/57 3048/209/57 3040/103/57
f 3028/4/58 3042/18/58 3041/17/58 3029/44/58
f 3027/3/59 3030/210/59 3029/151/59 3025/1/59
f 3047/104/60 3044/211/60 3043/212/60 3048/89/60
f 3033/213/61 3035/86/61 3034/102/61 3031/203/61
f 3037/99/62 3041/84/62 3040/103/62 3038/204/62
f 3032/27/63 3045/40/63 3044/48/63 3033/28/63
f 3026/26/64 3032/27/64 3031/10/64 3027/6/64
f 3046/41/65 3036/45/65 3035/86/65 3047/104/65
f 3045/40/66 3039/47/66 3038/33/66 3043/38/66
f 3039/47/67 3026/26/67 3025/25/67 3037/46/67
f 3036/161/68 3028/4/68 3030/6/68 3034/10/68
f 3066/60/57 3070/2/57 3072/209/57 3064/105/57
f 3052/52/58 3066/164/58 3065/165/58 3053/5/58
f 3051/166/59 3054/167/59 3053/151/59 3049/1/59
f 3071/104/60 3068/200/60 3067/212/60 3072/89/60
f 3057/213/61 3059/86/61 3058/102/61 3055/203/61
f 3061/99/62 3065/84/62 3064/105/62 3062/206/62
f 3056/27/63 3069/40/63 3068/62/63 3057/55/63
f 3050/50/64 3056/27/64 3055/10/64 3051/51/64
f 3070/41/65 3060/31/65 3059/86/65 3071/104/65
f 3069/40/66 3063/58/66 3062/57/66 3067/38/66
f 3063/58/67 3050/50/67 3049/49/67 3061/56/67
f 3060/161/68 3052/52/68 3054/51/68 3058/10/68
f 3090/60/57 3094/162/57 3096/214/57 3088/105/57
f 3076/52/58 3090/164/58 3089/17/58 3077/5/58
f 3075/166/59 3078/167/59 3077/151/59 3073/1/59
f 3095/104/60 3092/200/60 3091/212/60 3096/89/60
f 3081/213/61 3083/86/61 3082/102/61 3079/203/61
f 3085/99/62 3089/84/62 3088/105/62 3086/206/62
f 3080/54/63 3093/63/63 3092/39/63 3081/28/63
f 3074/50/64 3080/54/64 3079/53/64 3075/51/64
f 3094/41/65 3084/31/65 3083/86/65 3095/104/65
f 3093/63/66 3087/58/66 3086/57/66 3091/61/66
f 3087/58/67 3074/50/67 3073/25/67 3085/32/67
f 3084/169/68 3076/52/68 3078/51/68 3082/53/68
f 3114/60/57 3118/162/57 3120/214/57 3112/105/57
f 3100/52/58 3114/164/58 3113/17/58 3101/5/58
f 3099/166/59 3102/167/59 3101/151/59 3097/1/59
f 3119/104/60 3116/200/60 3115/212/60 3120/89/60
f 3105/213/61 3107/86/61 3106/102/61 3103/203/61
f 3109/99/62 3113/84/62 3112/105/62 3110/206/62
f 3104/54/63 3117/63/63 3116/39/63 3105/28/63
f 3098/50/64 3104/54/64 3103/53/64 3099/51/64
f 3118/41/65 3108/31/65 3107/86/65 3119/104/65
f 3117/63/66 3111/58/66 3110/57/66 3115/61/66
f 3111/58/67 3098/50/67 3097/25/67 3109/32/67
f 3108/169/68 3100/52/68 3102/51/68 3106/53/68
f 3138/60/57 3142/162/57 3144/214/57 3136/105/57
f 3124/52/58 3138/164/58 3137/17/58 3125/5/58
f 3123/166/59 3126/167/59 3125/151/59 3121/1/59
f 3143/104/60 3140/200/60 3139/212/60 3144/89/60
f 3129/213/61 3131/86/61 3130/102/61 3127/203/61
f 3133/99/62 3137/84/62 3136/105/62 3134/206/62
f 3128/54/63 3141/63/63 3140/39/63 3129/28/63
f 3122/50/64 3128/54/64 3127/53/64 3123/51/64
f 3142/41/65 3132/31/65 3131/86/65 3143/104/65
f 3141/63/66 3135/58/66 3134/57/66 3139/61/66
f 3135/58/67 3122/50/67 3121/25/67 3133/32/67
f 3132/169/68 3124/52/68 3126/51/68 3130/53/68
f 3162/72/57 3166/162/57 3168/214/57 3160/71/57
f 3148/66/58 3162/172/58 3161/17/58 3149/5/58
f 3147/173/59 3150/215/59 3149/151/59 3145/1/59
f 3167/104/60 3164/200/60 3163/212/60 3168/89/60
f 3153/213/61 3155/86/61 3154/102/61 3151/203/61
f 3157/99/62 3161/84/62 3160/71/62 3158/175/62
f 3152/54/63 3165/63/63 3164/39/63 3153/28/63
f 3146/64/64 3152/54/64 3151/53/64 3147/65/64
f 3166/41/65 3156/31/65 3155/86/65 3167/104/65
f 3165/63/66 3159/70/66 3158/69/66 3163/61/66
f 3159/70/67 3146/64/67 3145/25/67 3157/32/67
f 3156/169/68 3148/66/68 3150/65/68 3154/53/68
f 3186/72/57 3190/170/57 3192/171/57 3184/71/57
f 3172/66/58 3186/172/58 3185/17/58 3173/44/58
f 3171/173/59 3174/215/59 3173/151/59 3169/1/59
f 3191/104/60 3188/211/60 3187/212/60 3192/89/60
f 3177/213/61 3179/86/61 3178/102/61 3175/203/61
f 3181/99/62 3185/84/62 3184/71/62 3182/175/62
f 3176/68/63 3189/74/63 3188/48/63 3177/28/63
f 3170/64/64 3176/68/64 3175/67/64 3171/65/64
f 3190/41/65 3180/45/65 3179/86/65 3191/104/65
f 3189/74/66 3183/70/66 3182/69/66 3187/73/66
f 3183/70/67 3170/64/67 3169/25/67 3181/46/67
f 3180/176/68 3172/66/68 3174/65/68 3178/67/68
f 3210/37/57 3214/2/57 3216/224/57 3208/103/57
f 3196/4/58 3210/18/58 3209/165/58 3197/5/58
f 3195/3/59 3198/210/59 3197/151/59 3193/1/59
f 3215/104/60 3212/200/60 3211/212/60 3216/89/60
f 3201/213/61 3203/86/61 3202/102/61 3199/203/61
f 3205/99/62 3209/84/62 3208/103/62 3206/204/62
f 3200/93/63 3213/122/63 3212/62/63 3201/55/63
f 3194/26/64 3200/93/64 3199/10/64 3195/6/64
f 3214/41/65 3204/31/65 3203/86/65 3215/104/65
f 3213/122/66 3207/34/66 3206/33/66 3211/38/66
f 3207/34/67 3194/26/67 3193/49/67 3205/56/67
f 3204/12/68 3196/4/68 3198/6/68 3202/10/68
f 3234/37/57 3238/2/57 3240/209/57 3232/103/57
f 3220/4/58 3234/18/58 3233/165/58 3221/5/58
f 3219/3/59 3222/210/59 3221/151/59 3217/1/59
f 3239/104/60 3236/200/60 3235/212/60 3240/89/60
f 3225/213/61 3227/86/61 3226/102/61 3223/203/61
f 3229/99/62 3233/84/62 3232/103/62 3230/204/62
f 3224/27/63 3237/40/63 3236/62/63 3225/55/63
f 3218/26/64 3224/27/64 3223/10/64 3219/6/64
f 3238/41/65 3228/31/65 3227/86/65 3239/104/65
f 3237/40/66 3231/34/66 3230/33/66 3235/38/66
f 3231/34/67 3218/26/67 3217/49/67 3229/56/67
f 3228/161/68 3220/4/68 3222/6/68 3226/10/68
f 3258/37/57 3262/2/57 3264/209/57 3256/103/57
f 3244/4/58 3258/18/58 3257/17/58 3245/5/58
f 3243/3/59 3246/210/59 3245/151/59 3241/1/59
f 3263/104/60 3260/200/60 3259/212/60 3264/89/60
f 3249/213/61 3251/86/61 3250/102/61 3247/203/61
f 3253/99/62 3257/84/62 3256/103/62 3254/204/62
f 3248/27/63 3261/40/63 3260/39/63 3249/28/63
f 3242/26/64 3248/27/64 3247/10/64 3243/6/64
f 3262/41/65 3252/31/65 3251/86/65 3263/104/65
f 3261/40/66 3255/34/66 3254/33/66 3259/38/66
f 3255/34/67 3242/26/67 3241/25/67 3253/32/67
f 3252/161/68 3244/4/68 3246/6/68 3250/10/68
f 3282/37/57 3286/2/57 3288/209/57 3280/103/57
f 3268/4/58 3282/18/58 3281/17/58 3269/5/58
f 3267/3/59 3270/210/59 3269/151/59 3265/1/59
f 3287/104/60 3284/200/60 3283/212/60 3288/89/60
f 3273/213/61 3275/86/61 3274/102/61 3271/203/61
f 3277/99/62 3281/84/62 3280/103/62 3278/204/62
f 3272/27/63 3285/40/63 3284/39/63 3273/28/63
f 3266/26/64 3272/27/64 3271/10/64 3267/6/64
f 3286/41/65 3276/31/65 3275/86/65 3287/104/65
f 3285/40/66 3279/34/66 3278/33/66 3283/38/66
f 3279/34/67 3266/26/67 3265/25/67 3277/32/67
f 3276/161/68 3268/4/68 3270/6/68 3274/10/68
f 3306/60/57 3310/162/57 3312/214/57 3304/105/57
f 3292/52/58 3306/164/58 3305/17/58 3293/5/58
f 3291/166/59 3294/167/59 3293/151/59 3289/1/59
f 3311/104/60 3308/200/60 3307/212/60 3312/89/60
f 3297/213/61 3299/86/61 3298/102/61 3295/203/61
f 3301/99/62 3305/84/62 3304/105/62 3302/206/62
f 3296/54/63 3309/63/63 3308/39/63 3297/55/63
f 3290/50/64 3296/54/64 3295/53/64 3291/51/64
f 3310/41/65 3300/31/65 3299/86/65 3311/104/65
f 3309/63/66 3303/58/66 3302/57/66 3307/61/66
f 3303/58/67 3290/50/67 3289/25/67 3301/56/67
f 3300/169/68 3292/52/68 3294/51/68 3298/53/68
f 3330/60/57 3334/162/57 3336/214/57 3328/105/57
f 3316/52/58 3330/164/58 3329/165/58 3317/5/58
f 3315/166/59 3318/167/59 3317/151/59 3313/1/59
f 3335/104/60 3332/200/60 3331/212/60 3336/89/60
f 3321/213/61 3323/86/61 3322/102/61 3319/203/61
f 3325/99/62 3329/84/62 3328/105/62 3326/206/62
f 3320/54/63 3333/63/63 3332/62/63 3321/55/63
f 3314/50/64 3320/54/64 3319/53/64 3315/51/64
f 3334/41/65 3324/31/65 3323/86/65 3335/104/65
f 3333/63/66 3327/58/66 3326/57/66 3331/61/66
f 3327/58/67 3314/50/67 3313/49/67 3325/56/67
f 3324/169/68 3316/52/68 3318/51/68 3322/53/68
f 3354/60/57 3358/162/57 3360/214/57 3352/105/57
f 3340/52/58 3354/164/58 3353/165/58 3341/5/58
f 3339/166/59 3342/167/59 3341/151/59 3337/1/59
f 3359/104/60 3356/200/60 3355/212/60 3360/89/60
f 3345/213/61 3347/86/61 3346/102/61 3343/203/61
f 3349/99/62 3353/84/62 3352/105/62 3350/206/62
f 3344/54/63 3357/63/63 3356/62/63 3345/55/63
f 3338/50/64 3344/54/64 3343/53/64 3339/51/64
f 3358/41/65 3348/31/65 3347/86/65 3359/104/65
f 3357/63/66 3351/58/66 3350/57/66 3355/61/66
f 3351/58/67 3338/50/67 3337/49/67 3349/56/67
f 3348/169/68 3340/52/68 3342/51/68 3346/53/68
f 3378/60/57 3382/162/57 3384/214/57 3376/105/57
f 3364/52/58 3378/164/58 3377/165/58 3365/5/58
f 3363/166/59 3366/167/59 3365/151/59 3361/1/59
f 3383/104/60 3380/200/60 3379/212/60 3384/89/60
f 3369/213/61 3371/86/61 3370/102/61 3367/203/61
f 3373/99/62 3377/84/62 3376/105/62 3374/206/62
f 3368/54/63 3381/63/63 3380/62/63 3369/55/63
f 3362/50/64 3368/54/64 3367/53/64 3363/51/64
f 3382/41/65 3372/31/65 3371/86/65 3383/104/65
f 3381/63/66 3375/58/66 3374/57/66 3379/61/66
f 3375/58/67 3362/50/67 3361/49/67 3373/56/67
f 3372/169/68 3364/52/68 3366/51/68 3370/53/68
f 3402/72/57 3406/170/57 3408/171/57 3400/71/57
f 3388/66/58 3402/172/58 3401/165/58 3389/5/58
f 3387/173/59 3390/215/59 3389/151/59 3385/1/59
f 3407/104/60 3404/200/60 3403/212/60 3408/89/60
f 3393/213/61 3395/86/61 3394/102/61 3391/203/61
f 3397/99/62 3401/84/62 3400/71/62 3398/175/62
f 3392/68/63 3405/74/63 3404/62/63 3393/55/63
f 3386/64/64 3392/68/64 3391/67/64 3387/65/64
f 3406/41/65 3396/31/65 3395/86/65 3407/104/65
f 3405/74/66 3399/70/66 3398/69/66 3403/73/66
f 3399/70/67 3386/64/67 3385/49/67 3397/56/67
f 3396/176/68 3388/66/68 3390/65/68 3394/67/68
f 4617/177/57 3418/236/57 3420/179/57 4618/180/57
f 3419/104/60 3416/200/60 3415/212/60 3420/89/60
f 3411/213/61 3413/86/61 3412/102/61 3409/203/61
f 3410/119/63 3417/120/63 3416/39/63 3411/28/63
f 4619/181/64 3410/119/64 3409/67/64 4620/182/64
f 3418/41/65 3414/31/65 3413/86/65 3419/104/65
f 3424/85/58 3430/237/58 3432/184/58 3425/98/58
f 3421/96/59 3426/49/59 3425/98/59 3422/97/59
f 3427/99/62 3432/84/62 3431/101/62 3428/100/62
f 4701/185/66 3429/81/66 3428/100/66 4702/186/66
f 3429/158/67 3423/121/67 3422/97/67 3427/208/67
f 4703/187/68 3424/188/68 3426/189/68 4704/190/68
f 3450/37/57 3454/2/57 3456/209/57 3448/103/57
f 3436/4/58 3450/18/58 3449/17/58 3437/5/58
f 3435/3/59 3438/210/59 3437/151/59 3433/1/59
f 3455/104/60 3452/200/60 3451/212/60 3456/89/60
f 3441/213/61 3443/86/61 3442/102/61 3439/203/61
f 3445/99/62 3449/84/62 3448/103/62 3446/204/62
f 3440/27/63 3453/40/63 3452/39/63 3441/28/63
f 3434/26/64 3440/27/64 3439/10/64 3435/6/64
f 3454/41/65 3444/31/65 3443/86/65 3455/104/65
f 3453/40/66 3447/34/66 3446/33/66 3451/38/66
f 3447/34/67 3434/26/67 3433/25/67 3445/32/67
f 3444/161/68 3436/4/68 3438/6/68 3442/10/68
f 3474/37/57 3478/2/57 3480/209/57 3472/103/57
f 3460/4/58 3474/18/58 3473/17/58 3461/44/58
f 3459/3/59 3462/210/59 3461/151/59 3457/1/59
f 3479/104/60 3476/211/60 3475/212/60 3480/89/60
f 3465/213/61 3467/86/61 3466/102/61 3463/203/61
f 3469/99/62 3473/84/62 3472/103/62 3470/204/62
f 3464/27/63 3477/40/63 3476/48/63 3465/28/63
f 3458/26/64 3464/27/64 3463/10/64 3459/6/64
f 3478/41/65 3468/45/65 3467/86/65 3479/104/65
f 3477/40/66 3471/47/66 3470/33/66 3475/38/66
f 3471/47/67 3458/26/67 3457/25/67 3469/46/67
f 3468/161/68 3460/4/68 3462/6/68 3466/10/68
f 3498/37/57 3502/2/57 3504/209/57 3496/103/57
f 3484/4/58 3498/18/58 3497/17/58 3485/44/58
f 3483/3/59 3486/210/59 3485/151/59 3481/1/59
f 3503/104/60 3500/211/60 3499/212/60 3504/89/60
f 3489/213/61 3491/86/61 3490/102/61 3487/203/61
f 3493/99/62 3497/84/62 3496/103/62 3494/204/62
f 3488/27/63 3501/40/63 3500/48/63 3489/28/63
f 3482/26/64 3488/27/64 3487/10/64 3483/6/64
f 3502/41/65 3492/45/65 3491/86/65 3503/104/65
f 3501/40/66 3495/47/66 3494/33/66 3499/38/66
f 3495/47/67 3482/26/67 3481/25/67 3493/46/67
f 3492/161/68 3484/4/68 3486/6/68 3490/10/68
f 3522/60/57 3526/2/57 3528/209/57 3520/105/57
f 3508/52/58 3522/164/58 3521/165/58 3509/5/58
f 3507/166/59 3510/167/59 3509/151/59 3505/1/59
f 3527/104/60 3524/200/60 3523/212/60 3528/89/60
f 3513/213/61 3515/86/61 3514/102/61 3511/203/61
f 3517/99/62 3521/84/62 3520/105/62 3518/206/62
f 3512/27/63 3525/40/63 3524/62/63 3513/55/63
f 3506/50/64 3512/27/64 3511/10/64 3507/51/64
f 3526/41/65 3516/31/65 3515/86/65 3527/104/65
f 3525/40/66 3519/58/66 3518/57/66 3523/38/66
f 3519/58/67 3506/50/67 3505/49/67 3517/56/67
f 3516/161/68 3508/52/68 3510/51/68 3514/10/68
f 3546/60/57 3550/162/57 3552/214/57 3544/105/57
f 3532/52/58 3546/164/58 3545/17/58 3533/5/58
f 3531/166/59 3534/167/59 3533/151/59 3529/1/59
f 3551/104/60 3548/200/60 3547/212/60 3552/89/60
f 3537/213/61 3539/86/61 3538/102/61 3535/203/61
f 3541/99/62 3545/84/62 3544/105/62 3542/206/62
f 3536/54/63 3549/63/63 3548/39/63 3537/28/63
f 3530/50/64 3536/54/64 3535/53/64 3531/51/64
f 3550/41/65 3540/31/65 3539/86/65 3551/104/65
f 3549/63/66 3543/58/66 3542/57/66 3547/61/66
f 3543/58/67 3530/50/67 3529/25/67 3541/32/67
f 3540/169/68 3532/52/68 3534/51/68 3538/53/68
f 3570/60/57 3574/162/57 3576/214/57 3568/105/57
f 3556/52/58 3570/164/58 3569/17/58 3557/5/58
f 3555/166/59 3558/167/59 3557/151/59 3553/1/59
f 3575/104/60 3572/200/60 3571/212/60 3576/89/60
f 3561/213/61 3563/86/61 3562/102/61 3559/203/61
f 3565/99/62 3569/84/62 3568/105/62 3566/206/62
f 3560/54/63 3573/63/63 3572/39/63 3561/28/63
f 3554/50/64 3560/54/64 3559/53/64 3555/51/64
f 3574/41/65 3564/31/65 3563/86/65 3575/104/65
f 3573/63/66 3567/58/66 3566/57/66 3571/61/66
f 3567/58/67 3554/50/67 3553/25/67 3565/32/67
f 3564/169/68 3556/52/68 3558/51/68 3562/53/68
f 3594/60/57 3598/162/57 3600/214/57 3592/105/57
f 3580/52/58 3594/164/58 3593/17/58 3581/5/58
f 3579/166/59 3582/167/59 3581/151/59 3577/1/59
f 3599/104/60 3596/200/60 3595/212/60 3600/89/60
f 3585/213/61 3587/86/61 3586/102/61 3583/203/61
f 3589/99/62 3593/84/62 3592/105/62 3590/206/62
f 3584/54/63 3597/63/63 3596/39/63 3585/28/63
f 3578/50/64 3584/54/64 3583/53/64 3579/51/64
f 3598/41/65 3588/31/65 3587/86/65 3599/104/65
f 3597/63/66 3591/58/66 3590/57/66 3595/61/66
f 3591/58/67 3578/50/67 3577/25/67 3589/32/67
f 3588/169/68 3580/52/68 3582/51/68 3586/53/68
f 3618/72/57 3622/162/57 3624/214/57 3616/71/57
f 3604/66/58 3618/172/58 3617/17/58 3605/5/58
f 3603/173/59 3606/215/59 3605/151/59 3601/1/59
f 3623/104/60 3620/200/60 3619/212/60 3624/89/60
f 3609/213/61 3611/86/61 3610/102/61 3607/203/61
f 3613/99/62 3617/84/62 3616/71/62 3614/175/62
f 3608/54/63 3621/63/63 3620/39/63 3609/28/63
f 3602/64/64 3608/54/64 3607/53/64 3603/65/64
f 3622/41/65 3612/31/65 3611/86/65 3623/104/65
f 3621/63/66 3615/70/66 3614/69/66 3619/61/66
f 3615/70/67 3602/64/67 3601/25/67 3613/32/67
f 3612/169/68 3604/66/68 3606/65/68 3610/53/68
f 3642/72/57 3646/170/57 3648/171/57 3640/71/57
f 3628/66/58 3642/172/58 3641/17/58 3629/44/58
f 3627/173/59 3630/215/59 3629/151/59 3625/1/59
f 3647/104/60 3644/211/60 3643/212/60 3648/89/60
f 3633/213/61 3635/86/61 3634/102/61 3631/203/61
f 3637/99/62 3641/84/62 3640/71/62 3638/175/62
f 3632/68/63 3645/74/63 3644/48/63 3633/28/63
f 3626/64/64 3632/68/64 3631/67/64 3627/65/64
f 3646/41/65 3636/45/65 3635/86/65 3647/104/65
f 3645/74/66 3639/70/66 3638/69/66 3643/73/66
f 3639/70/67 3626/64/67 3625/25/67 3637/46/67
f 3636/176/68 3628/66/68 3630/65/68 3634/67/68
f 3666/37/57 3670/2/57 3672/231/57 3664/125/57
f 3652/4/58 3666/18/58 3665/165/58 3653/44/58
f 3651/238/59 3654/210/59 3653/151/59 3649/239/59
f 3671/127/60 3668/240/60 3667/241/60 3672/128/60
f 3657/242/61 3659/124/61 3658/123/61 3655/243/61
f 3661/244/62 3665/126/62 3664/125/62 3662/245/62
f 3656/93/63 3669/122/63 3668/62/63 3657/55/63
f 3650/26/64 3656/93/64 3655/10/64 3651/6/64
f 3670/41/65 3660/31/65 3659/124/65 3671/127/65
f 3669/122/66 3663/34/66 3662/33/66 3667/38/66
f 3663/34/67 3650/26/67 3649/49/67 3661/56/67
f 3660/12/68 3652/4/68 3654/6/68 3658/10/68
f 3690/37/57 3694/2/57 3696/191/57 3688/125/57
f 3676/4/58 3690/18/58 3689/165/58 3677/85/58
f 3675/238/59 3678/210/59 3677/151/59 3673/239/59
f 3695/127/60 3692/240/60 3691/241/60 3696/128/60
f 3681/242/61 3683/124/61 3682/123/61 3679/243/61
f 3685/244/62 3689/126/62 3688/125/62 3686/245/62
f 3680/27/63 3693/40/63 3692/62/63 3681/55/63
f 3674/26/64 3680/27/64 3679/10/64 3675/6/64
f 3694/41/65 3684/31/65 3683/124/65 3695/127/65
f 3693/40/66 3687/34/66 3686/33/66 3691/38/66
f 3687/34/67 3674/26/67 3673/49/67 3685/56/67
f 3684/161/68 3676/4/68 3678/6/68 3682/10/68
f 3714/37/57 3718/2/57 3720/191/57 3712/125/57
f 3700/4/58 3714/18/58 3713/17/58 3701/44/58
f 3699/238/59 3702/210/59 3701/151/59 3697/239/59
f 3719/127/60 3716/240/60 3715/241/60 3720/128/60
f 3705/242/61 3707/124/61 3706/123/61 3703/243/61
f 3709/244/62 3713/126/62 3712/125/62 3710/245/62
f 3704/27/63 3717/40/63 3716/39/63 3705/28/63
f 3698/26/64 3704/27/64 3703/10/64 3699/6/64
f 3718/41/65 3708/31/65 3707/124/65 3719/127/65
f 3717/40/66 3711/34/66 3710/33/66 3715/38/66
f 3711/34/67 3698/26/67 3697/25/67 3709/32/67
f 3708/161/68 3700/4/68 3702/6/68 3706/10/68
f 3738/37/57 3742/2/57 3744/191/57 3736/125/57
f 3724/4/58 3738/18/58 3737/17/58 3725/85/58
f 3723/238/59 3726/210/59 3725/151/59 3721/239/59
f 3743/127/60 3740/240/60 3739/241/60 3744/128/60
f 3729/242/61 3731/124/61 3730/123/61 3727/243/61
f 3733/244/62 3737/126/62 3736/125/62 3734/245/62
f 3728/27/63 3741/40/63 3740/39/63 3729/28/63
f 3722/26/64 3728/27/64 3727/10/64 3723/6/64
f 3742/41/65 3732/31/65 3731/124/65 3743/127/65
f 3741/40/66 3735/34/66 3734/33/66 3739/38/66
f 3735/34/67 3722/26/67 3721/25/67 3733/32/67
f 3732/161/68 3724/4/68 3726/6/68 3730/10/68
f 3762/60/57 3766/162/57 3768/214/57 3760/129/57
f 3748/52/58 3762/164/58 3761/17/58 3749/44/58
f 3747/246/59 3750/247/59 3749/151/59 3745/239/59
f 3767/127/60 3764/240/60 3763/241/60 3768/128/60
f 3753/242/61 3755/124/61 3754/123/61 3751/243/61
f 3757/244/62 3761/126/62 3760/129/62 3758/248/62
f 3752/54/63 3765/63/63 3764/39/63 3753/28/63
f 3746/50/64 3752/54/64 3751/53/64 3747/51/64
f 3766/41/65 3756/31/65 3755/124/65 3767/127/65
f 3765/63/66 3759/58/66 3758/57/66 3763/61/66
f 3759/58/67 3746/50/67 3745/25/67 3757/32/67
f 3756/169/68 3748/52/68 3750/51/68 3754/53/68
f 3786/60/57 3790/162/57 3792/214/57 3784/129/57
f 3772/52/58 3786/164/58 3785/17/58 3773/130/58
f 3771/246/59 3774/247/59 3773/151/59 3769/239/59
f 3791/127/60 3788/240/60 3787/241/60 3792/128/60
f 3777/242/61 3779/124/61 3778/123/61 3775/243/61
f 3781/244/62 3785/126/62 3784/129/62 3782/248/62
f 3776/54/63 3789/63/63 3788/48/63 3777/28/63
f 3770/50/64 3776/54/64 3775/53/64 3771/51/64
f 3790/41/65 3780/45/65 3779/124/65 3791/127/65
f 3789/63/66 3783/58/66 3782/57/66 3787/61/66
f 3783/58/67 3770/50/67 3769/25/67 3781/46/67
f 3780/169/68 3772/52/68 3774/51/68 3778/53/68
f 3810/60/57 3814/162/57 3816/214/57 3808/129/57
f 3796/52/58 3810/164/58 3809/17/58 3797/131/58
f 3795/246/59 3798/247/59 3797/151/59 3793/239/59
f 3815/127/60 3812/240/60 3811/241/60 3816/128/60
f 3801/242/61 3803/124/61 3802/123/61 3799/243/61
f 3805/244/62 3809/126/62 3808/129/62 3806/248/62
f 3800/54/63 3813/63/63 3812/48/63 3801/28/63
f 3794/50/64 3800/54/64 3799/53/64 3795/51/64
f 3814/41/65 3804/45/65 3803/124/65 3815/127/65
f 3813/63/66 3807/58/66 3806/57/66 3811/61/66
f 3807/58/67 3794/50/67 3793/25/67 3805/46/67
f 3804/169/68 3796/52/68 3798/51/68 3802/53/68
f 3834/60/57 3838/162/57 3840/214/57 3832/129/57
f 3820/52/58 3834/164/58 3833/17/58 3821/130/58
f 3819/246/59 3822/247/59 3821/151/59 3817/239/59
f 3839/127/60 3836/240/60 3835/241/60 3840/128/60
f 3825/242/61 3827/124/61 3826/123/61 3823/243/61
f 3829/244/62 3833/126/62 3832/129/62 3830/248/62
f 3824/54/63 3837/63/63 3836/48/63 3825/28/63
f 3818/50/64 3824/54/64 3823/53/64 3819/51/64
f 3838/41/65 3828/45/65 3827/124/65 3839/127/65
f 3837/63/66 3831/58/66 3830/57/66 3835/61/66
f 3831/58/67 3818/50/67 3817/25/67 3829/46/67
f 3828/169/68 3820/52/68 3822/51/68 3826/53/68
f 3858/72/57 3862/170/57 3864/171/57 3856/71/57
f 3844/66/58 3858/172/58 3857/17/58 3845/131/58
f 3843/249/59 3846/174/59 3845/151/59 3841/239/59
f 3863/127/60 3860/240/60 3859/241/60 3864/128/60
f 3849/242/61 3851/124/61 3850/123/61 3847/243/61
f 3853/244/62 3857/126/62 3856/71/62 3854/250/62
f 3848/68/63 3861/74/63 3860/48/63 3849/28/63
f 3842/64/64 3848/68/64 3847/67/64 3843/65/64
f 3862/41/65 3852/45/65 3851/124/65 3863/127/65
f 3861/74/66 3855/70/66 3854/69/66 3859/73/66
f 3855/70/67 3842/64/67 3841/25/67 3853/46/67
f 3852/176/68 3844/66/68 3846/65/68 3850/67/68
f 4625/177/57 3874/178/57 3876/179/57 4626/180/57
f 3875/127/60 3872/240/60 3871/241/60 3876/128/60
f 3867/242/61 3869/124/61 3868/123/61 3865/243/61
f 3866/68/63 3873/75/63 3872/90/63 3867/28/63
f 4627/181/64 3866/68/64 3865/67/64 4628/182/64
f 3874/41/65 3870/31/65 3869/124/65 3875/127/65
f 3880/85/58 3886/237/58 3888/251/58 3881/134/58
f 3877/132/59 3882/135/59 3881/134/59 3878/133/59
f 3883/136/62 3888/139/62 3887/138/62 3884/137/62
f 4709/185/66 3885/81/66 3884/137/66 4710/252/66
f 3885/158/67 3879/121/67 3878/133/67 3883/253/67
f 4711/187/68 3880/188/68 3882/254/68 4712/255/68
f 3906/37/57 3910/2/57 3912/256/57 3904/143/57
f 3892/4/58 3906/18/58 3905/17/58 3893/140/58
f 3891/238/59 3894/257/59 3893/258/59 3889/259/59
f 3911/144/60 3908/260/60 3907/261/60 3912/145/60
f 3897/262/61 3899/142/61 3898/141/61 3895/263/61
f 3901/136/62 3905/139/62 3904/143/62 3902/264/62
f 3896/27/63 3909/40/63 3908/39/63 3897/28/63
f 3890/26/64 3896/27/64 3895/10/64 3891/6/64
f 3910/41/65 3900/31/65 3899/142/65 3911/144/65
f 3909/40/66 3903/34/66 3902/33/66 3907/38/66
f 3903/34/67 3890/26/67 3889/25/67 3901/32/67
f 3900/161/68 3892/4/68 3894/6/68 3898/10/68
f 3930/37/57 3934/2/57 3936/256/57 3928/143/57
f 3916/4/58 3930/18/58 3929/17/58 3917/110/58
f 3915/238/59 3918/257/59 3917/258/59 3913/259/59
f 3935/144/60 3932/260/60 3931/261/60 3936/145/60
f 3921/262/61 3923/142/61 3922/141/61 3919/263/61
f 3925/136/62 3929/139/62 3928/143/62 3926/264/62
f 3920/27/63 3933/40/63 3932/48/63 3921/28/63
f 3914/26/64 3920/27/64 3919/10/64 3915/6/64
f 3934/41/65 3924/45/65 3923/142/65 3935/144/65
f 3933/40/66 3927/47/66 3926/33/66 3931/38/66
f 3927/47/67 3914/26/67 3913/25/67 3925/46/67
f 3924/161/68 3916/4/68 3918/6/68 3922/10/68
f 3954/37/57 3958/2/57 3960/256/57 3952/143/57
f 3940/4/58 3954/18/58 3953/17/58 3941/5/58
f 3939/238/59 3942/257/59 3941/258/59 3937/259/59
f 3959/144/60 3956/260/60 3955/261/60 3960/145/60
f 3945/262/61 3947/142/61 3946/141/61 3943/263/61
f 3949/136/62 3953/139/62 3952/143/62 3950/264/62
f 3944/27/63 3957/40/63 3956/48/63 3945/28/63
f 3938/26/64 3944/27/64 3943/10/64 3939/6/64
f 3958/41/65 3948/45/65 3947/142/65 3959/144/65
f 3957/40/66 3951/47/66 3950/33/66 3955/38/66
f 3951/47/67 3938/26/67 3937/25/67 3949/46/67
f 3948/161/68 3940/4/68 3942/6/68 3946/10/68
f 3978/60/57 3982/2/57 3984/256/57 3976/147/57
f 3964/52/58 3978/164/58 3977/165/58 3965/146/58
f 3963/265/59 3966/266/59 3965/258/59 3961/259/59
f 3983/144/60 3980/260/60 3979/261/60 3984/145/60
f 3969/262/61 3971/142/61 3970/141/61 3967/263/61
f 3973/136/62 3977/139/62 3976/147/62 3974/267/62
f 3968/27/63 3981/40/63 3980/62/63 3969/55/63
f 3962/50/64 3968/27/64 3967/10/64 3963/51/64
f 3982/41/65 3972/31/65 3971/142/65 3983/144/65
f 3981/40/66 3975/58/66 3974/57/66 3979/38/66
f 3975/58/67 3962/50/67 3961/49/67 3973/56/67
f 3972/161/68 3964/52/68 3966/51/68 3970/10/68
f 4002/60/57 4006/162/57 4008/268/57 4000/147/57
f 3988/52/58 4002/164/58 4001/17/58 3989/140/58
f 3987/265/59 3990/266/59 3989/258/59 3985/259/59
f 4007/144/60 4004/260/60 4003/261/60 4008/145/60
f 3993/262/61 3995/142/61 3994/141/61 3991/263/61
f 3997/136/62 4001/139/62 4000/147/62 3998/267/62
f 3992/54/63 4005/63/63 4004/39/63 3993/28/63
f 3986/50/64 3992/54/64 3991/53/64 3987/51/64
f 4006/41/65 3996/31/65 3995/142/65 4007/144/65
f 4005/63/66 3999/58/66 3998/57/66 4003/61/66
f 3999/58/67 3986/50/67 3985/25/67 3997/32/67
f 3996/169/68 3988/52/68 3990/51/68 3994/53/68
f 4026/60/57 4030/162/57 4032/268/57 4024/147/57
f 4012/52/58 4026/164/58 4025/17/58 4013/146/58
f 4011/265/59 4014/266/59 4013/258/59 4009/259/59
f 4031/144/60 4028/260/60 4027/261/60 4032/145/60
f 4017/262/61 4019/142/61 4018/141/61 4015/263/61
f 4021/136/62 4025/139/62 4024/147/62 4022/267/62
f 4016/54/63 4029/63/63 4028/39/63 4017/28/63
f 4010/50/64 4016/54/64 4015/53/64 4011/51/64
f 4030/41/65 4020/31/65 4019/142/65 4031/144/65
f 4029/63/66 4023/58/66 4022/57/66 4027/61/66
f 4023/58/67 4010/50/67 4009/25/67 4021/32/67
f 4020/169/68 4012/52/68 4014/51/68 4018/53/68
f 4050/60/57 4054/162/57 4056/268/57 4048/147/57
f 4036/52/58 4050/164/58 4049/17/58 4037/140/58
f 4035/265/59 4038/266/59 4037/258/59 4033/259/59
f 4055/144/60 4052/260/60 4051/261/60 4056/145/60
f 4041/262/61 4043/142/61 4042/141/61 4039/263/61
f 4045/136/62 4049/139/62 4048/147/62 4046/267/62
f 4040/54/63 4053/63/63 4052/39/63 4041/28/63
f 4034/50/64 4040/54/64 4039/53/64 4035/51/64
f 4054/41/65 4044/31/65 4043/142/65 4055/144/65
f 4053/63/66 4047/58/66 4046/57/66 4051/61/66
f 4047/58/67 4034/50/67 4033/25/67 4045/32/67
f 4044/169/68 4036/52/68 4038/51/68 4042/53/68
f 4074/72/57 4078/162/57 4080/268/57 4072/148/57
f 4060/66/58 4074/172/58 4073/17/58 4061/146/58
f 4059/269/59 4062/270/59 4061/258/59 4057/259/59
f 4079/144/60 4076/260/60 4075/261/60 4080/145/60
f 4065/262/61 4067/142/61 4066/141/61 4063/263/61
f 4069/136/62 4073/139/62 4072/148/62 4070/271/62
f 4064/54/63 4077/63/63 4076/39/63 4065/28/63
f 4058/64/64 4064/54/64 4063/53/64 4059/65/64
f 4078/41/65 4068/31/65 4067/142/65 4079/144/65
f 4077/63/66 4071/70/66 4070/69/66 4075/61/66
f 4071/70/67 4058/64/67 4057/25/67 4069/32/67
f 4068/169/68 4060/66/68 4062/65/68 4066/53/68
f 4098/72/57 4102/170/57 4104/272/57 4096/148/57
f 4084/66/58 4098/172/58 4097/17/58 4085/5/58
f 4083/269/59 4086/270/59 4085/258/59 4081/259/59
f 4103/144/60 4100/260/60 4099/261/60 4104/145/60
f 4089/262/61 4091/142/61 4090/141/61 4087/263/61
f 4093/136/62 4097/139/62 4096/148/62 4094/271/62
f 4088/68/63 4101/74/63 4100/48/63 4089/28/63
f 4082/64/64 4088/68/64 4087/67/64 4083/65/64
f 4102/41/65 4092/45/65 4091/142/65 4103/144/65
f 4101/74/66 4095/70/66 4094/69/66 4099/73/66
f 4095/70/67 4082/64/67 4081/25/67 4093/46/67
f 4092/176/68 4084/66/68 4086/65/68 4090/67/68
f 4122/37/57 4126/2/57 4128/273/57 4120/143/57
f 4108/4/58 4122/18/58 4121/17/58 4109/110/58
f 4107/238/59 4110/257/59 4109/258/59 4105/259/59
f 4127/144/60 4124/260/60 4123/261/60 4128/145/60
f 4113/262/61 4115/142/61 4114/141/61 4111/263/61
f 4117/136/62 4121/139/62 4120/143/62 4118/264/62
f 4112/93/63 4125/94/63 4124/48/63 4113/28/63
f 4106/26/64 4112/93/64 4111/10/64 4107/6/64
f 4126/41/65 4116/45/65 4115/142/65 4127/144/65
f 4125/94/66 4119/47/66 4118/33/66 4123/38/66
f 4119/47/67 4106/26/67 4105/25/67 4117/46/67
f 4116/12/68 4108/4/68 4110/6/68 4114/10/68
f 4146/37/57 4150/2/57 4152/256/57 4144/143/57
f 4132/4/58 4146/18/58 4145/17/58 4133/5/58
f 4131/238/59 4134/257/59 4133/258/59 4129/259/59
f 4151/144/60 4148/260/60 4147/261/60 4152/145/60
f 4137/262/61 4139/142/61 4138/141/61 4135/263/61
f 4141/136/62 4145/139/62 4144/143/62 4142/264/62
f 4136/27/63 4149/40/63 4148/48/63 4137/28/63
f 4130/26/64 4136/27/64 4135/10/64 4131/6/64
f 4150/41/65 4140/45/65 4139/142/65 4151/144/65
f 4149/40/66 4143/47/66 4142/33/66 4147/38/66
f 4143/47/67 4130/26/67 4129/25/67 4141/46/67
f 4140/161/68 4132/4/68 4134/6/68 4138/10/68
f 4170/37/57 4174/2/57 4176/256/57 4168/143/57
f 4156/4/58 4170/18/58 4169/17/58 4157/146/58
f 4155/238/59 4158/257/59 4157/258/59 4153/259/59
f 4175/144/60 4172/260/60 4171/261/60 4176/145/60
f 4161/262/61 4163/142/61 4162/141/61 4159/263/61
f 4165/136/62 4169/139/62 4168/143/62 4166/264/62
f 4160/27/63 4173/40/63 4172/90/63 4161/28/63
f 4154/26/64 4160/27/64 4159/10/64 4155/6/64
f 4174/41/65 4164/31/65 4163/142/65 4175/144/65
f 4173/40/66 4167/47/66 4166/33/66 4171/38/66
f 4167/47/67 4154/26/67 4153/25/67 4165/32/67
f 4164/161/68 4156/4/68 4158/6/68 4162/10/68
f 4194/37/57 4198/2/57 4200/256/57 4192/143/57
f 4180/4/58 4194/18/58 4193/17/58 4181/140/58
f 4179/238/59 4182/257/59 4181/258/59 4177/259/59
f 4199/144/60 4196/260/60 4195/261/60 4200/145/60
f 4185/262/61 4187/142/61 4186/141/61 4183/263/61
f 4189/136/62 4193/139/62 4192/143/62 4190/264/62
f 4184/27/63 4197/40/63 4196/90/63 4185/28/63
f 4178/26/64 4184/27/64 4183/10/64 4179/6/64
f 4198/41/65 4188/31/65 4187/142/65 4199/144/65
f 4197/40/66 4191/47/66 4190/33/66 4195/38/66
f 4191/47/67 4178/26/67 4177/25/67 4189/32/67
f 4188/161/68 4180/4/68 4182/6/68 4186/10/68
f 4218/60/57 4222/162/57 4224/268/57 4216/147/57
f 4204/52/58 4218/164/58 4217/17/58 4205/146/58
f 4203/265/59 4206/266/59 4205/258/59 4201/259/59
f 4223/144/60 4220/260/60 4219/261/60 4224/145/60
f 4209/262/61 4211/142/61 4210/141/61 4207/263/61
f 4213/136/62 4217/139/62 4216/147/62 4214/267/62
f 4208/54/63 4221/63/63 4220/39/63 4209/28/63
f 4202/50/64 4208/54/64 4207/53/64 4203/51/64
f 4222/41/65 4212/31/65 4211/142/65 4223/144/65
f 4221/63/66 4215/58/66 4214/57/66 4219/61/66
f 4215/58/67 4202/50/67 4201/25/67 4213/32/67
f 4212/169/68 4204/52/68 4206/51/68 4210/53/68
f 4242/60/57 4246/162/57 4248/268/57 4240/147/57
f 4228/52/58 4242/164/58 4241/17/58 4229/5/58
f 4227/265/59 4230/266/59 4229/258/59 4225/259/59
f 4247/144/60 4244/260/60 4243/261/60 4248/145/60
f 4233/262/61 4235/142/61 4234/141/61 4231/263/61
f 4237/136/62 4241/139/62 4240/147/62 4238/267/62
f 4232/54/63 4245/63/63 4244/48/63 4233/28/63
f 4226/50/64 4232/54/64 4231/53/64 4227/51/64
f 4246/41/65 4236/45/65 4235/142/65 4247/144/65
f 4245/63/66 4239/58/66 4238/57/66 4243/61/66
f 4239/58/67 4226/50/67 4225/25/67 4237/46/67
f 4236/169/68 4228/52/68 4230/51/68 4234/53/68
f 4266/60/57 4270/162/57 4272/268/57 4264/147/57
f 4252/52/58 4266/164/58 4265/17/58 4253/110/58
f 4251/265/59 4254/266/59 4253/258/59 4249/259/59
f 4271/144/60 4268/260/60 4267/261/60 4272/145/60
f 4257/262/61 4259/142/61 4258/141/61 4255/263/61
f 4261/136/62 4265/139/62 4264/147/62 4262/267/62
f 4256/54/63 4269/63/63 4268/48/63 4257/28/63
f 4250/50/64 4256/54/64 4255/53/64 4251/51/64
f 4270/41/65 4260/45/65 4259/142/65 4271/144/65
f 4269/63/66 4263/58/66 4262/57/66 4267/61/66
f 4263/58/67 4250/50/67 4249/25/67 4261/46/67
f 4260/169/68 4252/52/68 4254/51/68 4258/53/68
f 4290/60/57 4294/162/57 4296/268/57 4288/147/57
f 4276/52/58 4290/164/58 4289/17/58 4277/5/58
f 4275/265/59 4278/266/59 4277/258/59 4273/259/59
f 4295/144/60 4292/260/60 4291/261/60 4296/145/60
f 4281/262/61 4283/142/61 4282/141/61 4279/263/61
f 4285/136/62 4289/139/62 4288/147/62 4286/267/62
f 4280/54/63 4293/63/63 4292/48/63 4281/28/63
f 4274/50/64 4280/54/64 4279/53/64 4275/51/64
f 4294/41/65 4284/45/65 4283/142/65 4295/144/65
f 4293/63/66 4287/58/66 4286/57/66 4291/61/66
f 4287/58/67 4274/50/67 4273/25/67 4285/46/67
f 4284/169/68 4276/52/68 4278/51/68 4282/53/68
f 4314/72/57 4318/170/57 4320/272/57 4312/148/57
f 4300/66/58 4314/172/58 4313/17/58 4301/110/58
f 4299/269/59 4302/270/59 4301/258/59 4297/259/59
f 4319/144/60 4316/260/60 4315/261/60 4320/145/60
f 4305/262/61 4307/142/61 4306/141/61 4303/263/61
f 4309/136/62 4313/139/62 4312/148/62 4310/271/62
f 4304/68/63 4317/74/63 4316/48/63 4305/28/63
f 4298/64/64 4304/68/64 4303/67/64 4299/65/64
f 4318/41/65 4308/45/65 4307/142/65 4319/144/65
f 4317/74/66 4311/70/66 4310/69/66 4315/73/66
f 4311/70/67 4298/64/67 4297/25/67 4309/46/67
f 4308/176/68 4300/66/68 4302/65/68 4306/67/68
f 4633/274/57 4330/236/57 4332/179/57 4634/275/57
f 4331/144/60 4328/260/60 4327/261/60 4332/145/60
f 4323/262/61 4325/142/61 4324/141/61 4321/263/61
f 4322/119/63 4329/120/63 4328/90/63 4323/28/63
f 4635/276/64 4322/119/64 4321/67/64 4636/277/64
f 4330/41/65 4326/31/65 4325/142/65 4331/144/65
f 4336/85/58 4342/237/58 4344/251/58 4337/134/58
f 4333/132/59 4338/135/59 4337/134/59 4334/133/59
f 4339/136/62 4344/139/62 4343/138/62 4340/137/62
f 4717/185/66 4341/81/66 4340/137/66 4718/252/66
f 4341/158/67 4335/121/67 4334/133/67 4339/253/67
f 4719/187/68 4336/188/68 4338/254/68 4720/255/68
f 4362/37/57 4366/2/57 4368/256/57 4360/143/57
f 4348/4/58 4362/18/58 4361/17/58 4349/146/58
f 4347/238/59 4350/257/59 4349/258/59 4345/259/59
f 4367/144/60 4364/260/60 4363/261/60 4368/145/60
f 4353/262/61 4355/142/61 4354/141/61 4351/263/61
f 4357/136/62 4361/139/62 4360/143/62 4358/264/62
f 4352/27/63 4365/40/63 4364/39/63 4353/28/63
f 4346/26/64 4352/27/64 4351/10/64 4347/6/64
f 4366/41/65 4356/31/65 4355/142/65 4367/144/65
f 4365/40/66 4359/34/66 4358/33/66 4363/38/66
f 4359/34/67 4346/26/67 4345/25/67 4357/32/67
f 4356/161/68 4348/4/68 4350/6/68 4354/10/68
f 4386/37/57 4390/2/57 4392/256/57 4384/143/57
f 4372/4/58 4386/18/58 4385/17/58 4373/5/58
f 4371/238/59 4374/257/59 4373/258/59 4369/259/59
f 4391/144/60 4388/260/60 4387/261/60 4392/145/60
f 4377/262/61 4379/142/61 4378/141/61 4375/263/61
f 4381/136/62 4385/139/62 4384/143/62 4382/264/62
f 4376/27/63 4389/40/63 4388/48/63 4377/28/63
f 4370/26/64 4376/27/64 4375/10/64 4371/6/64
f 4390/41/65 4380/45/65 4379/142/65 4391/144/65
f 4389/40/66 4383/47/66 4382/33/66 4387/38/66
f 4383/47/67 4370/26/67 4369/25/67 4381/46/67
f 4380/161/68 4372/4/68 4374/6/68 4378/10/68
f 4410/37/57 4414/2/57 4416/256/57 4408/143/57
f 4396/4/58 4410/18/58 4409/17/58 4397/110/58
f 4395/238/59 4398/257/59 4397/258/59 4393/259/59
f 4415/144/60 4412/260/60 4411/261/60 4416/145/60
f 4401/262/61 4403/142/61 4402/141/61 4399/263/61
f 4405/136/62 4409/139/62 4408/143/62 4406/264/62
f 4400/27/63 4413/40/63 4412/48/63 4401/28/63
f 4394/26/64 4400/27/64 4399/10/64 4395/6/64
f 4414/41/65 4404/45/65 4403/142/65 4415/144/65
f 4413/40/66 4407/47/66 4406/33/66 4411/38/66
f 4407/47/67 4394/26/67 4393/25/67 4405/46/67
f 4404/161/68 4396/4/68 4398/6/68 4402/10/68
f 4434/60/57 4438/2/57 4440/256/57 4432/147/57
f 4420/52/58 4434/164/58 4433/165/58 4421/140/58
f 4419/265/59 4422/266/59 4421/258/59 4417/259/59
f 4439/144/60 4436/260/60 4435/261/60 4440/145/60
f 4425/262/61 4427/142/61 4426/141/61 4423/263/61
f 4429/136/62 4433/139/62 4432/147/62 4430/267/62
f 4424/27/63 4437/40/63 4436/62/63 4425/55/63
f 4418/50/64 4424/27/64 4423/10/64 4419/51/64
f 4438/41/65 4428/31/65 4427/142/65 4439/144/65
f 4437/40/66 4431/58/66 4430/57/66 4435/38/66
f 4431/58/67 4418/50/67 4417/49/67 4429/56/67
f 4428/161/68 4420/52/68 4422/51/68 4426/10/68
f 4458/60/57 4462/162/57 4464/268/57 4456/147/57
f 4444/52/58 4458/164/58 4457/17/58 4445/146/58
f 4443/265/59 4446/266/59 4445/258/59 4441/259/59
f 4463/144/60 4460/260/60 4459/261/60 4464/145/60
f 4449/262/61 4451/142/61 4450/141/61 4447/263/61
f 4453/136/62 4457/139/62 4456/147/62 4454/267/62
f 4448/54/63 4461/63/63 4460/39/63 4449/28/63
f 4442/50/64 4448/54/64 4447/53/64 4443/51/64
f 4462/41/65 4452/31/65 4451/142/65 4463/144/65
f 4461/63/66 4455/58/66 4454/57/66 4459/61/66
f 4455/58/67 4442/50/67 4441/25/67 4453/32/67
f 4452/169/68 4444/52/68 4446/51/68 4450/53/68
f 4482/60/57 4486/162/57 4488/268/57 4480/147/57
f 4468/52/58 4482/164/58 4481/17/58 4469/140/58
f 4467/265/59 4470/266/59 4469/258/59 4465/259/59
f 4487/144/60 4484/260/60 4483/261/60 4488/145/60
f 4473/262/61 4475/142/61 4474/141/61 4471/263/61
f 4477/136/62 4481/139/62 4480/147/62 4478/267/62
f 4472/54/63 4485/63/63 4484/39/63 4473/28/63
f 4466/50/64 4472/54/64 4471/53/64 4467/51/64
f 4486/41/65 4476/31/65 4475/142/65 4487/144/65
f 4485/63/66 4479/58/66 4478/57/66 4483/61/66
f 4479/58/67 4466/50/67 4465/25/67 4477/32/67
f 4476/169/68 4468/52/68 4470/51/68 4474/53/68
f 4506/60/57 4510/162/57 4512/268/57 4504/147/57
f 4492/52/58 4506/164/58 4505/17/58 4493/146/58
f 4491/265/59 4494/266/59 4493/258/59 4489/259/59
f 4511/144/60 4508/260/60 4507/261/60 4512/145/60
f 4497/262/61 4499/142/61 4498/141/61 4495/263/61
f 4501/136/62 4505/139/62 4504/147/62 4502/267/62
f 4496/54/63 4509/63/63 4508/39/63 4497/28/63
f 4490/50/64 4496/54/64 4495/53/64 4491/51/64
f 4510/41/65 4500/31/65 4499/142/65 4511/144/65
f 4509/63/66 4503/58/66 4502/57/66 4507/61/66
f 4503/58/67 4490/50/67 4489/25/67 4501/32/67
f 4500/169/68 4492/52/68 4494/51/68 4498/53/68
f 4530/72/57 4534/162/57 4536/268/57 4528/148/57
f 4516/66/58 4530/172/58 4529/17/58 4517/140/58
f 4515/269/59 4518/270/59 4517/258/59 4513/259/59
f 4535/144/60 4532/260/60 4531/261/60 4536/145/60
f 4521/262/61 4523/142/61 4522/141/61 4519/263/61
f 4525/136/62 4529/139/62 4528/148/62 4526/271/62
f 4520/54/63 4533/63/63 4532/39/63 4521/28/63
f 4514/64/64 4520/54/64 4519/53/64 4515/65/64
f 4534/41/65 4524/31/65 4523/142/65 4535/144/65
f 4533/63/66 4527/70/66 4526/69/66 4531/61/66
f 4527/70/67 4514/64/67 4513/25/67 4525/32/67
f 4524/169/68 4516/66/68 4518/65/68 4522/53/68
f 4554/72/57 4558/170/57 4560/272/57 4552/148/57
f 4540/66/58 4554/172/58 4553/17/58 4541/110/58
f 4539/269/59 4542/270/59 4541/258/59 4537/259/59
f 4559/144/60 4556/260/60 4555/261/60 4560/145/60
f 4545/262/61 4547/142/61 4546/141/61 4543/263/61
f 4549/136/62 4553/139/62 4552/148/62 4550/271/62
f 4544/68/63 4557/74/63 4556/48/63 4545/28/63
f 4538/64/64 4544/68/64 4543/67/64 4539/65/64
f 4558/41/65 4548/45/65 4547/142/65 4559/144/65
f 4557/74/66 4551/70/66 4550/69/66 4555/73/66
f 4551/70/67 4538/64/67 4537/25/67 4549/46/67
f 4548/176/68 4540/66/68 4542/65/68 4546/67/68
f 225/75/66 4566/278/66 4565/279/66 223/73/66
f 222/280/68 4568/281/68 4567/182/68 220/67/68
f 681/75/66 4574/278/66 4573/279/66 679/73/66
f 678/280/68 4576/281/68 4575/182/68 676/67/68
f 1137/75/66 4582/278/66 4581/279/66 1135/73/66
f 1134/280/68 4584/281/68 4583/182/68 1132/67/68
f 1593/75/66 4590/278/66 4589/279/66 1591/73/66
f 1590/280/68 4592/281/68 4591/182/68 1588/67/68
f 2049/120/66 4598/282/66 4597/279/66 2047/73/66
f 2046/283/68 4600/284/68 4599/182/68 2044/67/68
f 2505/120/66 4606/282/66 4605/279/66 2503/73/66
f 2502/283/68 4608/284/68 4607/182/68 2500/67/68
f 2961/120/66 4614/282/66 4613/279/66 2959/73/66
f 2958/283/68 4616/284/68 4615/182/68 2956/67/68
f 3417/120/66 4622/282/66 4621/279/66 3415/73/66
f 3414/283/68 4624/284/68 4623/182/68 3412/67/68
f 3873/75/66 4630/282/66 4629/279/66 3871/73/66
f 3870/280/68 4632/284/68 4631/182/68 3868/67/68
f 4329/120/66 4638/285/66 4637/286/66 4327/149/66
f 4326/283/68 4640/287/68 4639/277/68 4324/288/68
f 238/82/57 4642/289/57 4641/290/57 239/83/57
f 231/291/64 4644/289/64 4643/292/64 229/293/64
f 694/82/57 4650/289/57 4649/290/57 695/101/57
f 687/291/64 4652/289/64 4651/292/64 685/293/64
f 1150/82/57 4658/289/57 4657/290/57 1151/101/57
f 1143/291/64 4660/289/64 4659/292/64 1141/293/64
f 1606/82/57 4666/289/57 4665/290/57 1607/101/57
f 1599/291/64 4668/289/64 4667/292/64 1597/293/64
f 2062/82/57 4674/289/57 4673/290/57 2063/101/57
f 2055/291/64 4676/289/64 4675/292/64 2053/293/64
f 2518/82/57 4682/289/57 4681/290/57 2519/101/57
f 2511/291/64 4684/289/64 4683/292/64 2509/293/64
f 2974/82/57 4690/289/57 4689/290/57 2975/101/57
f 2967/291/64 4692/289/64 4691/292/64 2965/293/64
f 3430/82/57 4698/289/57 4697/290/57 3431/101/57
f 3423/291/64 4700/289/64 4699/292/64 3421/293/64
f 3886/82/57 4706/289/57 4705/294/57 3887/138/57
f 3879/291/64 4708/289/64 4707/295/64 3877/296/64
f 4342/82/57 4714/289/57 4713/294/57 4343/138/57
f 4335/291/64 4716/289/64 4715/295/64 4333/296/64
f 17/297/69 13/159/69 1/77/69 5/5/69
f 6/150/70 3/3/70 7/157/70 10/298/70
f 2/26/71 15/34/71 21/94/71 8/93/71
f 18/18/72 4/4/72 12/12/72 22/22/72
f 11/30/73 9/9/73 20/155/73 23/42/73
f 24/153/74 19/19/74 14/14/74 16/35/74
f 41/297/69 37/159/69 25/77/69 29/5/69
f 30/150/70 27/3/70 31/299/70 34/300/70
f 26/26/71 39/34/71 45/40/71 32/27/71
f 42/18/72 28/4/72 36/161/72 46/301/72
f 35/30/73 33/9/73 44/155/73 47/42/73
f 48/153/74 43/302/74 38/14/74 40/35/74
f 65/297/69 61/159/69 49/77/69 53/44/69
f 54/150/70 51/3/70 55/299/70 58/300/70
f 50/26/71 63/47/71 69/40/71 56/27/71
f 66/18/72 52/4/72 60/161/72 70/301/72
f 59/30/73 57/9/73 68/155/73 71/42/73
f 72/153/74 67/302/74 62/14/74 64/35/74
f 89/297/69 85/159/69 73/77/69 77/44/69
f 78/150/70 75/3/70 79/299/70 82/300/70
f 74/26/71 87/47/71 93/40/71 80/27/71
f 90/18/72 76/4/72 84/161/72 94/301/72
f 83/30/73 81/9/73 92/155/73 95/42/73
f 96/153/74 91/302/74 86/14/74 88/35/74
f 113/297/69 109/159/69 97/77/69 101/5/69
f 102/167/70 99/166/70 103/303/70 106/304/70
f 98/50/71 111/58/71 117/63/71 104/54/71
f 114/164/72 100/52/72 108/169/72 118/305/72
f 107/30/73 105/9/73 116/155/73 119/42/73
f 120/163/74 115/306/74 110/168/74 112/59/74
f 137/297/69 133/159/69 121/77/69 125/5/69
f 126/167/70 123/166/70 127/303/70 130/304/70
f 122/50/71 135/58/71 141/63/71 128/54/71
f 138/164/72 124/52/72 132/169/72 142/305/72
f 131/30/73 129/9/73 140/155/73 143/42/73
f 144/163/74 139/306/74 134/168/74 136/59/74
f 161/297/69 157/159/69 145/77/69 149/5/69
f 150/167/70 147/166/70 151/303/70 154/304/70
f 146/50/71 159/58/71 165/63/71 152/54/71
f 162/164/72 148/52/72 156/169/72 166/305/72
f 155/30/73 153/9/73 164/155/73 167/42/73
f 168/163/74 163/306/74 158/168/74 160/59/74
f 185/297/69 181/159/69 169/77/69 173/5/69
f 174/167/70 171/166/70 175/303/70 178/304/70
f 170/50/71 183/58/71 189/63/71 176/54/71
f 186/164/72 172/52/72 180/169/72 190/305/72
f 179/30/73 177/9/73 188/155/73 191/42/73
f 192/163/74 187/306/74 182/168/74 184/59/74
f 209/297/69 205/159/69 193/77/69 197/5/69
f 198/174/70 195/173/70 199/307/70 202/308/70
f 194/64/71 207/70/71 213/74/71 200/68/71
f 210/172/72 196/66/72 204/176/72 214/309/72
f 203/30/73 201/9/73 212/155/73 215/42/73
f 216/171/74 211/310/74 206/175/74 208/71/74
f 4567/190/70 4564/292/70 217/311/70 220/312/70
f 221/30/73 219/9/73 224/155/73 227/42/73
f 4563/181/71 4566/278/71 225/75/71 218/68/71
f 4561/177/72 4568/281/72 222/280/72 226/178/72
f 228/171/74 223/313/74 4565/314/74 4562/315/74
f 234/189/70 229/293/70 4643/292/70 4648/190/70
f 240/184/69 235/159/69 230/77/69 233/79/69
f 231/26/71 237/47/71 4645/282/71 4644/181/71
f 238/18/72 232/5/72 4647/284/72 4642/316/72
f 4641/290/74 4646/186/74 236/80/74 239/83/74
f 257/184/69 253/159/69 241/77/69 245/85/69
f 246/150/70 243/3/70 247/317/70 250/318/70
f 242/26/71 255/47/71 261/40/71 248/27/71
f 258/18/72 244/4/72 252/161/72 262/301/72
f 251/86/73 249/9/73 260/192/73 263/88/73
f 264/191/74 259/319/74 254/194/74 256/87/74
f 281/184/69 277/159/69 265/77/69 269/85/69
f 270/150/70 267/3/70 271/317/70 274/318/70
f 266/26/71 279/47/71 285/40/71 272/27/71
f 282/18/72 268/4/72 276/161/72 286/301/72
f 275/86/73 273/9/73 284/155/73 287/88/73
f 288/191/74 283/319/74 278/194/74 280/87/74
f 305/184/69 301/159/69 289/77/69 293/85/69
f 294/150/70 291/3/70 295/317/70 298/318/70
f 290/26/71 303/47/71 309/40/71 296/27/71
f 306/18/72 292/4/72 300/161/72 310/301/72
f 299/86/73 297/9/73 308/155/73 311/88/73
f 312/191/74 307/319/74 302/194/74 304/87/74
f 329/184/69 325/159/69 313/77/69 317/85/69
f 318/167/70 315/195/70 319/317/70 322/318/70
f 314/50/71 327/58/71 333/40/71 320/27/71
f 330/164/72 316/52/72 324/161/72 334/301/72
f 323/86/73 321/9/73 332/192/73 335/88/73
f 336/191/74 331/319/74 326/168/74 328/91/74
f 353/184/69 349/159/69 337/77/69 341/85/69
f 342/167/70 339/195/70 343/320/70 346/321/70
f 338/50/71 351/58/71 357/63/71 344/54/71
f 354/164/72 340/52/72 348/169/72 358/305/72
f 347/86/73 345/9/73 356/192/73 359/88/73
f 360/163/74 355/306/74 350/168/74 352/91/74
f 377/184/69 373/159/69 361/77/69 365/85/69
f 366/167/70 363/195/70 367/320/70 370/321/70
f 362/50/71 375/58/71 381/63/71 368/54/71
f 378/164/72 364/52/72 372/169/72 382/305/72
f 371/86/73 369/9/73 380/192/73 383/88/73
f 384/163/74 379/306/74 374/168/74 376/91/74
f 401/184/69 397/159/69 385/77/69 389/85/69
f 390/167/70 387/195/70 391/320/70 394/321/70
f 386/50/71 399/58/71 405/63/71 392/54/71
f 402/164/72 388/52/72 396/169/72 406/305/72
f 395/86/73 393/9/73 404/192/73 407/88/73
f 408/163/74 403/306/74 398/168/74 400/91/74
f 425/184/69 421/159/69 409/77/69 413/85/69
f 414/196/70 411/173/70 415/320/70 418/321/70
f 410/64/71 423/70/71 429/63/71 416/54/71
f 426/172/72 412/66/72 420/169/72 430/305/72
f 419/86/73 417/9/73 428/192/73 431/88/73
f 432/163/74 427/306/74 422/175/74 424/92/74
f 449/184/69 445/159/69 433/77/69 437/85/69
f 438/196/70 435/173/70 439/307/70 442/322/70
f 434/64/71 447/70/71 453/74/71 440/68/71
f 450/172/72 436/66/72 444/176/72 454/309/72
f 443/86/73 441/9/73 452/155/73 455/88/73
f 456/197/74 451/310/74 446/175/74 448/92/74
f 473/297/69 469/323/69 457/97/69 461/5/69
f 462/198/70 459/3/70 463/324/70 466/325/70
f 458/26/71 471/34/71 477/94/71 464/93/71
f 474/18/72 460/4/72 468/12/72 478/22/72
f 467/30/73 465/202/73 476/200/73 479/42/73
f 480/153/74 475/326/74 470/204/74 472/35/74
f 497/297/69 493/323/69 481/97/69 485/5/69
f 486/198/70 483/3/70 487/299/70 490/300/70
f 482/26/71 495/34/71 501/40/71 488/27/71
f 498/18/72 484/4/72 492/161/72 502/301/72
f 491/30/73 489/202/73 500/200/73 503/42/73
f 504/153/74 499/302/74 494/204/74 496/35/74
f 521/297/69 517/323/69 505/97/69 509/44/69
f 510/198/70 507/3/70 511/299/70 514/300/70
f 506/26/71 519/47/71 525/40/71 512/27/71
f 522/18/72 508/4/72 516/161/72 526/301/72
f 515/30/73 513/202/73 524/200/73 527/42/73
f 528/153/74 523/302/74 518/204/74 520/35/74
f 545/297/69 541/323/69 529/97/69 533/44/69
f 534/198/70 531/3/70 535/299/70 538/300/70
f 530/26/71 543/47/71 549/40/71 536/27/71
f 546/18/72 532/4/72 540/161/72 550/301/72
f 539/30/73 537/202/73 548/200/73 551/42/73
f 552/153/74 547/302/74 542/204/74 544/35/74
f 569/297/69 565/323/69 553/97/69 557/5/69
f 558/205/70 555/195/70 559/320/70 562/304/70
f 554/50/71 567/58/71 573/63/71 560/54/71
f 570/164/72 556/52/72 564/169/72 574/305/72
f 563/30/73 561/202/73 572/200/73 575/42/73
f 576/163/74 571/327/74 566/206/74 568/59/74
f 593/297/69 589/323/69 577/97/69 581/5/69
f 582/205/70 579/195/70 583/320/70 586/304/70
f 578/50/71 591/58/71 597/63/71 584/54/71
f 594/164/72 580/52/72 588/169/72 598/305/72
f 587/30/73 585/202/73 596/200/73 599/42/73
f 600/163/74 595/327/74 590/206/74 592/59/74
f 617/297/69 613/323/69 601/97/69 605/5/69
f 606/205/70 603/195/70 607/320/70 610/304/70
f 602/50/71 615/58/71 621/63/71 608/54/71
f 618/164/72 604/52/72 612/169/72 622/305/72
f 611/30/73 609/202/73 620/200/73 623/42/73
f 624/163/74 619/327/74 614/206/74 616/59/74
f 641/297/69 637/323/69 625/97/69 629/5/69
f 630/205/70 627/195/70 631/320/70 634/304/70
f 626/50/71 639/58/71 645/63/71 632/54/71
f 642/164/72 628/52/72 636/169/72 646/305/72
f 635/30/73 633/202/73 644/200/73 647/42/73
f 648/163/74 643/327/74 638/206/74 640/59/74
f 665/297/69 661/323/69 649/97/69 653/5/69
f 654/174/70 651/173/70 655/307/70 658/328/70
f 650/64/71 663/70/71 669/74/71 656/68/71
f 666/172/72 652/66/72 660/176/72 670/309/72
f 659/30/73 657/202/73 668/200/73 671/42/73
f 672/171/74 667/313/74 662/207/74 664/95/74
f 4575/190/70 4572/292/70 673/307/70 676/312/70
f 677/30/73 675/202/73 680/200/73 683/42/73
f 4571/181/71 4574/278/71 681/75/71 674/68/71
f 4569/177/72 4576/281/72 678/280/72 682/178/72
f 684/171/74 679/329/74 4573/186/74 4570/315/74
f 690/189/70 685/293/70 4651/292/70 4656/190/70
f 696/184/69 691/208/69 686/97/69 689/98/69
f 687/26/71 693/47/71 4653/282/71 4652/181/71
f 694/18/72 688/85/72 4655/284/72 4650/316/72
f 4649/290/74 4654/186/74 692/100/74 695/101/74
f 713/184/69 709/208/69 697/97/69 701/44/69
f 702/210/70 699/3/70 703/299/70 706/330/70
f 698/26/71 711/47/71 717/40/71 704/27/71
f 714/18/72 700/4/72 708/161/72 718/301/72
f 707/86/73 705/213/73 716/211/73 719/104/73
f 720/209/74 715/302/74 710/204/74 712/103/74
f 737/184/69 733/208/69 721/97/69 725/5/69
f 726/210/70 723/3/70 727/299/70 730/330/70
f 722/26/71 735/47/71 741/40/71 728/27/71
f 738/18/72 724/4/72 732/161/72 742/301/72
f 731/86/73 729/213/73 740/211/73 743/104/73
f 744/209/74 739/302/74 734/204/74 736/103/74
f 761/184/69 757/208/69 745/97/69 749/5/69
f 750/210/70 747/3/70 751/299/70 754/330/70
f 746/26/71 759/47/71 765/40/71 752/27/71
f 762/18/72 748/4/72 756/161/72 766/301/72
f 755/86/73 753/213/73 764/211/73 767/104/73
f 768/209/74 763/302/74 758/204/74 760/103/74
f 785/184/69 781/208/69 769/97/69 773/5/69
f 774/167/70 771/166/70 775/299/70 778/330/70
f 770/50/71 783/58/71 789/40/71 776/27/71
f 786/164/72 772/52/72 780/161/72 790/301/72
f 779/86/73 777/213/73 788/200/73 791/104/73
f 792/209/74 787/302/74 782/206/74 784/105/74
f 809/184/69 805/208/69 793/97/69 797/44/69
f 798/167/70 795/166/70 799/303/70 802/331/70
f 794/50/71 807/58/71 813/63/71 800/54/71
f 810/164/72 796/52/72 804/169/72 814/305/72
f 803/86/73 801/213/73 812/211/73 815/104/73
f 816/214/74 811/327/74 806/206/74 808/105/74
f 833/184/69 829/208/69 817/97/69 821/44/69
f 822/167/70 819/166/70 823/303/70 826/331/70
f 818/50/71 831/58/71 837/63/71 824/54/71
f 834/164/72 820/52/72 828/169/72 838/305/72
f 827/86/73 825/213/73 836/211/73 839/104/73
f 840/214/74 835/327/74 830/206/74 832/105/74
f 857/184/69 853/208/69 841/97/69 845/44/69
f 846/167/70 843/166/70 847/303/70 850/331/70
f 842/50/71 855/58/71 861/63/71 848/54/71
f 858/164/72 844/52/72 852/169/72 862/305/72
f 851/86/73 849/213/73 860/211/73 863/104/73
f 864/214/74 859/327/74 854/206/74 856/105/74
f 881/184/69 877/208/69 865/97/69 869/44/69
f 870/215/70 867/173/70 871/303/70 874/331/70
f 866/64/71 879/70/71 885/63/71 872/54/71
f 882/172/72 868/66/72 876/169/72 886/305/72
f 875/86/73 873/213/73 884/211/73 887/104/73
f 888/214/74 883/327/74 878/175/74 880/71/74
f 905/184/69 901/208/69 889/97/69 893/5/69
f 894/215/70 891/173/70 895/307/70 898/312/70
f 890/64/71 903/70/71 909/74/71 896/68/71
f 906/172/72 892/66/72 900/176/72 910/309/72
f 899/86/73 897/213/73 908/211/73 911/104/73
f 912/171/74 907/313/74 902/175/74 904/71/74
f 929/332/69 925/333/69 913/334/69 917/5/69
f 918/217/70 915/3/70 919/324/70 922/298/70
f 914/26/71 927/34/71 933/94/71 920/93/71
f 930/18/72 916/4/72 924/12/72 934/22/72
f 923/107/73 921/221/73 932/219/73 935/109/73
f 936/216/74 931/335/74 926/14/74 928/35/74
f 953/332/69 949/333/69 937/334/69 941/5/69
f 942/217/70 939/3/70 943/299/70 946/300/70
f 938/26/71 951/34/71 957/40/71 944/27/71
f 954/18/72 940/4/72 948/161/72 958/301/72
f 947/107/73 945/221/73 956/219/73 959/109/73
f 960/216/74 955/302/74 950/14/74 952/35/74
f 977/332/69 973/333/69 961/334/69 965/44/69
f 966/217/70 963/3/70 967/299/70 970/300/70
f 962/26/71 975/47/71 981/40/71 968/27/71
f 978/18/72 964/4/72 972/161/72 982/301/72
f 971/107/73 969/221/73 980/219/73 983/109/73
f 984/216/74 979/302/74 974/14/74 976/35/74
f 1001/332/69 997/333/69 985/334/69 989/44/69
f 990/217/70 987/3/70 991/299/70 994/300/70
f 986/26/71 999/47/71 1005/40/71 992/27/71
f 1002/18/72 988/4/72 996/161/72 1006/301/72
f 995/107/73 993/221/73 1004/219/73 1007/109/73
f 1008/216/74 1003/302/74 998/14/74 1000/35/74
f 1025/332/69 1021/333/69 1009/334/69 1013/5/69
f 1014/167/70 1011/223/70 1015/320/70 1018/331/70
f 1010/50/71 1023/58/71 1029/63/71 1016/54/71
f 1026/164/72 1012/52/72 1020/169/72 1030/305/72
f 1019/107/73 1017/221/73 1028/219/73 1031/109/73
f 1032/163/74 1027/336/74 1022/206/74 1024/105/74
f 1049/332/69 1045/333/69 1033/334/69 1037/5/69
f 1038/167/70 1035/223/70 1039/320/70 1042/331/70
f 1034/50/71 1047/58/71 1053/63/71 1040/54/71
f 1050/164/72 1036/52/72 1044/169/72 1054/305/72
f 1043/107/73 1041/221/73 1052/219/73 1055/109/73
f 1056/163/74 1051/336/74 1046/206/74 1048/105/74
f 1073/332/69 1069/333/69 1057/334/69 1061/5/69
f 1062/167/70 1059/223/70 1063/320/70 1066/331/70
f 1058/50/71 1071/58/71 1077/63/71 1064/54/71
f 1074/164/72 1060/52/72 1068/169/72 1078/305/72
f 1067/107/73 1065/221/73 1076/219/73 1079/109/73
f 1080/163/74 1075/336/74 1070/206/74 1072/105/74
f 1097/332/69 1093/333/69 1081/334/69 1085/5/69
f 1086/167/70 1083/223/70 1087/320/70 1090/331/70
f 1082/50/71 1095/58/71 1101/63/71 1088/54/71
f 1098/164/72 1084/52/72 1092/169/72 1102/305/72
f 1091/107/73 1089/221/73 1100/219/73 1103/109/73
f 1104/163/74 1099/336/74 1094/206/74 1096/105/74
f 1121/332/69 1117/333/69 1105/334/69 1109/5/69
f 1110/215/70 1107/173/70 1111/307/70 1114/337/70
f 1106/64/71 1119/70/71 1125/74/71 1112/68/71
f 1122/172/72 1108/66/72 1116/176/72 1126/309/72
f 1115/107/73 1113/221/73 1124/219/73 1127/109/73
f 1128/171/74 1123/313/74 1118/207/74 1120/95/74
f 4583/338/70 4580/292/70 1129/339/70 1132/340/70
f 1133/107/73 1131/221/73 1136/219/73 1139/109/73
f 4579/181/71 4582/278/71 1137/75/71 1130/68/71
f 4577/177/72 4584/281/72 1134/280/72 1138/178/72
f 1140/197/74 1135/313/74 4581/186/74 4578/315/74
f 1146/189/70 1141/293/70 4659/292/70 4664/190/70
f 1152/184/69 1147/208/69 1142/97/69 1145/98/69
f 1143/26/71 1149/47/71 4661/282/71 4660/181/71
f 1150/18/72 1144/85/72 4663/284/72 4658/316/72
f 4657/290/74 4662/186/74 1148/100/74 1151/101/74
f 1169/184/69 1165/208/69 1153/97/69 1157/44/69
f 1158/210/70 1155/3/70 1159/299/70 1162/330/70
f 1154/26/71 1167/47/71 1173/40/71 1160/27/71
f 1170/18/72 1156/4/72 1164/161/72 1174/301/72
f 1163/86/73 1161/213/73 1172/211/73 1175/104/73
f 1176/209/74 1171/302/74 1166/204/74 1168/103/74
f 1193/184/69 1189/208/69 1177/97/69 1181/5/69
f 1182/210/70 1179/3/70 1183/299/70 1186/330/70
f 1178/26/71 1191/47/71 1197/40/71 1184/27/71
f 1194/18/72 1180/4/72 1188/161/72 1198/301/72
f 1187/86/73 1185/213/73 1196/211/73 1199/104/73
f 1200/209/74 1195/302/74 1190/204/74 1192/103/74
f 1217/184/69 1213/208/69 1201/97/69 1205/5/69
f 1206/210/70 1203/3/70 1207/299/70 1210/330/70
f 1202/26/71 1215/47/71 1221/40/71 1208/27/71
f 1218/18/72 1204/4/72 1212/161/72 1222/301/72
f 1211/86/73 1209/213/73 1220/211/73 1223/104/73
f 1224/209/74 1219/302/74 1214/204/74 1216/103/74
f 1241/184/69 1237/208/69 1225/97/69 1229/5/69
f 1230/167/70 1227/166/70 1231/299/70 1234/330/70
f 1226/50/71 1239/58/71 1245/40/71 1232/27/71
f 1242/164/72 1228/52/72 1236/161/72 1246/301/72
f 1235/86/73 1233/213/73 1244/200/73 1247/104/73
f 1248/209/74 1243/302/74 1238/206/74 1240/105/74
f 1265/184/69 1261/208/69 1249/97/69 1253/44/69
f 1254/167/70 1251/166/70 1255/303/70 1258/331/70
f 1250/50/71 1263/58/71 1269/63/71 1256/54/71
f 1266/164/72 1252/52/72 1260/169/72 1270/305/72
f 1259/86/73 1257/213/73 1268/211/73 1271/104/73
f 1272/214/74 1267/327/74 1262/206/74 1264/105/74
f 1289/184/69 1285/208/69 1273/97/69 1277/44/69
f 1278/167/70 1275/166/70 1279/303/70 1282/331/70
f 1274/50/71 1287/58/71 1293/63/71 1280/54/71
f 1290/164/72 1276/52/72 1284/169/72 1294/305/72
f 1283/86/73 1281/213/73 1292/211/73 1295/104/73
f 1296/214/74 1291/327/74 1286/206/74 1288/105/74
f 1313/184/69 1309/208/69 1297/97/69 1301/44/69
f 1302/167/70 1299/166/70 1303/303/70 1306/331/70
f 1298/50/71 1311/58/71 1317/63/71 1304/54/71
f 1314/164/72 1300/52/72 1308/169/72 1318/305/72
f 1307/86/73 1305/213/73 1316/211/73 1319/104/73
f 1320/214/74 1315/327/74 1310/206/74 1312/105/74
f 1337/184/69 1333/208/69 1321/97/69 1325/44/69
f 1326/215/70 1323/173/70 1327/303/70 1330/331/70
f 1322/64/71 1335/70/71 1341/63/71 1328/54/71
f 1338/172/72 1324/66/72 1332/169/72 1342/305/72
f 1331/86/73 1329/213/73 1340/211/73 1343/104/73
f 1344/214/74 1339/327/74 1334/175/74 1336/71/74
f 1361/184/69 1357/208/69 1345/97/69 1349/5/69
f 1350/215/70 1347/173/70 1351/307/70 1354/312/70
f 1346/64/71 1359/70/71 1365/74/71 1352/68/71
f 1362/172/72 1348/66/72 1356/176/72 1366/309/72
f 1355/86/73 1353/213/73 1364/211/73 1367/104/73
f 1368/171/74 1363/313/74 1358/175/74 1360/71/74
f 1385/184/69 1381/208/69 1369/97/69 1373/5/69
f 1374/210/70 1371/3/70 1375/324/70 1378/298/70
f 1370/26/71 1383/34/71 1389/94/71 1376/93/71
f 1386/18/72 1372/4/72 1380/12/72 1390/22/72
f 1379/86/73 1377/213/73 1388/200/73 1391/104/73
f 1392/224/74 1387/326/74 1382/204/74 1384/103/74
f 1409/184/69 1405/208/69 1393/97/69 1397/5/69
f 1398/210/70 1395/3/70 1399/299/70 1402/330/70
f 1394/26/71 1407/34/71 1413/40/71 1400/27/71
f 1410/18/72 1396/4/72 1404/161/72 1414/301/72
f 1403/86/73 1401/213/73 1412/200/73 1415/104/73
f 1416/209/74 1411/302/74 1406/204/74 1408/103/74
f 1433/184/69 1429/208/69 1417/97/69 1421/44/69
f 1422/210/70 1419/3/70 1423/299/70 1426/330/70
f 1418/26/71 1431/47/71 1437/40/71 1424/27/71
f 1434/18/72 1420/4/72 1428/161/72 1438/301/72
f 1427/86/73 1425/213/73 1436/211/73 1439/104/73
f 1440/209/74 1435/302/74 1430/204/74 1432/103/74
f 1457/184/69 1453/208/69 1441/97/69 1445/44/69
f 1446/210/70 1443/3/70 1447/299/70 1450/330/70
f 1442/26/71 1455/47/71 1461/40/71 1448/27/71
f 1458/18/72 1444/4/72 1452/161/72 1462/301/72
f 1451/86/73 1449/213/73 1460/211/73 1463/104/73
f 1464/209/74 1459/302/74 1454/204/74 1456/103/74
f 1481/184/69 1477/208/69 1465/97/69 1469/5/69
f 1470/167/70 1467/166/70 1471/303/70 1474/331/70
f 1466/50/71 1479/58/71 1485/63/71 1472/54/71
f 1482/164/72 1468/52/72 1476/169/72 1486/305/72
f 1475/86/73 1473/213/73 1484/200/73 1487/104/73
f 1488/214/74 1483/327/74 1478/206/74 1480/105/74
f 1505/184/69 1501/208/69 1489/97/69 1493/5/69
f 1494/167/70 1491/166/70 1495/303/70 1498/331/70
f 1490/50/71 1503/58/71 1509/63/71 1496/54/71
f 1506/164/72 1492/52/72 1500/169/72 1510/305/72
f 1499/86/73 1497/213/73 1508/200/73 1511/104/73
f 1512/214/74 1507/327/74 1502/206/74 1504/105/74
f 1529/184/69 1525/208/69 1513/97/69 1517/5/69
f 1518/167/70 1515/166/70 1519/303/70 1522/331/70
f 1514/50/71 1527/58/71 1533/63/71 1520/54/71
f 1530/164/72 1516/52/72 1524/169/72 1534/305/72
f 1523/86/73 1521/213/73 1532/200/73 1535/104/73
f 1536/214/74 1531/327/74 1526/206/74 1528/105/74
f 1553/184/69 1549/208/69 1537/97/69 1541/5/69
f 1542/167/70 1539/166/70 1543/303/70 1546/331/70
f 1538/50/71 1551/58/71 1557/63/71 1544/54/71
f 1554/164/72 1540/52/72 1548/169/72 1558/305/72
f 1547/86/73 1545/213/73 1556/200/73 1559/104/73
f 1560/214/74 1555/327/74 1550/206/74 1552/105/74
f 1577/184/69 1573/208/69 1561/97/69 1565/5/69
f 1566/215/70 1563/173/70 1567/307/70 1570/312/70
f 1562/64/71 1575/70/71 1581/74/71 1568/68/71
f 1578/172/72 1564/66/72 1572/176/72 1582/309/72
f 1571/86/73 1569/213/73 1580/200/73 1583/104/73
f 1584/171/74 1579/313/74 1574/175/74 1576/71/74
f 4591/190/70 4588/292/70 1585/307/70 1588/341/70
f 1589/86/73 1587/213/73 1592/211/73 1595/104/73
f 4587/181/71 4590/278/71 1593/75/71 1586/68/71
f 4585/177/72 4592/281/72 1590/280/72 1594/178/72
f 1596/342/74 1591/313/74 4589/186/74 4586/290/74
f 1602/189/70 1597/293/70 4667/292/70 4672/190/70
f 1608/184/69 1603/208/69 1598/97/69 1601/98/69
f 1599/26/71 1605/47/71 4669/282/71 4668/181/71
f 1606/18/72 1600/85/72 4671/284/72 4666/316/72
f 4665/290/74 4670/186/74 1604/100/74 1607/101/74
f 1625/184/69 1621/208/69 1609/97/69 1613/44/69
f 1614/210/70 1611/3/70 1615/299/70 1618/330/70
f 1610/26/71 1623/47/71 1629/40/71 1616/27/71
f 1626/18/72 1612/4/72 1620/161/72 1630/301/72
f 1619/86/73 1617/213/73 1628/211/73 1631/104/73
f 1632/209/74 1627/302/74 1622/204/74 1624/103/74
f 1649/184/69 1645/208/69 1633/97/69 1637/5/69
f 1638/210/70 1635/3/70 1639/299/70 1642/330/70
f 1634/26/71 1647/47/71 1653/40/71 1640/27/71
f 1650/18/72 1636/4/72 1644/161/72 1654/301/72
f 1643/86/73 1641/213/73 1652/211/73 1655/104/73
f 1656/209/74 1651/302/74 1646/204/74 1648/103/74
f 1673/184/69 1669/208/69 1657/97/69 1661/5/69
f 1662/210/70 1659/3/70 1663/299/70 1666/330/70
f 1658/26/71 1671/47/71 1677/40/71 1664/27/71
f 1674/18/72 1660/4/72 1668/161/72 1678/301/72
f 1667/86/73 1665/213/73 1676/211/73 1679/104/73
f 1680/209/74 1675/302/74 1670/204/74 1672/103/74
f 1697/184/69 1693/208/69 1681/97/69 1685/5/69
f 1686/167/70 1683/166/70 1687/299/70 1690/330/70
f 1682/50/71 1695/58/71 1701/40/71 1688/27/71
f 1698/164/72 1684/52/72 1692/161/72 1702/301/72
f 1691/86/73 1689/213/73 1700/200/73 1703/104/73
f 1704/209/74 1699/302/74 1694/206/74 1696/105/74
f 1721/184/69 1717/208/69 1705/97/69 1709/44/69
f 1710/167/70 1707/166/70 1711/303/70 1714/331/70
f 1706/50/71 1719/58/71 1725/63/71 1712/54/71
f 1722/164/72 1708/52/72 1716/169/72 1726/305/72
f 1715/86/73 1713/213/73 1724/211/73 1727/104/73
f 1728/214/74 1723/327/74 1718/206/74 1720/105/74
f 1745/184/69 1741/208/69 1729/97/69 1733/44/69
f 1734/167/70 1731/166/70 1735/303/70 1738/331/70
f 1730/50/71 1743/58/71 1749/63/71 1736/54/71
f 1746/164/72 1732/52/72 1740/169/72 1750/305/72
f 1739/86/73 1737/213/73 1748/211/73 1751/104/73
f 1752/214/74 1747/327/74 1742/206/74 1744/105/74
f 1769/184/69 1765/208/69 1753/97/69 1757/44/69
f 1758/167/70 1755/166/70 1759/303/70 1762/331/70
f 1754/50/71 1767/58/71 1773/63/71 1760/54/71
f 1770/164/72 1756/52/72 1764/169/72 1774/305/72
f 1763/86/73 1761/213/73 1772/211/73 1775/104/73
f 1776/214/74 1771/327/74 1766/206/74 1768/105/74
f 1793/184/69 1789/208/69 1777/97/69 1781/44/69
f 1782/215/70 1779/173/70 1783/303/70 1786/331/70
f 1778/64/71 1791/70/71 1797/63/71 1784/54/71
f 1794/172/72 1780/66/72 1788/169/72 1798/305/72
f 1787/86/73 1785/213/73 1796/211/73 1799/104/73
f 1800/214/74 1795/327/74 1790/175/74 1792/71/74
f 1817/184/69 1813/208/69 1801/97/69 1805/5/69
f 1806/215/70 1803/173/70 1807/307/70 1810/312/70
f 1802/64/71 1815/70/71 1821/74/71 1808/68/71
f 1818/172/72 1804/66/72 1812/176/72 1822/309/72
f 1811/86/73 1809/213/73 1820/211/73 1823/104/73
f 1824/171/74 1819/313/74 1814/175/74 1816/71/74
f 1841/343/69 1837/323/69 1825/97/69 1829/110/69
f 1830/226/70 1827/3/70 1831/324/70 1834/344/70
f 1826/26/71 1839/34/71 1845/94/71 1832/93/71
f 1842/18/72 1828/4/72 1836/12/72 1846/22/72
f 1835/112/73 1833/229/73 1844/227/73 1847/115/73
f 1848/225/74 1843/19/74 1838/204/74 1840/113/74
f 1865/343/69 1861/323/69 1849/97/69 1853/110/69
f 1854/226/70 1851/3/70 1855/317/70 1858/345/70
f 1850/26/71 1863/34/71 1869/40/71 1856/27/71
f 1866/18/72 1852/4/72 1860/161/72 1870/301/72
f 1859/112/73 1857/229/73 1868/227/73 1871/115/73
f 1872/231/74 1867/319/74 1862/204/74 1864/113/74
f 1889/343/69 1885/323/69 1873/97/69 1877/110/69
f 1878/226/70 1875/3/70 1879/317/70 1882/345/70
f 1874/26/71 1887/34/71 1893/40/71 1880/27/71
f 1890/18/72 1876/4/72 1884/161/72 1894/301/72
f 1883/112/73 1881/229/73 1892/227/73 1895/115/73
f 1896/231/74 1891/319/74 1886/204/74 1888/113/74
f 1913/343/69 1909/323/69 1897/97/69 1901/110/69
f 1902/226/70 1899/3/70 1903/317/70 1906/345/70
f 1898/26/71 1911/34/71 1917/40/71 1904/27/71
f 1914/18/72 1900/4/72 1908/161/72 1918/301/72
f 1907/112/73 1905/229/73 1916/227/73 1919/115/73
f 1920/231/74 1915/319/74 1910/204/74 1912/113/74
f 1937/343/69 1933/323/69 1921/97/69 1925/110/69
f 1926/233/70 1923/166/70 1927/320/70 1930/346/70
f 1922/50/71 1935/58/71 1941/63/71 1928/54/71
f 1938/164/72 1924/52/72 1932/169/72 1942/305/72
f 1931/112/73 1929/229/73 1940/227/73 1943/115/73
f 1944/232/74 1939/327/74 1934/234/74 1936/117/74
f 1961/343/69 1957/323/69 1945/97/69 1949/110/69
f 1950/233/70 1947/166/70 1951/320/70 1954/346/70
f 1946/50/71 1959/58/71 1965/63/71 1952/54/71
f 1962/164/72 1948/52/72 1956/169/72 1966/305/72
f 1955/112/73 1953/229/73 1964/227/73 1967/115/73
f 1968/232/74 1963/327/74 1958/234/74 1960/117/74
f 1985/343/69 1981/323/69 1969/97/69 1973/110/69
f 1974/233/70 1971/166/70 1975/320/70 1978/346/70
f 1970/50/71 1983/58/71 1989/63/71 1976/54/71
f 1986/164/72 1972/52/72 1980/169/72 1990/305/72
f 1979/112/73 1977/229/73 1988/227/73 1991/115/73
f 1992/232/74 1987/327/74 1982/234/74 1984/117/74
f 2009/343/69 2005/323/69 1993/97/69 1997/110/69
f 1998/233/70 1995/166/70 1999/320/70 2002/346/70
f 1994/50/71 2007/58/71 2013/63/71 2000/54/71
f 2010/164/72 1996/52/72 2004/169/72 2014/305/72
f 2003/112/73 2001/229/73 2012/227/73 2015/115/73
f 2016/232/74 2011/327/74 2006/234/74 2008/117/74
f 2033/343/69 2029/323/69 2017/97/69 2021/110/69
f 2022/196/70 2019/235/70 2023/307/70 2026/347/70
f 2018/64/71 2031/70/71 2037/74/71 2024/68/71
f 2034/172/72 2020/66/72 2028/176/72 2038/309/72
f 2027/112/73 2025/229/73 2036/227/73 2039/115/73
f 2040/197/74 2035/348/74 2030/175/74 2032/118/74
f 4599/349/70 4596/292/70 2041/339/70 2044/322/70
f 2045/112/73 2043/229/73 2048/227/73 2051/115/73
f 4595/181/71 4598/282/71 2049/120/71 2042/119/71
f 4593/177/72 4600/284/72 2046/283/72 2050/236/72
f 2052/272/74 2047/348/74 4597/350/74 4594/315/74
f 2058/189/70 2053/293/70 4675/292/70 4680/190/70
f 2064/184/69 2059/208/69 2054/97/69 2057/98/69
f 2055/26/71 2061/47/71 4677/282/71 4676/181/71
f 2062/18/72 2056/5/72 4679/284/72 4674/177/72
f 4673/290/74 4678/186/74 2060/100/74 2063/101/74
f 2081/184/69 2077/208/69 2065/97/69 2069/5/69
f 2070/210/70 2067/3/70 2071/299/70 2074/330/70
f 2066/26/71 2079/34/71 2085/40/71 2072/27/71
f 2082/18/72 2068/4/72 2076/161/72 2086/301/72
f 2075/86/73 2073/213/73 2084/200/73 2087/104/73
f 2088/209/74 2083/302/74 2078/204/74 2080/103/74
f 2105/184/69 2101/208/69 2089/97/69 2093/44/69
f 2094/210/70 2091/3/70 2095/299/70 2098/330/70
f 2090/26/71 2103/47/71 2109/40/71 2096/27/71
f 2106/18/72 2092/4/72 2100/161/72 2110/301/72
f 2099/86/73 2097/213/73 2108/211/73 2111/104/73
f 2112/209/74 2107/302/74 2102/204/74 2104/103/74
f 2129/184/69 2125/208/69 2113/97/69 2117/44/69
f 2118/210/70 2115/3/70 2119/299/70 2122/330/70
f 2114/26/71 2127/47/71 2133/40/71 2120/27/71
f 2130/18/72 2116/4/72 2124/161/72 2134/301/72
f 2123/86/73 2121/213/73 2132/211/73 2135/104/73
f 2136/209/74 2131/302/74 2126/204/74 2128/103/74
f 2153/184/69 2149/208/69 2137/97/69 2141/5/69
f 2142/167/70 2139/166/70 2143/299/70 2146/330/70
f 2138/50/71 2151/58/71 2157/40/71 2144/27/71
f 2154/164/72 2140/52/72 2148/161/72 2158/301/72
f 2147/86/73 2145/213/73 2156/200/73 2159/104/73
f 2160/209/74 2155/302/74 2150/206/74 2152/105/74
f 2177/184/69 2173/208/69 2161/97/69 2165/5/69
f 2166/167/70 2163/166/70 2167/303/70 2170/331/70
f 2162/50/71 2175/58/71 2181/63/71 2168/54/71
f 2178/164/72 2164/52/72 2172/169/72 2182/305/72
f 2171/86/73 2169/213/73 2180/200/73 2183/104/73
f 2184/214/74 2179/327/74 2174/206/74 2176/105/74
f 2201/184/69 2197/208/69 2185/97/69 2189/5/69
f 2190/167/70 2187/166/70 2191/303/70 2194/331/70
f 2186/50/71 2199/58/71 2205/63/71 2192/54/71
f 2202/164/72 2188/52/72 2196/169/72 2206/305/72
f 2195/86/73 2193/213/73 2204/200/73 2207/104/73
f 2208/214/74 2203/327/74 2198/206/74 2200/105/74
f 2225/184/69 2221/208/69 2209/97/69 2213/5/69
f 2214/167/70 2211/166/70 2215/303/70 2218/331/70
f 2210/50/71 2223/58/71 2229/63/71 2216/54/71
f 2226/164/72 2212/52/72 2220/169/72 2230/305/72
f 2219/86/73 2217/213/73 2228/200/73 2231/104/73
f 2232/214/74 2227/327/74 2222/206/74 2224/105/74
f 2249/184/69 2245/208/69 2233/97/69 2237/5/69
f 2238/215/70 2235/173/70 2239/303/70 2242/331/70
f 2234/64/71 2247/70/71 2253/63/71 2240/54/71
f 2250/172/72 2236/66/72 2244/169/72 2254/305/72
f 2243/86/73 2241/213/73 2252/200/73 2255/104/73
f 2256/214/74 2251/327/74 2246/175/74 2248/71/74
f 2273/184/69 2269/208/69 2257/97/69 2261/44/69
f 2262/215/70 2259/173/70 2263/307/70 2266/312/70
f 2258/64/71 2271/70/71 2277/74/71 2264/68/71
f 2274/172/72 2260/66/72 2268/176/72 2278/309/72
f 2267/86/73 2265/213/73 2276/211/73 2279/104/73
f 2280/171/74 2275/313/74 2270/175/74 2272/71/74
f 2297/184/69 2293/208/69 2281/97/69 2285/5/69
f 2286/210/70 2283/3/70 2287/324/70 2290/298/70
f 2282/26/71 2295/34/71 2301/122/71 2288/93/71
f 2298/18/72 2284/4/72 2292/12/72 2302/22/72
f 2291/86/73 2289/213/73 2300/200/73 2303/104/73
f 2304/224/74 2299/326/74 2294/204/74 2296/103/74
f 2321/184/69 2317/208/69 2305/97/69 2309/5/69
f 2310/210/70 2307/3/70 2311/299/70 2314/330/70
f 2306/26/71 2319/34/71 2325/40/71 2312/27/71
f 2322/18/72 2308/4/72 2316/161/72 2326/301/72
f 2315/86/73 2313/213/73 2324/200/73 2327/104/73
f 2328/209/74 2323/302/74 2318/204/74 2320/103/74
f 2345/184/69 2341/208/69 2329/97/69 2333/5/69
f 2334/210/70 2331/3/70 2335/299/70 2338/330/70
f 2330/26/71 2343/34/71 2349/40/71 2336/27/71
f 2346/18/72 2332/4/72 2340/161/72 2350/301/72
f 2339/86/73 2337/213/73 2348/200/73 2351/104/73
f 2352/209/74 2347/302/74 2342/204/74 2344/103/74
f 2369/184/69 2365/208/69 2353/97/69 2357/5/69
f 2358/210/70 2355/3/70 2359/299/70 2362/330/70
f 2354/26/71 2367/34/71 2373/40/71 2360/27/71
f 2370/18/72 2356/4/72 2364/161/72 2374/301/72
f 2363/86/73 2361/213/73 2372/200/73 2375/104/73
f 2376/209/74 2371/302/74 2366/204/74 2368/103/74
f 2393/184/69 2389/208/69 2377/97/69 2381/5/69
f 2382/167/70 2379/166/70 2383/303/70 2386/331/70
f 2378/50/71 2391/58/71 2397/63/71 2384/54/71
f 2394/164/72 2380/52/72 2388/169/72 2398/305/72
f 2387/86/73 2385/213/73 2396/200/73 2399/104/73
f 2400/214/74 2395/327/74 2390/206/74 2392/105/74
f 2417/184/69 2413/208/69 2401/97/69 2405/5/69
f 2406/167/70 2403/166/70 2407/303/70 2410/331/70
f 2402/50/71 2415/58/71 2421/63/71 2408/54/71
f 2418/164/72 2404/52/72 2412/169/72 2422/305/72
f 2411/86/73 2409/213/73 2420/200/73 2423/104/73
f 2424/214/74 2419/327/74 2414/206/74 2416/105/74
f 2441/184/69 2437/208/69 2425/97/69 2429/5/69
f 2430/167/70 2427/166/70 2431/303/70 2434/331/70
f 2426/50/71 2439/58/71 2445/63/71 2432/54/71
f 2442/164/72 2428/52/72 2436/169/72 2446/305/72
f 2435/86/73 2433/213/73 2444/200/73 2447/104/73
f 2448/214/74 2443/327/74 2438/206/74 2440/105/74
f 2465/184/69 2461/208/69 2449/97/69 2453/5/69
f 2454/167/70 2451/166/70 2455/303/70 2458/331/70
f 2450/50/71 2463/58/71 2469/63/71 2456/54/71
f 2466/164/72 2452/52/72 2460/169/72 2470/305/72
f 2459/86/73 2457/213/73 2468/200/73 2471/104/73
f 2472/214/74 2467/327/74 2462/206/74 2464/105/74
f 2489/184/69 2485/208/69 2473/97/69 2477/5/69
f 2478/215/70 2475/173/70 2479/307/70 2482/312/70
f 2474/64/71 2487/70/71 2493/74/71 2480/68/71
f 2490/172/72 2476/66/72 2484/176/72 2494/309/72
f 2483/86/73 2481/213/73 2492/200/73 2495/104/73
f 2496/171/74 2491/313/74 2486/175/74 2488/71/74
f 4607/190/70 4604/292/70 2497/307/70 2500/341/70
f 2501/86/73 2499/213/73 2504/200/73 2507/104/73
f 4603/181/71 4606/282/71 2505/120/71 2498/119/71
f 4601/177/72 4608/284/72 2502/283/72 2506/236/72
f 2508/342/74 2503/313/74 4605/186/74 4602/290/74
f 2514/189/70 2509/293/70 4683/292/70 4688/190/70
f 2520/184/69 2515/208/69 2510/97/69 2513/98/69
f 2511/26/71 2517/47/71 4685/282/71 4684/181/71
f 2518/18/72 2512/85/72 4687/284/72 4682/177/72
f 4681/290/74 4686/186/74 2516/100/74 2519/101/74
f 2537/184/69 2533/208/69 2521/97/69 2525/5/69
f 2526/210/70 2523/3/70 2527/299/70 2530/330/70
f 2522/26/71 2535/34/71 2541/40/71 2528/27/71
f 2538/18/72 2524/4/72 2532/161/72 2542/301/72
f 2531/86/73 2529/213/73 2540/200/73 2543/104/73
f 2544/209/74 2539/302/74 2534/204/74 2536/103/74
f 2561/184/69 2557/208/69 2545/97/69 2549/44/69
f 2550/210/70 2547/3/70 2551/299/70 2554/330/70
f 2546/26/71 2559/47/71 2565/40/71 2552/27/71
f 2562/18/72 2548/4/72 2556/161/72 2566/301/72
f 2555/86/73 2553/213/73 2564/211/73 2567/104/73
f 2568/209/74 2563/302/74 2558/204/74 2560/103/74
f 2585/184/69 2581/208/69 2569/97/69 2573/44/69
f 2574/210/70 2571/3/70 2575/299/70 2578/330/70
f 2570/26/71 2583/47/71 2589/40/71 2576/27/71
f 2586/18/72 2572/4/72 2580/161/72 2590/301/72
f 2579/86/73 2577/213/73 2588/211/73 2591/104/73
f 2592/209/74 2587/302/74 2582/204/74 2584/103/74
f 2609/184/69 2605/208/69 2593/97/69 2597/5/69
f 2598/167/70 2595/166/70 2599/299/70 2602/330/70
f 2594/50/71 2607/58/71 2613/40/71 2600/27/71
f 2610/164/72 2596/52/72 2604/161/72 2614/301/72
f 2603/86/73 2601/213/73 2612/200/73 2615/104/73
f 2616/209/74 2611/302/74 2606/206/74 2608/105/74
f 2633/184/69 2629/208/69 2617/97/69 2621/5/69
f 2622/167/70 2619/166/70 2623/303/70 2626/331/70
f 2618/50/71 2631/58/71 2637/63/71 2624/54/71
f 2634/164/72 2620/52/72 2628/169/72 2638/305/72
f 2627/86/73 2625/213/73 2636/200/73 2639/104/73
f 2640/214/74 2635/327/74 2630/206/74 2632/105/74
f 2657/184/69 2653/208/69 2641/97/69 2645/5/69
f 2646/167/70 2643/166/70 2647/303/70 2650/331/70
f 2642/50/71 2655/58/71 2661/63/71 2648/54/71
f 2658/164/72 2644/52/72 2652/169/72 2662/305/72
f 2651/86/73 2649/213/73 2660/200/73 2663/104/73
f 2664/214/74 2659/327/74 2654/206/74 2656/105/74
f 2681/184/69 2677/208/69 2665/97/69 2669/5/69
f 2670/167/70 2667/166/70 2671/303/70 2674/331/70
f 2666/50/71 2679/58/71 2685/63/71 2672/54/71
f 2682/164/72 2668/52/72 2676/169/72 2686/305/72
f 2675/86/73 2673/213/73 2684/200/73 2687/104/73
f 2688/214/74 2683/327/74 2678/206/74 2680/105/74
f 2705/184/69 2701/208/69 2689/97/69 2693/5/69
f 2694/215/70 2691/173/70 2695/303/70 2698/331/70
f 2690/64/71 2703/70/71 2709/63/71 2696/54/71
f 2706/172/72 2692/66/72 2700/169/72 2710/305/72
f 2699/86/73 2697/213/73 2708/200/73 2711/104/73
f 2712/214/74 2707/327/74 2702/175/74 2704/71/74
f 2729/184/69 2725/208/69 2713/97/69 2717/44/69
f 2718/215/70 2715/173/70 2719/307/70 2722/312/70
f 2714/64/71 2727/70/71 2733/74/71 2720/68/71
f 2730/172/72 2716/66/72 2724/176/72 2734/309/72
f 2723/86/73 2721/213/73 2732/211/73 2735/104/73
f 2736/171/74 2731/313/74 2726/175/74 2728/71/74
f 2753/184/69 2749/208/69 2737/97/69 2741/5/69
f 2742/210/70 2739/3/70 2743/324/70 2746/298/70
f 2738/26/71 2751/34/71 2757/122/71 2744/93/71
f 2754/18/72 2740/4/72 2748/12/72 2758/22/72
f 2747/86/73 2745/213/73 2756/200/73 2759/104/73
f 2760/224/74 2755/326/74 2750/204/74 2752/103/74
f 2777/184/69 2773/208/69 2761/97/69 2765/5/69
f 2766/210/70 2763/3/70 2767/299/70 2770/330/70
f 2762/26/71 2775/34/71 2781/40/71 2768/27/71
f 2778/18/72 2764/4/72 2772/161/72 2782/301/72
f 2771/86/73 2769/213/73 2780/200/73 2783/104/73
f 2784/209/74 2779/302/74 2774/204/74 2776/103/74
f 2801/184/69 2797/208/69 2785/97/69 2789/5/69
f 2790/210/70 2787/3/70 2791/299/70 2794/330/70
f 2786/26/71 2799/34/71 2805/40/71 2792/27/71
f 2802/18/72 2788/4/72 2796/161/72 2806/301/72
f 2795/86/73 2793/213/73 2804/200/73 2807/104/73
f 2808/209/74 2803/302/74 2798/204/74 2800/103/74
f 2825/184/69 2821/208/69 2809/97/69 2813/5/69
f 2814/210/70 2811/3/70 2815/299/70 2818/330/70
f 2810/26/71 2823/34/71 2829/40/71 2816/27/71
f 2826/18/72 2812/4/72 2820/161/72 2830/301/72
f 2819/86/73 2817/213/73 2828/200/73 2831/104/73
f 2832/209/74 2827/302/74 2822/204/74 2824/103/74
f 2849/184/69 2845/208/69 2833/97/69 2837/5/69
f 2838/167/70 2835/166/70 2839/303/70 2842/331/70
f 2834/50/71 2847/58/71 2853/63/71 2840/54/71
f 2850/164/72 2836/52/72 2844/169/72 2854/305/72
f 2843/86/73 2841/213/73 2852/200/73 2855/104/73
f 2856/214/74 2851/327/74 2846/206/74 2848/105/74
f 2873/184/69 2869/208/69 2857/97/69 2861/5/69
f 2862/167/70 2859/166/70 2863/303/70 2866/331/70
f 2858/50/71 2871/58/71 2877/63/71 2864/54/71
f 2874/164/72 2860/52/72 2868/169/72 2878/305/72
f 2867/86/73 2865/213/73 2876/200/73 2879/104/73
f 2880/214/74 2875/327/74 2870/206/74 2872/105/74
f 2897/184/69 2893/208/69 2881/97/69 2885/5/69
f 2886/167/70 2883/166/70 2887/303/70 2890/331/70
f 2882/50/71 2895/58/71 2901/63/71 2888/54/71
f 2898/164/72 2884/52/72 2892/169/72 2902/305/72
f 2891/86/73 2889/213/73 2900/200/73 2903/104/73
f 2904/214/74 2899/327/74 2894/206/74 2896/105/74
f 2921/184/69 2917/208/69 2905/97/69 2909/5/69
f 2910/167/70 2907/166/70 2911/303/70 2914/331/70
f 2906/50/71 2919/58/71 2925/63/71 2912/54/71
f 2922/164/72 2908/52/72 2916/169/72 2926/305/72
f 2915/86/73 2913/213/73 2924/200/73 2927/104/73
f 2928/214/74 2923/327/74 2918/206/74 2920/105/74
f 2945/184/69 2941/208/69 2929/97/69 2933/5/69
f 2934/215/70 2931/173/70 2935/307/70 2938/312/70
f 2930/64/71 2943/70/71 2949/74/71 2936/68/71
f 2946/172/72 2932/66/72 2940/176/72 2950/309/72
f 2939/86/73 2937/213/73 2948/200/73 2951/104/73
f 2952/171/74 2947/313/74 2942/175/74 2944/71/74
f 4615/190/70 4612/292/70 2953/307/70 2956/341/70
f 2957/86/73 2955/213/73 2960/200/73 2963/104/73
f 4611/181/71 4614/282/71 2961/120/71 2954/119/71
f 4609/177/72 4616/284/72 2958/283/72 2962/236/72
f 2964/342/74 2959/313/74 4613/186/74 4610/290/74
f 2970/189/70 2965/293/70 4691/292/70 4696/190/70
f 2976/184/69 2971/208/69 2966/97/69 2969/98/69
f 2967/26/71 2973/47/71 4693/282/71 4692/181/71
f 2974/18/72 2968/85/72 4695/284/72 4690/177/72
f 4689/290/74 4694/186/74 2972/100/74 2975/101/74
f 2993/184/69 2989/208/69 2977/97/69 2981/5/69
f 2982/210/70 2979/3/70 2983/299/70 2986/330/70
f 2978/26/71 2991/34/71 2997/40/71 2984/27/71
f 2994/18/72 2980/4/72 2988/161/72 2998/301/72
f 2987/86/73 2985/213/73 2996/200/73 2999/104/73
f 3000/209/74 2995/302/74 2990/204/74 2992/103/74
f 3017/184/69 3013/208/69 3001/97/69 3005/44/69
f 3006/210/70 3003/3/70 3007/299/70 3010/330/70
f 3002/26/71 3015/47/71 3021/40/71 3008/27/71
f 3018/18/72 3004/4/72 3012/161/72 3022/301/72
f 3011/86/73 3009/213/73 3020/211/73 3023/104/73
f 3024/209/74 3019/302/74 3014/204/74 3016/103/74
f 3041/184/69 3037/208/69 3025/97/69 3029/44/69
f 3030/210/70 3027/3/70 3031/299/70 3034/330/70
f 3026/26/71 3039/47/71 3045/40/71 3032/27/71
f 3042/18/72 3028/4/72 3036/161/72 3046/301/72
f 3035/86/73 3033/213/73 3044/211/73 3047/104/73
f 3048/209/74 3043/302/74 3038/204/74 3040/103/74
f 3065/184/69 3061/208/69 3049/97/69 3053/5/69
f 3054/167/70 3051/166/70 3055/299/70 3058/330/70
f 3050/50/71 3063/58/71 3069/40/71 3056/27/71
f 3066/164/72 3052/52/72 3060/161/72 3070/301/72
f 3059/86/73 3057/213/73 3068/200/73 3071/104/73
f 3072/209/74 3067/302/74 3062/206/74 3064/105/74
f 3089/184/69 3085/208/69 3073/97/69 3077/5/69
f 3078/167/70 3075/166/70 3079/303/70 3082/331/70
f 3074/50/71 3087/58/71 3093/63/71 3080/54/71
f 3090/164/72 3076/52/72 3084/169/72 3094/305/72
f 3083/86/73 3081/213/73 3092/200/73 3095/104/73
f 3096/214/74 3091/327/74 3086/206/74 3088/105/74
f 3113/184/69 3109/208/69 3097/97/69 3101/5/69
f 3102/167/70 3099/166/70 3103/303/70 3106/331/70
f 3098/50/71 3111/58/71 3117/63/71 3104/54/71
f 3114/164/72 3100/52/72 3108/169/72 3118/305/72
f 3107/86/73 3105/213/73 3116/200/73 3119/104/73
f 3120/214/74 3115/327/74 3110/206/74 3112/105/74
f 3137/184/69 3133/208/69 3121/97/69 3125/5/69
f 3126/167/70 3123/166/70 3127/303/70 3130/331/70
f 3122/50/71 3135/58/71 3141/63/71 3128/54/71
f 3138/164/72 3124/52/72 3132/169/72 3142/305/72
f 3131/86/73 3129/213/73 3140/200/73 3143/104/73
f 3144/214/74 3139/327/74 3134/206/74 3136/105/74
f 3161/184/69 3157/208/69 3145/97/69 3149/5/69
f 3150/215/70 3147/173/70 3151/303/70 3154/331/70
f 3146/64/71 3159/70/71 3165/63/71 3152/54/71
f 3162/172/72 3148/66/72 3156/169/72 3166/305/72
f 3155/86/73 3153/213/73 3164/200/73 3167/104/73
f 3168/214/74 3163/327/74 3158/175/74 3160/71/74
f 3185/184/69 3181/208/69 3169/97/69 3173/44/69
f 3174/215/70 3171/173/70 3175/307/70 3178/312/70
f 3170/64/71 3183/70/71 3189/74/71 3176/68/71
f 3186/172/72 3172/66/72 3180/176/72 3190/309/72
f 3179/86/73 3177/213/73 3188/211/73 3191/104/73
f 3192/171/74 3187/313/74 3182/175/74 3184/71/74
f 3209/184/69 3205/208/69 3193/97/69 3197/5/69
f 3198/210/70 3195/3/70 3199/324/70 3202/298/70
f 3194/26/71 3207/34/71 3213/122/71 3200/93/71
f 3210/18/72 3196/4/72 3204/12/72 3214/22/72
f 3203/86/73 3201/213/73 3212/200/73 3215/104/73
f 3216/224/74 3211/326/74 3206/204/74 3208/103/74
f 3233/184/69 3229/208/69 3217/97/69 3221/5/69
f 3222/210/70 3219/3/70 3223/299/70 3226/330/70
f 3218/26/71 3231/34/71 3237/40/71 3224/27/71
f 3234/18/72 3220/4/72 3228/161/72 3238/301/72
f 3227/86/73 3225/213/73 3236/200/73 3239/104/73
f 3240/209/74 3235/302/74 3230/204/74 3232/103/74
f 3257/184/69 3253/208/69 3241/97/69 3245/5/69
f 3246/210/70 3243/3/70 3247/299/70 3250/330/70
f 3242/26/71 3255/34/71 3261/40/71 3248/27/71
f 3258/18/72 3244/4/72 3252/161/72 3262/301/72
f 3251/86/73 3249/213/73 3260/200/73 3263/104/73
f 3264/209/74 3259/302/74 3254/204/74 3256/103/74
f 3281/184/69 3277/208/69 3265/97/69 3269/5/69
f 3270/210/70 3267/3/70 3271/299/70 3274/330/70
f 3266/26/71 3279/34/71 3285/40/71 3272/27/71
f 3282/18/72 3268/4/72 3276/161/72 3286/301/72
f 3275/86/73 3273/213/73 3284/200/73 3287/104/73
f 3288/209/74 3283/302/74 3278/204/74 3280/103/74
f 3305/184/69 3301/208/69 3289/97/69 3293/5/69
f 3294/167/70 3291/166/70 3295/303/70 3298/331/70
f 3290/50/71 3303/58/71 3309/63/71 3296/54/71
f 3306/164/72 3292/52/72 3300/169/72 3310/305/72
f 3299/86/73 3297/213/73 3308/200/73 3311/104/73
f 3312/214/74 3307/327/74 3302/206/74 3304/105/74
f 3329/184/69 3325/208/69 3313/97/69 3317/5/69
f 3318/167/70 3315/166/70 3319/303/70 3322/331/70
f 3314/50/71 3327/58/71 3333/63/71 3320/54/71
f 3330/164/72 3316/52/72 3324/169/72 3334/305/72
f 3323/86/73 3321/213/73 3332/200/73 3335/104/73
f 3336/214/74 3331/327/74 3326/206/74 3328/105/74
f 3353/184/69 3349/208/69 3337/97/69 3341/5/69
f 3342/167/70 3339/166/70 3343/303/70 3346/331/70
f 3338/50/71 3351/58/71 3357/63/71 3344/54/71
f 3354/164/72 3340/52/72 3348/169/72 3358/305/72
f 3347/86/73 3345/213/73 3356/200/73 3359/104/73
f 3360/214/74 3355/327/74 3350/206/74 3352/105/74
f 3377/184/69 3373/208/69 3361/97/69 3365/5/69
f 3366/167/70 3363/166/70 3367/303/70 3370/331/70
f 3362/50/71 3375/58/71 3381/63/71 3368/54/71
f 3378/164/72 3364/52/72 3372/169/72 3382/305/72
f 3371/86/73 3369/213/73 3380/200/73 3383/104/73
f 3384/214/74 3379/327/74 3374/206/74 3376/105/74
f 3401/184/69 3397/208/69 3385/97/69 3389/5/69
f 3390/215/70 3387/173/70 3391/307/70 3394/312/70
f 3386/64/71 3399/70/71 3405/74/71 3392/68/71
f 3402/172/72 3388/66/72 3396/176/72 3406/309/72
f 3395/86/73 3393/213/73 3404/200/73 3407/104/73
f 3408/171/74 3403/313/74 3398/175/74 3400/71/74
f 4623/190/70 4620/292/70 3409/307/70 3412/341/70
f 3413/86/73 3411/213/73 3416/200/73 3419/104/73
f 4619/181/71 4622/282/71 3417/120/71 3410/119/71
f 4617/177/72 4624/284/72 3414/283/72 3418/236/72
f 3420/342/74 3415/313/74 4621/186/74 4618/290/74
f 3426/189/70 3421/293/70 4699/292/70 4704/190/70
f 3432/184/69 3427/208/69 3422/97/69 3425/98/69
f 3423/26/71 3429/47/71 4701/282/71 4700/181/71
f 3430/18/72 3424/85/72 4703/284/72 4698/177/72
f 4697/290/74 4702/186/74 3428/100/74 3431/101/74
f 3449/184/69 3445/208/69 3433/97/69 3437/5/69
f 3438/210/70 3435/3/70 3439/299/70 3442/330/70
f 3434/26/71 3447/34/71 3453/40/71 3440/27/71
f 3450/18/72 3436/4/72 3444/161/72 3454/301/72
f 3443/86/73 3441/213/73 3452/200/73 3455/104/73
f 3456/209/74 3451/302/74 3446/204/74 3448/103/74
f 3473/184/69 3469/208/69 3457/97/69 3461/44/69
f 3462/210/70 3459/3/70 3463/299/70 3466/330/70
f 3458/26/71 3471/47/71 3477/40/71 3464/27/71
f 3474/18/72 3460/4/72 3468/161/72 3478/301/72
f 3467/86/73 3465/213/73 3476/211/73 3479/104/73
f 3480/209/74 3475/302/74 3470/204/74 3472/103/74
f 3497/184/69 3493/208/69 3481/97/69 3485/44/69
f 3486/210/70 3483/3/70 3487/299/70 3490/330/70
f 3482/26/71 3495/47/71 3501/40/71 3488/27/71
f 3498/18/72 3484/4/72 3492/161/72 3502/301/72
f 3491/86/73 3489/213/73 3500/211/73 3503/104/73
f 3504/209/74 3499/302/74 3494/204/74 3496/103/74
f 3521/184/69 3517/208/69 3505/97/69 3509/5/69
f 3510/167/70 3507/166/70 3511/299/70 3514/330/70
f 3506/50/71 3519/58/71 3525/40/71 3512/27/71
f 3522/164/72 3508/52/72 3516/161/72 3526/301/72
f 3515/86/73 3513/213/73 3524/200/73 3527/104/73
f 3528/209/74 3523/302/74 3518/206/74 3520/105/74
f 3545/184/69 3541/208/69 3529/97/69 3533/5/69
f 3534/167/70 3531/166/70 3535/303/70 3538/331/70
f 3530/50/71 3543/58/71 3549/63/71 3536/54/71
f 3546/164/72 3532/52/72 3540/169/72 3550/305/72
f 3539/86/73 3537/213/73 3548/200/73 3551/104/73
f 3552/214/74 3547/327/74 3542/206/74 3544/105/74
f 3569/184/69 3565/208/69 3553/97/69 3557/5/69
f 3558/167/70 3555/166/70 3559/303/70 3562/331/70
f 3554/50/71 3567/58/71 3573/63/71 3560/54/71
f 3570/164/72 3556/52/72 3564/169/72 3574/305/72
f 3563/86/73 3561/213/73 3572/200/73 3575/104/73
f 3576/214/74 3571/327/74 3566/206/74 3568/105/74
f 3593/184/69 3589/208/69 3577/97/69 3581/5/69
f 3582/167/70 3579/166/70 3583/303/70 3586/331/70
f 3578/50/71 3591/58/71 3597/63/71 3584/54/71
f 3594/164/72 3580/52/72 3588/169/72 3598/305/72
f 3587/86/73 3585/213/73 3596/200/73 3599/104/73
f 3600/214/74 3595/327/74 3590/206/74 3592/105/74
f 3617/184/69 3613/208/69 3601/97/69 3605/5/69
f 3606/215/70 3603/173/70 3607/303/70 3610/331/70
f 3602/64/71 3615/70/71 3621/63/71 3608/54/71
f 3618/172/72 3604/66/72 3612/169/72 3622/305/72
f 3611/86/73 3609/213/73 3620/200/73 3623/104/73
f 3624/214/74 3619/327/74 3614/175/74 3616/71/74
f 3641/184/69 3637/208/69 3625/97/69 3629/44/69
f 3630/215/70 3627/173/70 3631/307/70 3634/312/70
f 3626/64/71 3639/70/71 3645/74/71 3632/68/71
f 3642/172/72 3628/66/72 3636/176/72 3646/309/72
f 3635/86/73 3633/213/73 3644/211/73 3647/104/73
f 3648/171/74 3643/313/74 3638/175/74 3640/71/74
f 3665/351/69 3661/352/69 3649/353/69 3653/44/69
f 3654/210/70 3651/238/70 3655/354/70 3658/355/70
f 3650/26/71 3663/34/71 3669/122/71 3656/93/71
f 3666/18/72 3652/4/72 3660/12/72 3670/22/72
f 3659/124/73 3657/242/73 3668/240/73 3671/127/73
f 3672/231/74 3667/356/74 3662/245/74 3664/125/74
f 3689/351/69 3685/352/69 3673/353/69 3677/85/69
f 3678/210/70 3675/238/70 3679/357/70 3682/358/70
f 3674/26/71 3687/34/71 3693/40/71 3680/27/71
f 3690/18/72 3676/4/72 3684/161/72 3694/301/72
f 3683/124/73 3681/242/73 3692/240/73 3695/127/73
f 3696/191/74 3691/359/74 3686/245/74 3688/125/74
f 3713/351/69 3709/352/69 3697/353/69 3701/44/69
f 3702/210/70 3699/238/70 3703/357/70 3706/358/70
f 3698/26/71 3711/34/71 3717/40/71 3704/27/71
f 3714/18/72 3700/4/72 3708/161/72 3718/301/72
f 3707/124/73 3705/242/73 3716/240/73 3719/127/73
f 3720/191/74 3715/359/74 3710/245/74 3712/125/74
f 3737/351/69 3733/352/69 3721/353/69 3725/85/69
f 3726/210/70 3723/238/70 3727/357/70 3730/358/70
f 3722/26/71 3735/34/71 3741/40/71 3728/27/71
f 3738/18/72 3724/4/72 3732/161/72 3742/301/72
f 3731/124/73 3729/242/73 3740/240/73 3743/127/73
f 3744/191/74 3739/359/74 3734/245/74 3736/125/74
f 3761/351/69 3757/352/69 3745/353/69 3749/44/69
f 3750/247/70 3747/246/70 3751/360/70 3754/321/70
f 3746/50/71 3759/58/71 3765/63/71 3752/54/71
f 3762/164/72 3748/52/72 3756/169/72 3766/305/72
f 3755/124/73 3753/242/73 3764/240/73 3767/127/73
f 3768/214/74 3763/361/74 3758/248/74 3760/129/74
f 3785/351/69 3781/352/69 3769/353/69 3773/130/69
f 3774/247/70 3771/246/70 3775/360/70 3778/321/70
f 3770/50/71 3783/58/71 3789/63/71 3776/54/71
f 3786/164/72 3772/52/72 3780/169/72 3790/305/72
f 3779/124/73 3777/242/73 3788/240/73 3791/127/73
f 3792/214/74 3787/361/74 3782/248/74 3784/129/74
f 3809/351/69 3805/352/69 3793/353/69 3797/131/69
f 3798/247/70 3795/246/70 3799/360/70 3802/321/70
f 3794/50/71 3807/58/71 3813/63/71 3800/54/71
f 3810/164/72 3796/52/72 3804/169/72 3814/305/72
f 3803/124/73 3801/242/73 3812/240/73 3815/127/73
f 3816/214/74 3811/361/74 3806/248/74 3808/129/74
f 3833/351/69 3829/352/69 3817/353/69 3821/130/69
f 3822/247/70 3819/246/70 3823/360/70 3826/321/70
f 3818/50/71 3831/58/71 3837/63/71 3824/54/71
f 3834/164/72 3820/52/72 3828/169/72 3838/305/72
f 3827/124/73 3825/242/73 3836/240/73 3839/127/73
f 3840/214/74 3835/361/74 3830/248/74 3832/129/74
f 3857/351/69 3853/352/69 3841/353/69 3845/131/69
f 3846/174/70 3843/249/70 3847/362/70 3850/312/70
f 3842/64/71 3855/70/71 3861/74/71 3848/68/71
f 3858/172/72 3844/66/72 3852/176/72 3862/309/72
f 3851/124/73 3849/242/73 3860/240/73 3863/127/73
f 3864/171/74 3859/363/74 3854/250/74 3856/71/74
f 4631/190/70 4628/364/70 3865/362/70 3868/341/70
f 3869/124/73 3867/242/73 3872/240/73 3875/127/73
f 4627/181/71 4630/282/71 3873/75/71 3866/68/71
f 4625/177/72 4632/284/72 3870/280/72 3874/178/72
f 3876/342/74 3871/365/74 4629/366/74 4626/367/74
f 3882/254/70 3877/296/70 4707/295/70 4712/255/70
f 3888/251/69 3883/253/69 3878/133/69 3881/134/69
f 3879/26/71 3885/47/71 4709/282/71 4708/181/71
f 3886/18/72 3880/85/72 4711/284/72 4706/177/72
f 4705/294/74 4710/252/74 3884/137/74 3887/138/74
f 3905/251/69 3901/253/69 3889/133/69 3893/140/69
f 3894/257/70 3891/238/70 3895/368/70 3898/369/70
f 3890/26/71 3903/34/71 3909/40/71 3896/27/71
f 3906/18/72 3892/4/72 3900/161/72 3910/301/72
f 3899/142/73 3897/262/73 3908/260/73 3911/144/73
f 3912/256/74 3907/359/74 3902/264/74 3904/143/74
f 3929/251/69 3925/253/69 3913/133/69 3917/110/69
f 3918/257/70 3915/238/70 3919/368/70 3922/369/70
f 3914/26/71 3927/47/71 3933/40/71 3920/27/71
f 3930/18/72 3916/4/72 3924/161/72 3934/301/72
f 3923/142/73 3921/262/73 3932/260/73 3935/144/73
f 3936/256/74 3931/359/74 3926/264/74 3928/143/74
f 3953/251/69 3949/253/69 3937/133/69 3941/5/69
f 3942/257/70 3939/238/70 3943/368/70 3946/369/70
f 3938/26/71 3951/47/71 3957/40/71 3944/27/71
f 3954/18/72 3940/4/72 3948/161/72 3958/301/72
f 3947/142/73 3945/262/73 3956/260/73 3959/144/73
f 3960/256/74 3955/359/74 3950/264/74 3952/143/74
f 3977/251/69 3973/253/69 3961/133/69 3965/146/69
f 3966/266/70 3963/265/70 3967/368/70 3970/369/70
f 3962/50/71 3975/58/71 3981/40/71 3968/27/71
f 3978/164/72 3964/52/72 3972/161/72 3982/301/72
f 3971/142/73 3969/262/73 3980/260/73 3983/144/73
f 3984/256/74 3979/359/74 3974/267/74 3976/147/74
f 4001/251/69 3997/253/69 3985/133/69 3989/140/69
f 3990/266/70 3987/265/70 3991/370/70 3994/371/70
f 3986/50/71 3999/58/71 4005/63/71 3992/54/71
f 4002/164/72 3988/52/72 3996/169/72 4006/305/72
f 3995/142/73 3993/262/73 4004/260/73 4007/144/73
f 4008/268/74 4003/372/74 3998/267/74 4000/147/74
f 4025/251/69 4021/253/69 4009/133/69 4013/146/69
f 4014/266/70 4011/265/70 4015/370/70 4018/371/70
f 4010/50/71 4023/58/71 4029/63/71 4016/54/71
f 4026/164/72 4012/52/72 4020/169/72 4030/305/72
f 4019/142/73 4017/262/73 4028/260/73 4031/144/73
f 4032/268/74 4027/372/74 4022/267/74 4024/147/74
f 4049/251/69 4045/253/69 4033/133/69 4037/140/69
f 4038/266/70 4035/265/70 4039/370/70 4042/371/70
f 4034/50/71 4047/58/71 4053/63/71 4040/54/71
f 4050/164/72 4036/52/72 4044/169/72 4054/305/72
f 4043/142/73 4041/262/73 4052/260/73 4055/144/73
f 4056/268/74 4051/372/74 4046/267/74 4048/147/74
f 4073/251/69 4069/253/69 4057/133/69 4061/146/69
f 4062/270/70 4059/269/70 4063/370/70 4066/371/70
f 4058/64/71 4071/70/71 4077/63/71 4064/54/71
f 4074/172/72 4060/66/72 4068/169/72 4078/305/72
f 4067/142/73 4065/262/73 4076/260/73 4079/144/73
f 4080/268/74 4075/372/74 4070/271/74 4072/148/74
f 4097/251/69 4093/253/69 4081/133/69 4085/5/69
f 4086/270/70 4083/269/70 4087/373/70 4090/340/70
f 4082/64/71 4095/70/71 4101/74/71 4088/68/71
f 4098/172/72 4084/66/72 4092/176/72 4102/309/72
f 4091/142/73 4089/262/73 4100/260/73 4103/144/73
f 4104/272/74 4099/363/74 4094/271/74 4096/148/74
f 4121/251/69 4117/253/69 4105/133/69 4109/110/69
f 4110/257/70 4107/238/70 4111/374/70 4114/375/70
f 4106/26/71 4119/47/71 4125/94/71 4112/93/71
f 4122/18/72 4108/4/72 4116/12/72 4126/22/72
f 4115/142/73 4113/262/73 4124/260/73 4127/144/73
f 4128/273/74 4123/376/74 4118/264/74 4120/143/74
f 4145/251/69 4141/253/69 4129/133/69 4133/5/69
f 4134/257/70 4131/238/70 4135/368/70 4138/369/70
f 4130/26/71 4143/47/71 4149/40/71 4136/27/71
f 4146/18/72 4132/4/72 4140/161/72 4150/301/72
f 4139/142/73 4137/262/73 4148/260/73 4151/144/73
f 4152/256/74 4147/359/74 4142/264/74 4144/143/74
f 4169/251/69 4165/253/69 4153/133/69 4157/146/69
f 4158/257/70 4155/238/70 4159/368/70 4162/369/70
f 4154/26/71 4167/47/71 4173/40/71 4160/27/71
f 4170/18/72 4156/4/72 4164/161/72 4174/301/72
f 4163/142/73 4161/262/73 4172/260/73 4175/144/73
f 4176/256/74 4171/359/74 4166/264/74 4168/143/74
f 4193/251/69 4189/253/69 4177/133/69 4181/140/69
f 4182/257/70 4179/238/70 4183/368/70 4186/369/70
f 4178/26/71 4191/47/71 4197/40/71 4184/27/71
f 4194/18/72 4180/4/72 4188/161/72 4198/301/72
f 4187/142/73 4185/262/73 4196/260/73 4199/144/73
f 4200/256/74 4195/359/74 4190/264/74 4192/143/74
f 4217/251/69 4213/253/69 4201/133/69 4205/146/69
f 4206/266/70 4203/265/70 4207/370/70 4210/371/70
f 4202/50/71 4215/58/71 4221/63/71 4208/54/71
f 4218/164/72 4204/52/72 4212/169/72 4222/305/72
f 4211/142/73 4209/262/73 4220/260/73 4223/144/73
f 4224/268/74 4219/372/74 4214/267/74 4216/147/74
f 4241/251/69 4237/253/69 4225/133/69 4229/5/69
f 4230/266/70 4227/265/70 4231/370/70 4234/371/70
f 4226/50/71 4239/58/71 4245/63/71 4232/54/71
f 4242/164/72 4228/52/72 4236/169/72 4246/305/72
f 4235/142/73 4233/262/73 4244/260/73 4247/144/73
f 4248/268/74 4243/372/74 4238/267/74 4240/147/74
f 4265/251/69 4261/253/69 4249/133/69 4253/110/69
f 4254/266/70 4251/265/70 4255/370/70 4258/371/70
f 4250/50/71 4263/58/71 4269/63/71 4256/54/71
f 4266/164/72 4252/52/72 4260/169/72 4270/305/72
f 4259/142/73 4257/262/73 4268/260/73 4271/144/73
f 4272/268/74 4267/372/74 4262/267/74 4264/147/74
f 4289/251/69 4285/253/69 4273/133/69 4277/5/69
f 4278/266/70 4275/265/70 4279/370/70 4282/371/70
f 4274/50/71 4287/58/71 4293/63/71 4280/54/71
f 4290/164/72 4276/52/72 4284/169/72 4294/305/72
f 4283/142/73 4281/262/73 4292/260/73 4295/144/73
f 4296/268/74 4291/372/74 4286/267/74 4288/147/74
f 4313/251/69 4309/253/69 4297/133/69 4301/110/69
f 4302/270/70 4299/269/70 4303/373/70 4306/340/70
f 4298/64/71 4311/70/71 4317/74/71 4304/68/71
f 4314/172/72 4300/66/72 4308/176/72 4318/309/72
f 4307/142/73 4305/262/73 4316/260/73 4319/144/73
f 4320/272/74 4315/363/74 4310/271/74 4312/148/74
f 4639/377/70 4636/378/70 4321/379/70 4324/380/70
f 4325/142/73 4323/262/73 4328/260/73 4331/144/73
f 4635/276/71 4638/285/71 4329/120/71 4322/119/71
f 4633/274/72 4640/287/72 4326/283/72 4330/236/72
f 4332/381/74 4327/363/74 4637/382/74 4634/383/74
f 4338/254/70 4333/296/70 4715/295/70 4720/255/70
f 4344/251/69 4339/253/69 4334/133/69 4337/134/69
f 4335/26/71 4341/47/71 4717/282/71 4716/181/71
f 4342/18/72 4336/85/72 4719/284/72 4714/177/72
f 4713/294/74 4718/252/74 4340/137/74 4343/138/74
f 4361/251/69 4357/253/69 4345/133/69 4349/146/69
f 4350/257/70 4347/238/70 4351/368/70 4354/369/70
f 4346/26/71 4359/34/71 4365/40/71 4352/27/71
f 4362/18/72 4348/4/72 4356/161/72 4366/301/72
f 4355/142/73 4353/262/73 4364/260/73 4367/144/73
f 4368/256/74 4363/359/74 4358/264/74 4360/143/74
f 4385/251/69 4381/253/69 4369/133/69 4373/5/69
f 4374/257/70 4371/238/70 4375/368/70 4378/369/70
f 4370/26/71 4383/47/71 4389/40/71 4376/27/71
f 4386/18/72 4372/4/72 4380/161/72 4390/301/72
f 4379/142/73 4377/262/73 4388/260/73 4391/144/73
f 4392/256/74 4387/359/74 4382/264/74 4384/143/74
f 4409/251/69 4405/253/69 4393/133/69 4397/110/69
f 4398/257/70 4395/238/70 4399/368/70 4402/369/70
f 4394/26/71 4407/47/71 4413/40/71 4400/27/71
f 4410/18/72 4396/4/72 4404/161/72 4414/301/72
f 4403/142/73 4401/262/73 4412/260/73 4415/144/73
f 4416/256/74 4411/359/74 4406/264/74 4408/143/74
f 4433/251/69 4429/253/69 4417/133/69 4421/140/69
f 4422/266/70 4419/265/70 4423/368/70 4426/369/70
f 4418/50/71 4431/58/71 4437/40/71 4424/27/71
f 4434/164/72 4420/52/72 4428/161/72 4438/301/72
f 4427/142/73 4425/262/73 4436/260/73 4439/144/73
f 4440/256/74 4435/359/74 4430/267/74 4432/147/74
f 4457/251/69 4453/253/69 4441/133/69 4445/146/69
f 4446/266/70 4443/265/70 4447/370/70 4450/371/70
f 4442/50/71 4455/58/71 4461/63/71 4448/54/71
f 4458/164/72 4444/52/72 4452/169/72 4462/305/72
f 4451/142/73 4449/262/73 4460/260/73 4463/144/73
f 4464/268/74 4459/372/74 4454/267/74 4456/147/74
f 4481/251/69 4477/253/69 4465/133/69 4469/140/69
f 4470/266/70 4467/265/70 4471/370/70 4474/371/70
f 4466/50/71 4479/58/71 4485/63/71 4472/54/71
f 4482/164/72 4468/52/72 4476/169/72 4486/305/72
f 4475/142/73 4473/262/73 4484/260/73 4487/144/73
f 4488/268/74 4483/372/74 4478/267/74 4480/147/74
f 4505/251/69 4501/253/69 4489/133/69 4493/146/69
f 4494/266/70 4491/265/70 4495/370/70 4498/371/70
f 4490/50/71 4503/58/71 4509/63/71 4496/54/71
f 4506/164/72 4492/52/72 4500/169/72 4510/305/72
f 4499/142/73 4497/262/73 4508/260/73 4511/144/73
f 4512/268/74 4507/372/74 4502/267/74 4504/147/74
f 4529/251/69 4525/253/69 4513/133/69 4517/140/69
f 4518/270/70 4515/269/70 4519/370/70 4522/371/70
f 4514/64/71 4527/70/71 4533/63/71 4520/54/71
f 4530/172/72 4516/66/72 4524/169/72 4534/305/72
f 4523/142/73 4521/262/73 4532/260/73 4535/144/73
f 4536/268/74 4531/372/74 4526/271/74 4528/148/74
f 4553/251/69 4549/253/69 4537/133/69 4541/110/69
f 4542/270/70 4539/269/70 4543/373/70 4546/340/70
f 4538/64/71 4551/70/71 4557/74/71 4544/68/71
f 4554/172/72 4540/66/72 4548/176/72 4558/309/72
f 4547/142/73 4545/262/73 4556/260/73 4559/144/73
f 4560/272/74 4555/363/74 4550/271/74 4552/148/74
